rental_id,branch,vehicle_type,rental_start,rental_end,rental_hours,price,feedback_score,maintenance_required
1,HCM District 1,Electric Scooter,2025-02-21,2025-02-22 22:00:00,46,598,5,1
2,HCM District 1,Bike,2025-03-14,2025-03-14 12:00:00,12,180,2,1
3,Hanoi Center,Electric Scooter,2025-01-20,2025-01-21 06:00:00,30,150,2,0
4,HCM District 1,Electric Scooter,2025-10-06,2025-10-08 17:00:00,65,845,1,1
5,HCM District 1,Car,2025-07-05,2025-07-05 07:00:00,7,84,2,0
6,Da Nang City,Car,2025-05-06,2025-05-08 02:00:00,50,250,5,1
7,Hanoi Center,Electric Scooter,2025-09-02,2025-09-02 23:00:00,23,299,4,0
8,Hanoi Center,Bike,2025-09-19,2025-09-21 16:00:00,64,1216,3,0
9,Hanoi Center,Bike,2025-01-15,2025-01-17 11:00:00,59,649,1,0
10,Hanoi Center,Electric Scooter,2025-01-22,2025-01-23 12:00:00,36,396,3,1
11,Hanoi Center,Electric Scooter,2025-07-19,2025-07-19 06:00:00,6,108,2,0
12,HCM District 1,Electric Scooter,2025-09-06,2025-09-07 00:00:00,24,312,2,1
13,Hanoi Center,Bike,2025-08-29,2025-08-30 20:00:00,44,660,5,0
14,Da Nang City,Bike,2025-07-23,2025-07-25 06:00:00,54,702,4,1
15,Hanoi Center,Car,2025-05-21,2025-05-21 10:00:00,10,90,1,0
16,Hanoi Center,Car,2025-10-24,2025-10-25 20:00:00,44,484,5,1
17,HCM District 1,Bike,2025-01-13,2025-01-15 15:00:00,63,1197,2,0
18,HCM District 1,Bike,2025-01-10,2025-01-10 19:00:00,19,361,3,0
19,Hanoi Center,Bike,2025-08-01,2025-08-04 00:00:00,72,1152,4,1
20,Hanoi Center,Electric Scooter,2025-04-13,2025-04-13 08:00:00,8,88,1,0
21,Da Nang City,Bike,2025-09-13,2025-09-14 09:00:00,33,429,1,0
22,Hanoi Center,Electric Scooter,2025-09-01,2025-09-03 14:00:00,62,620,2,1
23,Da Nang City,Electric Scooter,2025-08-28,2025-08-30 09:00:00,57,1083,2,1
24,Hanoi Center,Bike,2025-02-18,2025-02-20 18:00:00,66,726,4,0
25,Da Nang City,Electric Scooter,2025-09-17,2025-09-18 21:00:00,45,405,1,1
26,HCM District 1,Bike,2025-09-11,2025-09-13 22:00:00,70,1400,2,1
27,Hanoi Center,Car,2025-02-11,2025-02-13 12:00:00,60,1020,2,0
28,Hanoi Center,Electric Scooter,2025-03-23,2025-03-24 17:00:00,41,328,2,0
29,Da Nang City,Car,2025-10-08,2025-10-08 10:00:00,10,150,3,0
30,Hanoi Center,Electric Scooter,2025-10-22,2025-10-23 07:00:00,31,589,4,0
31,HCM District 1,Electric Scooter,2025-05-12,2025-05-14 09:00:00,57,456,4,0
32,HCM District 1,Bike,2025-01-15,2025-01-17 09:00:00,57,1140,1,1
33,HCM District 1,Electric Scooter,2025-01-18,2025-01-21 00:00:00,72,432,3,1
34,Hanoi Center,Car,2025-07-18,2025-07-20 21:00:00,69,1242,3,1
35,Hanoi Center,Bike,2025-01-03,2025-01-04 21:00:00,45,225,4,1
36,Hanoi Center,Electric Scooter,2025-03-28,2025-03-30 01:00:00,49,392,4,0
37,HCM District 1,Car,2025-04-01,2025-04-02 17:00:00,41,738,4,1
38,Da Nang City,Car,2025-03-26,2025-03-28 10:00:00,58,1044,1,1
39,HCM District 1,Car,2025-09-19,2025-09-20 04:00:00,28,504,2,0
40,Da Nang City,Car,2025-06-18,2025-06-20 15:00:00,63,693,3,0
41,HCM District 1,Car,2025-02-27,2025-02-27 06:00:00,6,102,2,0
42,Da Nang City,Bike,2025-05-27,2025-05-29 21:00:00,69,345,1,0
43,Hanoi Center,Car,2025-02-12,2025-02-14 11:00:00,59,472,4,1
44,HCM District 1,Car,2025-10-21,2025-10-23 09:00:00,57,1083,2,0
45,Hanoi Center,Bike,2025-01-28,2025-01-29 16:00:00,40,480,2,0
46,Da Nang City,Bike,2025-10-09,2025-10-09 23:00:00,23,299,2,1
47,HCM District 1,Electric Scooter,2025-05-04,2025-05-05 15:00:00,39,624,5,0
48,HCM District 1,Electric Scooter,2025-08-09,2025-08-11 22:00:00,70,560,1,0
49,Hanoi Center,Bike,2025-05-17,2025-05-18 23:00:00,47,658,4,1
50,Hanoi Center,Electric Scooter,2025-08-27,2025-08-29 09:00:00,57,627,5,0
51,HCM District 1,Bike,2025-07-05,2025-07-07 07:00:00,55,715,3,1
52,Da Nang City,Electric Scooter,2025-04-29,2025-04-30 10:00:00,34,578,5,0
53,Da Nang City,Bike,2025-04-05,2025-04-06 20:00:00,44,792,2,1
54,Hanoi Center,Bike,2025-04-15,2025-04-17 08:00:00,56,1008,5,0
55,HCM District 1,Electric Scooter,2025-07-09,2025-07-11 00:00:00,48,912,1,0
56,Da Nang City,Car,2025-10-11,2025-10-12 12:00:00,36,504,2,1
57,Hanoi Center,Electric Scooter,2025-10-22,2025-10-23 15:00:00,39,390,5,0
58,Da Nang City,Electric Scooter,2025-06-28,2025-06-29 23:00:00,47,376,5,1
59,Hanoi Center,Car,2025-03-11,2025-03-13 09:00:00,57,1026,1,0
60,Hanoi Center,Car,2025-04-05,2025-04-05 12:00:00,12,228,1,0
61,Da Nang City,Bike,2025-06-12,2025-06-12 17:00:00,17,136,2,1
62,Hanoi Center,Bike,2025-08-16,2025-08-17 13:00:00,37,259,1,0
63,Hanoi Center,Electric Scooter,2025-03-04,2025-03-06 00:00:00,48,336,2,0
64,Da Nang City,Car,2025-08-27,2025-08-28 09:00:00,33,396,2,0
65,Hanoi Center,Bike,2025-06-26,2025-06-27 07:00:00,31,496,3,1
66,Hanoi Center,Electric Scooter,2025-04-15,2025-04-17 03:00:00,51,867,4,0
67,Hanoi Center,Bike,2025-07-18,2025-07-18 13:00:00,13,169,3,1
68,Hanoi Center,Car,2025-02-14,2025-02-15 09:00:00,33,462,4,0
69,Da Nang City,Electric Scooter,2025-04-07,2025-04-09 17:00:00,65,780,2,1
70,Hanoi Center,Car,2025-10-03,2025-10-04 02:00:00,26,286,3,0
71,HCM District 1,Bike,2025-04-27,2025-04-28 11:00:00,35,420,4,0
72,HCM District 1,Car,2025-07-13,2025-07-15 12:00:00,60,840,5,0
73,Da Nang City,Car,2025-09-10,2025-09-10 23:00:00,23,391,1,1
74,Hanoi Center,Car,2025-02-11,2025-02-13 21:00:00,69,483,4,1
75,Da Nang City,Electric Scooter,2025-10-19,2025-10-20 17:00:00,41,451,1,1
76,HCM District 1,Bike,2025-09-16,2025-09-16 20:00:00,20,240,4,1
77,HCM District 1,Car,2025-07-23,2025-07-24 19:00:00,43,387,5,1
78,Hanoi Center,Bike,2025-06-28,2025-06-28 21:00:00,21,147,2,0
79,HCM District 1,Electric Scooter,2025-10-15,2025-10-15 01:00:00,1,11,2,0
80,Hanoi Center,Car,2025-08-31,2025-08-31 02:00:00,2,38,3,1
81,Hanoi Center,Bike,2025-08-20,2025-08-22 13:00:00,61,366,4,1
82,Hanoi Center,Bike,2025-01-23,2025-01-25 05:00:00,53,424,2,1
83,HCM District 1,Car,2025-04-18,2025-04-20 18:00:00,66,726,5,1
84,HCM District 1,Car,2025-06-17,2025-06-17 09:00:00,9,171,4,1
85,Da Nang City,Car,2025-03-19,2025-03-21 07:00:00,55,1045,4,1
86,Hanoi Center,Electric Scooter,2025-02-02,2025-02-03 03:00:00,27,459,4,0
87,Da Nang City,Bike,2025-04-23,2025-04-24 23:00:00,47,470,4,1
88,Da Nang City,Car,2025-04-24,2025-04-24 11:00:00,11,176,4,1
89,Hanoi Center,Bike,2025-06-10,2025-06-11 14:00:00,38,760,4,1
90,HCM District 1,Car,2025-03-31,2025-04-02 18:00:00,66,1188,3,0
91,Hanoi Center,Electric Scooter,2025-01-01,2025-01-02 05:00:00,29,464,4,1
92,Hanoi Center,Bike,2025-01-09,2025-01-09 10:00:00,10,180,1,0
93,Hanoi Center,Bike,2025-07-23,2025-07-25 00:00:00,48,768,4,1
94,Hanoi Center,Bike,2025-08-24,2025-08-26 16:00:00,64,1216,4,0
95,HCM District 1,Electric Scooter,2025-09-04,2025-09-04 07:00:00,7,35,3,0
96,HCM District 1,Car,2025-08-25,2025-08-26 14:00:00,38,532,1,1
97,HCM District 1,Electric Scooter,2025-04-28,2025-04-28 20:00:00,20,160,1,1
98,HCM District 1,Car,2025-01-10,2025-01-12 13:00:00,61,732,4,1
99,HCM District 1,Car,2025-10-17,2025-10-19 23:00:00,71,1065,2,1
100,HCM District 1,Electric Scooter,2025-04-09,2025-04-11 08:00:00,56,616,1,1
101,HCM District 1,Electric Scooter,2025-04-10,2025-04-11 19:00:00,43,602,4,0
102,Hanoi Center,Electric Scooter,2025-03-17,2025-03-17 22:00:00,22,440,5,1
103,Da Nang City,Bike,2025-03-28,2025-03-30 18:00:00,66,660,3,1
104,HCM District 1,Electric Scooter,2025-05-03,2025-05-04 18:00:00,42,714,4,1
105,Hanoi Center,Bike,2025-06-02,2025-06-04 05:00:00,53,1060,4,0
106,Hanoi Center,Electric Scooter,2025-10-02,2025-10-04 20:00:00,68,884,3,1
107,Hanoi Center,Electric Scooter,2025-07-14,2025-07-16 06:00:00,54,810,2,1
108,Da Nang City,Car,2025-09-16,2025-09-16 02:00:00,2,32,5,1
109,Da Nang City,Car,2025-07-08,2025-07-10 03:00:00,51,357,2,1
110,Hanoi Center,Bike,2025-02-05,2025-02-06 02:00:00,26,390,4,0
111,Da Nang City,Electric Scooter,2025-02-13,2025-02-13 20:00:00,20,260,3,0
112,Da Nang City,Electric Scooter,2025-03-25,2025-03-26 20:00:00,44,396,2,1
113,Hanoi Center,Bike,2025-06-06,2025-06-06 23:00:00,23,253,3,1
114,Da Nang City,Bike,2025-05-02,2025-05-04 00:00:00,48,960,2,1
115,Hanoi Center,Bike,2025-07-03,2025-07-04 18:00:00,42,420,4,0
116,Da Nang City,Car,2025-03-13,2025-03-15 00:00:00,48,864,2,0
117,HCM District 1,Car,2025-06-02,2025-06-02 05:00:00,5,65,5,0
118,Da Nang City,Car,2025-06-19,2025-06-21 11:00:00,59,1121,2,1
119,HCM District 1,Bike,2025-03-08,2025-03-08 08:00:00,8,120,1,0
120,Da Nang City,Bike,2025-06-11,2025-06-11 05:00:00,5,35,3,0
121,Da Nang City,Electric Scooter,2025-03-04,2025-03-06 17:00:00,65,455,1,1
122,Da Nang City,Bike,2025-04-23,2025-04-25 07:00:00,55,550,4,1
123,Da Nang City,Electric Scooter,2025-09-11,2025-09-11 05:00:00,5,65,2,1
124,Hanoi Center,Car,2025-09-14,2025-09-14 08:00:00,8,72,3,1
125,Hanoi Center,Bike,2025-07-05,2025-07-06 04:00:00,28,140,5,0
126,HCM District 1,Bike,2025-08-06,2025-08-08 15:00:00,63,441,2,1
127,Da Nang City,Bike,2025-10-20,2025-10-21 20:00:00,44,572,5,0
128,HCM District 1,Electric Scooter,2025-01-27,2025-01-29 13:00:00,61,1220,4,1
129,Da Nang City,Electric Scooter,2025-02-27,2025-02-28 15:00:00,39,624,1,1
130,HCM District 1,Bike,2025-10-27,2025-10-28 15:00:00,39,312,3,0
131,HCM District 1,Bike,2025-05-18,2025-05-20 13:00:00,61,305,4,0
132,HCM District 1,Car,2025-09-07,2025-09-08 13:00:00,37,222,4,0
133,Hanoi Center,Electric Scooter,2025-06-06,2025-06-07 19:00:00,43,215,3,0
134,HCM District 1,Bike,2025-03-24,2025-03-26 00:00:00,48,432,4,0
135,HCM District 1,Car,2025-01-06,2025-01-06 09:00:00,9,99,1,1
136,Da Nang City,Car,2025-06-23,2025-06-25 16:00:00,64,576,3,1
137,HCM District 1,Electric Scooter,2025-02-02,2025-02-02 19:00:00,19,266,5,1
138,HCM District 1,Car,2025-03-08,2025-03-10 05:00:00,53,530,5,1
139,Hanoi Center,Bike,2025-09-23,2025-09-26 00:00:00,72,1440,3,1
140,HCM District 1,Electric Scooter,2025-03-26,2025-03-27 12:00:00,36,648,5,1
141,Da Nang City,Electric Scooter,2025-07-06,2025-07-08 01:00:00,49,882,1,1
142,Da Nang City,Electric Scooter,2025-08-20,2025-08-20 06:00:00,6,96,3,1
143,Hanoi Center,Bike,2025-07-07,2025-07-09 23:00:00,71,1207,3,1
144,Hanoi Center,Bike,2025-06-11,2025-06-12 22:00:00,46,874,3,0
145,Hanoi Center,Electric Scooter,2025-05-13,2025-05-14 05:00:00,29,232,5,1
146,Da Nang City,Bike,2025-01-09,2025-01-11 22:00:00,70,1330,1,1
147,Da Nang City,Electric Scooter,2025-10-24,2025-10-24 08:00:00,8,104,1,0
148,Da Nang City,Car,2025-05-03,2025-05-05 22:00:00,70,840,3,0
149,HCM District 1,Car,2025-01-28,2025-01-30 23:00:00,71,1278,1,1
150,HCM District 1,Electric Scooter,2025-09-04,2025-09-06 10:00:00,58,522,5,0
151,Hanoi Center,Electric Scooter,2025-09-09,2025-09-11 14:00:00,62,682,1,0
152,HCM District 1,Bike,2025-02-04,2025-02-06 01:00:00,49,441,2,0
153,HCM District 1,Car,2025-02-16,2025-02-16 23:00:00,23,230,2,0
154,Da Nang City,Car,2025-04-02,2025-04-03 04:00:00,28,280,3,1
155,Hanoi Center,Bike,2025-04-24,2025-04-25 06:00:00,30,150,2,1
156,Hanoi Center,Car,2025-08-29,2025-08-31 15:00:00,63,1071,2,0
157,Hanoi Center,Car,2025-08-27,2025-08-28 11:00:00,35,245,1,1
158,Da Nang City,Car,2025-03-02,2025-03-04 04:00:00,52,468,3,0
159,Da Nang City,Electric Scooter,2025-08-09,2025-08-10 08:00:00,32,256,5,1
160,Da Nang City,Bike,2025-01-01,2025-01-03 07:00:00,55,935,3,1
161,Hanoi Center,Electric Scooter,2025-09-14,2025-09-16 15:00:00,63,630,4,1
162,HCM District 1,Car,2025-04-13,2025-04-13 16:00:00,16,240,2,1
163,Hanoi Center,Electric Scooter,2025-02-27,2025-03-01 18:00:00,66,990,4,1
164,Da Nang City,Car,2025-10-08,2025-10-08 03:00:00,3,18,1,1
165,Da Nang City,Bike,2025-04-16,2025-04-16 07:00:00,7,56,2,1
166,HCM District 1,Bike,2025-02-11,2025-02-12 02:00:00,26,234,2,1
167,HCM District 1,Bike,2025-09-10,2025-09-10 04:00:00,4,56,5,1
168,Hanoi Center,Bike,2025-09-15,2025-09-17 00:00:00,48,912,4,1
169,Da Nang City,Electric Scooter,2025-09-07,2025-09-08 17:00:00,41,615,3,0
170,Hanoi Center,Bike,2025-09-29,2025-09-30 17:00:00,41,779,1,1
171,Da Nang City,Car,2025-07-01,2025-07-03 20:00:00,68,544,2,0
172,HCM District 1,Car,2025-05-07,2025-05-07 21:00:00,21,231,1,0
173,Da Nang City,Electric Scooter,2025-05-20,2025-05-21 21:00:00,45,720,3,0
174,HCM District 1,Electric Scooter,2025-03-24,2025-03-26 08:00:00,56,840,5,1
175,Hanoi Center,Electric Scooter,2025-07-17,2025-07-18 15:00:00,39,390,2,0
176,HCM District 1,Bike,2025-06-28,2025-06-28 01:00:00,1,13,2,1
177,HCM District 1,Bike,2025-02-06,2025-02-06 12:00:00,12,120,2,0
178,HCM District 1,Electric Scooter,2025-09-19,2025-09-19 11:00:00,11,154,1,0
179,HCM District 1,Electric Scooter,2025-03-04,2025-03-05 23:00:00,47,658,1,0
180,Hanoi Center,Electric Scooter,2025-03-13,2025-03-15 23:00:00,71,994,1,0
181,Hanoi Center,Electric Scooter,2025-10-14,2025-10-15 21:00:00,45,315,4,0
182,HCM District 1,Electric Scooter,2025-09-29,2025-09-30 23:00:00,47,329,3,0
183,Da Nang City,Electric Scooter,2025-08-22,2025-08-24 23:00:00,71,1420,5,0
184,Da Nang City,Electric Scooter,2025-04-16,2025-04-18 00:00:00,48,432,1,0
185,Da Nang City,Car,2025-06-19,2025-06-19 01:00:00,1,10,1,1
186,Da Nang City,Car,2025-10-11,2025-10-11 07:00:00,7,133,1,0
187,HCM District 1,Bike,2025-01-03,2025-01-04 12:00:00,36,504,4,0
188,Da Nang City,Bike,2025-01-20,2025-01-21 03:00:00,27,216,3,0
189,Hanoi Center,Car,2025-04-15,2025-04-16 05:00:00,29,261,4,0
190,Da Nang City,Car,2025-10-13,2025-10-13 21:00:00,21,252,5,0
191,HCM District 1,Electric Scooter,2025-01-18,2025-01-19 12:00:00,36,540,3,0
192,Hanoi Center,Bike,2025-03-24,2025-03-24 01:00:00,1,19,3,1
193,Da Nang City,Car,2025-04-08,2025-04-09 12:00:00,36,648,4,0
194,Hanoi Center,Car,2025-06-15,2025-06-18 00:00:00,72,1368,5,1
195,Hanoi Center,Bike,2025-01-20,2025-01-21 00:00:00,24,168,3,1
196,Da Nang City,Electric Scooter,2025-03-24,2025-03-26 05:00:00,53,795,2,1
197,Da Nang City,Electric Scooter,2025-09-23,2025-09-25 14:00:00,62,372,1,1
198,Da Nang City,Car,2025-06-11,2025-06-11 21:00:00,21,252,4,1
199,Hanoi Center,Bike,2025-05-17,2025-05-20 00:00:00,72,1224,5,0
200,Hanoi Center,Electric Scooter,2025-06-05,2025-06-06 15:00:00,39,273,4,1
201,HCM District 1,Electric Scooter,2025-01-21,2025-01-22 12:00:00,36,180,1,1
202,HCM District 1,Car,2025-05-07,2025-05-07 11:00:00,11,220,4,0
203,Da Nang City,Electric Scooter,2025-01-22,2025-01-22 16:00:00,16,256,4,1
204,HCM District 1,Electric Scooter,2025-01-21,2025-01-22 22:00:00,46,644,4,1
205,HCM District 1,Electric Scooter,2025-06-24,2025-06-26 03:00:00,51,612,4,1
206,HCM District 1,Bike,2025-08-22,2025-08-23 23:00:00,47,799,4,1
207,Da Nang City,Electric Scooter,2025-09-02,2025-09-03 22:00:00,46,506,2,0
208,Hanoi Center,Car,2025-10-14,2025-10-15 00:00:00,24,240,5,1
209,Da Nang City,Bike,2025-03-15,2025-03-15 02:00:00,2,12,4,0
210,Hanoi Center,Car,2025-03-18,2025-03-19 06:00:00,30,450,4,1
211,HCM District 1,Car,2025-05-13,2025-05-14 21:00:00,45,450,1,0
212,Da Nang City,Car,2025-05-12,2025-05-12 01:00:00,1,18,4,0
213,Da Nang City,Electric Scooter,2025-04-05,2025-04-05 03:00:00,3,57,4,1
214,Hanoi Center,Electric Scooter,2025-03-09,2025-03-11 05:00:00,53,1007,3,1
215,HCM District 1,Car,2025-07-17,2025-07-18 07:00:00,31,465,4,0
216,HCM District 1,Bike,2025-05-20,2025-05-22 05:00:00,53,689,3,0
217,Hanoi Center,Bike,2025-09-21,2025-09-22 10:00:00,34,476,4,1
218,Hanoi Center,Car,2025-05-21,2025-05-23 16:00:00,64,1024,1,1
219,Hanoi Center,Car,2025-01-24,2025-01-25 18:00:00,42,756,4,0
220,Hanoi Center,Car,2025-02-14,2025-02-14 10:00:00,10,90,2,1
221,HCM District 1,Car,2025-02-07,2025-02-08 15:00:00,39,741,1,0
222,Da Nang City,Car,2025-07-12,2025-07-13 00:00:00,24,216,3,1
223,Da Nang City,Bike,2025-02-01,2025-02-01 07:00:00,7,140,3,0
224,Hanoi Center,Car,2025-03-16,2025-03-18 13:00:00,61,854,4,0
225,Hanoi Center,Car,2025-03-14,2025-03-14 09:00:00,9,45,5,0
226,HCM District 1,Electric Scooter,2025-07-09,2025-07-11 03:00:00,51,918,1,0
227,Hanoi Center,Bike,2025-03-18,2025-03-19 14:00:00,38,190,2,0
228,HCM District 1,Bike,2025-01-13,2025-01-15 12:00:00,60,1200,3,0
229,Hanoi Center,Car,2025-04-03,2025-04-05 14:00:00,62,1054,3,0
230,HCM District 1,Electric Scooter,2025-09-17,2025-09-17 23:00:00,23,138,4,0
231,Hanoi Center,Electric Scooter,2025-07-01,2025-07-03 08:00:00,56,896,4,0
232,Hanoi Center,Car,2025-01-30,2025-02-01 04:00:00,52,572,3,0
233,HCM District 1,Bike,2025-02-21,2025-02-22 23:00:00,47,846,1,0
234,HCM District 1,Electric Scooter,2025-07-23,2025-07-23 08:00:00,8,152,1,0
235,Hanoi Center,Bike,2025-05-16,2025-05-18 03:00:00,51,612,1,1
236,Da Nang City,Electric Scooter,2025-05-01,2025-05-02 03:00:00,27,162,4,0
237,HCM District 1,Bike,2025-01-17,2025-01-17 08:00:00,8,88,1,0
238,Da Nang City,Bike,2025-06-24,2025-06-24 07:00:00,7,105,5,0
239,Da Nang City,Electric Scooter,2025-08-04,2025-08-06 09:00:00,57,570,3,1
240,Hanoi Center,Electric Scooter,2025-01-06,2025-01-08 20:00:00,68,1360,5,1
241,Da Nang City,Electric Scooter,2025-08-07,2025-08-07 02:00:00,2,16,5,1
242,Hanoi Center,Bike,2025-02-06,2025-02-08 08:00:00,56,616,4,1
243,Hanoi Center,Bike,2025-10-22,2025-10-23 16:00:00,40,800,3,1
244,Da Nang City,Car,2025-10-02,2025-10-02 10:00:00,10,100,4,0
245,HCM District 1,Electric Scooter,2025-08-24,2025-08-24 09:00:00,9,90,5,0
246,Da Nang City,Electric Scooter,2025-03-03,2025-03-03 16:00:00,16,304,3,0
247,Hanoi Center,Car,2025-05-23,2025-05-24 01:00:00,25,250,2,0
248,Da Nang City,Car,2025-03-06,2025-03-06 03:00:00,3,24,3,0
249,Da Nang City,Electric Scooter,2025-02-11,2025-02-12 17:00:00,41,656,5,0
250,Da Nang City,Electric Scooter,2025-01-02,2025-01-03 15:00:00,39,195,2,1
251,HCM District 1,Bike,2025-05-09,2025-05-10 23:00:00,47,423,5,0
252,Hanoi Center,Bike,2025-03-21,2025-03-23 15:00:00,63,504,4,0
253,HCM District 1,Bike,2025-01-19,2025-01-20 13:00:00,37,703,4,0
254,Da Nang City,Bike,2025-03-28,2025-03-31 00:00:00,72,1080,2,0
255,Da Nang City,Bike,2025-03-28,2025-03-30 23:00:00,71,355,1,0
256,Da Nang City,Bike,2025-02-06,2025-02-06 19:00:00,19,171,2,0
257,Da Nang City,Car,2025-01-08,2025-01-09 17:00:00,41,574,2,0
258,Da Nang City,Car,2025-07-20,2025-07-22 07:00:00,55,440,3,1
259,Da Nang City,Electric Scooter,2025-06-21,2025-06-21 04:00:00,4,40,2,0
260,Hanoi Center,Electric Scooter,2025-08-02,2025-08-04 15:00:00,63,567,5,1
261,Da Nang City,Bike,2025-09-11,2025-09-11 02:00:00,2,10,4,1
262,Hanoi Center,Electric Scooter,2025-10-26,2025-10-26 01:00:00,1,18,1,1
263,Hanoi Center,Electric Scooter,2025-03-05,2025-03-05 19:00:00,19,152,2,1
264,Hanoi Center,Bike,2025-10-09,2025-10-10 19:00:00,43,559,3,0
265,Hanoi Center,Electric Scooter,2025-04-17,2025-04-18 12:00:00,36,432,1,0
266,Da Nang City,Bike,2025-09-11,2025-09-13 23:00:00,71,1065,3,1
267,Da Nang City,Car,2025-05-28,2025-05-29 12:00:00,36,324,5,0
268,HCM District 1,Electric Scooter,2025-07-19,2025-07-20 00:00:00,24,264,1,0
269,HCM District 1,Electric Scooter,2025-04-29,2025-05-01 19:00:00,67,804,1,1
270,Hanoi Center,Bike,2025-04-17,2025-04-17 22:00:00,22,396,2,1
271,Hanoi Center,Bike,2025-05-26,2025-05-27 00:00:00,24,456,3,1
272,HCM District 1,Electric Scooter,2025-01-01,2025-01-02 11:00:00,35,455,5,1
273,Da Nang City,Bike,2025-01-30,2025-01-30 03:00:00,3,42,1,0
274,Da Nang City,Car,2025-04-04,2025-04-05 11:00:00,35,595,3,1
275,Da Nang City,Bike,2025-02-14,2025-02-14 22:00:00,22,330,3,1
276,HCM District 1,Car,2025-09-03,2025-09-06 00:00:00,72,1008,5,1
277,Hanoi Center,Car,2025-06-08,2025-06-10 01:00:00,49,784,1,1
278,Hanoi Center,Bike,2025-10-26,2025-10-28 02:00:00,50,900,4,1
279,Hanoi Center,Electric Scooter,2025-07-08,2025-07-08 01:00:00,1,11,1,0
280,Hanoi Center,Car,2025-10-06,2025-10-08 04:00:00,52,832,2,1
281,Hanoi Center,Electric Scooter,2025-05-23,2025-05-24 04:00:00,28,168,3,0
282,Da Nang City,Car,2025-05-10,2025-05-12 05:00:00,53,265,4,1
283,Hanoi Center,Electric Scooter,2025-08-16,2025-08-16 05:00:00,5,45,4,0
284,Da Nang City,Car,2025-07-11,2025-07-13 15:00:00,63,693,2,0
285,HCM District 1,Bike,2025-10-21,2025-10-22 19:00:00,43,516,1,1
286,Da Nang City,Bike,2025-04-24,2025-04-25 18:00:00,42,252,5,1
287,Hanoi Center,Car,2025-04-21,2025-04-22 17:00:00,41,738,4,1
288,Da Nang City,Electric Scooter,2025-08-06,2025-08-08 03:00:00,51,1020,4,1
289,Da Nang City,Bike,2025-06-30,2025-07-02 02:00:00,50,600,3,1
290,HCM District 1,Bike,2025-03-08,2025-03-09 19:00:00,43,387,1,1
291,Hanoi Center,Car,2025-04-12,2025-04-12 02:00:00,2,24,4,0
292,HCM District 1,Car,2025-09-02,2025-09-03 09:00:00,33,363,4,1
293,Hanoi Center,Car,2025-07-24,2025-07-25 11:00:00,35,245,2,0
294,Hanoi Center,Electric Scooter,2025-09-02,2025-09-04 00:00:00,48,672,4,1
295,HCM District 1,Car,2025-10-21,2025-10-23 08:00:00,56,280,1,1
296,Hanoi Center,Bike,2025-07-19,2025-07-21 03:00:00,51,459,1,1
297,HCM District 1,Electric Scooter,2025-05-27,2025-05-27 09:00:00,9,54,3,0
298,Da Nang City,Car,2025-04-16,2025-04-17 22:00:00,46,506,5,1
299,Da Nang City,Electric Scooter,2025-03-20,2025-03-21 09:00:00,33,660,4,1
300,Da Nang City,Bike,2025-07-13,2025-07-15 21:00:00,69,552,4,0
301,Da Nang City,Electric Scooter,2025-10-07,2025-10-08 06:00:00,30,240,5,0
302,Hanoi Center,Car,2025-01-05,2025-01-05 18:00:00,18,306,4,0
303,Hanoi Center,Electric Scooter,2025-09-18,2025-09-19 11:00:00,35,665,5,1
304,HCM District 1,Bike,2025-02-06,2025-02-06 19:00:00,19,323,3,0
305,HCM District 1,Electric Scooter,2025-04-20,2025-04-22 03:00:00,51,816,2,1
306,Hanoi Center,Bike,2025-09-15,2025-09-17 03:00:00,51,969,4,1
307,Hanoi Center,Bike,2025-06-22,2025-06-22 20:00:00,20,100,5,1
308,HCM District 1,Bike,2025-05-13,2025-05-14 12:00:00,36,180,4,1
309,Da Nang City,Bike,2025-08-12,2025-08-14 07:00:00,55,825,3,1
310,Da Nang City,Bike,2025-02-14,2025-02-16 13:00:00,61,732,1,1
311,HCM District 1,Car,2025-04-03,2025-04-04 05:00:00,29,145,1,0
312,Hanoi Center,Car,2025-04-17,2025-04-19 17:00:00,65,1105,5,0
313,HCM District 1,Electric Scooter,2025-09-27,2025-09-27 16:00:00,16,320,5,1
314,Hanoi Center,Car,2025-04-19,2025-04-20 14:00:00,38,266,3,0
315,Da Nang City,Car,2025-06-20,2025-06-21 17:00:00,41,369,1,0
316,Hanoi Center,Electric Scooter,2025-02-03,2025-02-03 07:00:00,7,84,5,1
317,Da Nang City,Bike,2025-06-21,2025-06-21 06:00:00,6,60,5,1
318,HCM District 1,Bike,2025-08-12,2025-08-13 10:00:00,34,238,4,0
319,Hanoi Center,Bike,2025-09-22,2025-09-24 06:00:00,54,810,2,1
320,Da Nang City,Car,2025-06-25,2025-06-25 21:00:00,21,420,1,0
321,Da Nang City,Bike,2025-04-21,2025-04-23 02:00:00,50,900,3,1
322,Da Nang City,Electric Scooter,2025-08-16,2025-08-18 02:00:00,50,1000,3,1
323,Da Nang City,Electric Scooter,2025-04-11,2025-04-12 12:00:00,36,720,1,1
324,Hanoi Center,Bike,2025-04-11,2025-04-11 07:00:00,7,133,3,1
325,Da Nang City,Electric Scooter,2025-01-30,2025-02-01 19:00:00,67,1273,3,1
326,Da Nang City,Car,2025-07-31,2025-08-01 05:00:00,29,522,2,0
327,Hanoi Center,Electric Scooter,2025-07-16,2025-07-17 07:00:00,31,310,2,1
328,Hanoi Center,Car,2025-04-22,2025-04-22 21:00:00,21,315,1,0
329,Da Nang City,Bike,2025-09-22,2025-09-24 22:00:00,70,840,1,0
330,Hanoi Center,Electric Scooter,2025-10-03,2025-10-04 04:00:00,28,560,2,0
331,Da Nang City,Bike,2025-05-29,2025-05-30 10:00:00,34,646,2,1
332,Hanoi Center,Bike,2025-05-16,2025-05-17 22:00:00,46,782,5,0
333,Hanoi Center,Car,2025-06-25,2025-06-26 12:00:00,36,576,3,0
334,HCM District 1,Electric Scooter,2025-02-08,2025-02-09 08:00:00,32,608,1,1
335,HCM District 1,Car,2025-07-17,2025-07-18 22:00:00,46,506,5,0
336,Hanoi Center,Bike,2025-03-11,2025-03-13 14:00:00,62,744,4,1
337,HCM District 1,Car,2025-06-12,2025-06-14 12:00:00,60,900,4,0
338,Da Nang City,Car,2025-01-29,2025-01-30 06:00:00,30,270,2,0
339,HCM District 1,Electric Scooter,2025-01-27,2025-01-29 13:00:00,61,549,3,1
340,HCM District 1,Car,2025-09-05,2025-09-06 10:00:00,34,476,4,0
341,HCM District 1,Electric Scooter,2025-07-05,2025-07-05 23:00:00,23,161,3,0
342,Da Nang City,Car,2025-02-01,2025-02-02 00:00:00,24,312,3,1
343,Hanoi Center,Car,2025-09-26,2025-09-26 02:00:00,2,40,2,0
344,Hanoi Center,Car,2025-04-03,2025-04-04 07:00:00,31,279,3,0
345,Da Nang City,Bike,2025-06-14,2025-06-16 02:00:00,50,350,5,0
346,Hanoi Center,Bike,2025-10-26,2025-10-28 20:00:00,68,1224,3,0
347,Da Nang City,Bike,2025-06-16,2025-06-17 07:00:00,31,155,2,0
348,Da Nang City,Car,2025-01-06,2025-01-09 00:00:00,72,1368,3,1
349,Hanoi Center,Bike,2025-03-19,2025-03-21 18:00:00,66,1056,5,1
350,Da Nang City,Car,2025-03-19,2025-03-21 21:00:00,69,897,3,1
351,HCM District 1,Electric Scooter,2025-01-14,2025-01-16 20:00:00,68,1292,3,0
352,Da Nang City,Car,2025-05-12,2025-05-14 09:00:00,57,1140,2,1
353,Da Nang City,Electric Scooter,2025-05-20,2025-05-22 03:00:00,51,510,2,1
354,Da Nang City,Bike,2025-02-09,2025-02-11 13:00:00,61,1037,2,1
355,Da Nang City,Electric Scooter,2025-08-15,2025-08-15 16:00:00,16,176,5,1
356,Hanoi Center,Car,2025-05-27,2025-05-29 09:00:00,57,1083,5,0
357,HCM District 1,Bike,2025-10-06,2025-10-06 12:00:00,12,216,4,1
358,HCM District 1,Electric Scooter,2025-10-15,2025-10-17 04:00:00,52,364,5,0
359,Da Nang City,Bike,2025-05-18,2025-05-19 06:00:00,30,360,2,1
360,Hanoi Center,Car,2025-07-08,2025-07-10 10:00:00,58,290,3,0
361,Hanoi Center,Car,2025-04-21,2025-04-23 01:00:00,49,637,3,1
362,Hanoi Center,Car,2025-06-03,2025-06-05 21:00:00,69,621,5,0
363,Hanoi Center,Bike,2025-01-29,2025-01-29 01:00:00,1,6,3,1
364,Hanoi Center,Car,2025-08-01,2025-08-03 10:00:00,58,638,4,1
365,Hanoi Center,Car,2025-06-14,2025-06-15 04:00:00,28,140,1,0
366,HCM District 1,Car,2025-03-15,2025-03-16 13:00:00,37,666,2,0
367,Da Nang City,Bike,2025-05-03,2025-05-03 07:00:00,7,63,3,1
368,Da Nang City,Bike,2025-07-25,2025-07-27 18:00:00,66,660,3,0
369,Da Nang City,Bike,2025-05-03,2025-05-03 09:00:00,9,171,4,1
370,HCM District 1,Bike,2025-10-27,2025-10-29 04:00:00,52,780,2,0
371,HCM District 1,Car,2025-10-01,2025-10-01 01:00:00,1,9,5,1
372,Da Nang City,Car,2025-05-14,2025-05-15 07:00:00,31,186,1,0
373,HCM District 1,Electric Scooter,2025-09-04,2025-09-06 09:00:00,57,342,4,1
374,Da Nang City,Electric Scooter,2025-08-22,2025-08-22 17:00:00,17,306,4,1
375,Hanoi Center,Car,2025-07-20,2025-07-22 17:00:00,65,845,1,0
376,Da Nang City,Car,2025-06-09,2025-06-10 23:00:00,47,705,5,1
377,HCM District 1,Car,2025-01-18,2025-01-18 15:00:00,15,180,2,1
378,HCM District 1,Bike,2025-09-04,2025-09-05 03:00:00,27,486,1,0
379,Hanoi Center,Bike,2025-02-26,2025-02-26 23:00:00,23,460,3,0
380,Hanoi Center,Electric Scooter,2025-08-05,2025-08-06 22:00:00,46,368,2,1
381,Hanoi Center,Bike,2025-05-15,2025-05-15 01:00:00,1,10,4,0
382,HCM District 1,Bike,2025-05-23,2025-05-24 21:00:00,45,855,4,1
383,Hanoi Center,Electric Scooter,2025-05-15,2025-05-17 00:00:00,48,384,2,0
384,Da Nang City,Car,2025-07-15,2025-07-15 05:00:00,5,65,2,0
385,HCM District 1,Bike,2025-04-03,2025-04-04 13:00:00,37,518,1,1
386,Da Nang City,Electric Scooter,2025-10-14,2025-10-15 17:00:00,41,205,1,0
387,Da Nang City,Car,2025-10-16,2025-10-18 01:00:00,49,392,2,0
388,HCM District 1,Car,2025-07-06,2025-07-07 23:00:00,47,564,3,1
389,Da Nang City,Electric Scooter,2025-05-13,2025-05-14 19:00:00,43,860,1,0
390,Da Nang City,Car,2025-04-09,2025-04-10 10:00:00,34,476,5,0
391,Hanoi Center,Bike,2025-08-04,2025-08-04 09:00:00,9,72,4,1
392,Hanoi Center,Electric Scooter,2025-02-28,2025-03-01 01:00:00,25,125,3,1
393,HCM District 1,Electric Scooter,2025-05-27,2025-05-27 23:00:00,23,391,3,0
394,HCM District 1,Electric Scooter,2025-05-02,2025-05-02 09:00:00,9,99,2,1
395,Hanoi Center,Electric Scooter,2025-04-25,2025-04-25 23:00:00,23,437,4,0
396,Hanoi Center,Electric Scooter,2025-06-03,2025-06-04 01:00:00,25,475,5,0
397,Hanoi Center,Car,2025-10-25,2025-10-27 02:00:00,50,950,4,1
398,Hanoi Center,Electric Scooter,2025-09-08,2025-09-09 09:00:00,33,264,1,1
399,Hanoi Center,Car,2025-06-20,2025-06-21 14:00:00,38,266,4,1
400,Hanoi Center,Bike,2025-04-13,2025-04-13 15:00:00,15,150,1,0
401,Hanoi Center,Bike,2025-03-17,2025-03-18 23:00:00,47,799,2,1
402,Da Nang City,Car,2025-10-19,2025-10-21 09:00:00,57,285,4,1
403,HCM District 1,Bike,2025-05-10,2025-05-10 02:00:00,2,10,5,0
404,HCM District 1,Electric Scooter,2025-02-21,2025-02-21 22:00:00,22,374,3,0
405,Hanoi Center,Car,2025-06-02,2025-06-02 11:00:00,11,198,1,0
406,Da Nang City,Bike,2025-10-14,2025-10-16 00:00:00,48,336,3,0
407,HCM District 1,Electric Scooter,2025-02-28,2025-03-01 13:00:00,37,222,2,0
408,Da Nang City,Electric Scooter,2025-02-20,2025-02-22 12:00:00,60,720,2,1
409,Da Nang City,Car,2025-05-23,2025-05-24 16:00:00,40,240,4,0
410,HCM District 1,Bike,2025-10-23,2025-10-23 18:00:00,18,198,4,0
411,HCM District 1,Electric Scooter,2025-10-23,2025-10-23 13:00:00,13,156,4,0
412,HCM District 1,Bike,2025-04-02,2025-04-02 03:00:00,3,33,5,0
413,Hanoi Center,Electric Scooter,2025-03-28,2025-03-30 21:00:00,69,483,2,1
414,Hanoi Center,Car,2025-01-29,2025-01-30 11:00:00,35,525,5,1
415,HCM District 1,Electric Scooter,2025-05-27,2025-05-27 22:00:00,22,110,4,1
416,Da Nang City,Bike,2025-07-27,2025-07-29 09:00:00,57,1083,4,0
417,HCM District 1,Bike,2025-01-25,2025-01-25 22:00:00,22,154,3,0
418,Hanoi Center,Car,2025-07-17,2025-07-19 02:00:00,50,450,4,1
419,HCM District 1,Car,2025-07-29,2025-07-31 10:00:00,58,522,3,1
420,Hanoi Center,Bike,2025-09-17,2025-09-17 12:00:00,12,240,4,1
421,HCM District 1,Electric Scooter,2025-02-09,2025-02-11 18:00:00,66,660,2,0
422,Hanoi Center,Bike,2025-07-26,2025-07-27 18:00:00,42,378,3,1
423,Hanoi Center,Car,2025-07-19,2025-07-19 20:00:00,20,360,5,1
424,Hanoi Center,Electric Scooter,2025-07-08,2025-07-10 09:00:00,57,855,4,0
425,Da Nang City,Car,2025-03-23,2025-03-24 00:00:00,24,408,1,1
426,Hanoi Center,Bike,2025-07-16,2025-07-18 11:00:00,59,295,1,0
427,Hanoi Center,Electric Scooter,2025-05-11,2025-05-12 20:00:00,44,440,3,0
428,HCM District 1,Car,2025-09-23,2025-09-24 03:00:00,27,540,5,0
429,HCM District 1,Bike,2025-01-28,2025-01-29 14:00:00,38,380,4,0
430,Hanoi Center,Electric Scooter,2025-08-19,2025-08-19 21:00:00,21,399,3,1
431,Da Nang City,Car,2025-10-22,2025-10-22 14:00:00,14,196,3,1
432,Hanoi Center,Car,2025-08-08,2025-08-09 21:00:00,45,810,3,1
433,HCM District 1,Bike,2025-02-23,2025-02-23 06:00:00,6,102,3,0
434,Hanoi Center,Car,2025-05-04,2025-05-04 04:00:00,4,40,4,1
435,Da Nang City,Electric Scooter,2025-01-23,2025-01-25 11:00:00,59,1180,2,0
436,HCM District 1,Car,2025-02-16,2025-02-16 09:00:00,9,180,4,0
437,Da Nang City,Car,2025-07-19,2025-07-21 13:00:00,61,366,1,0
438,Hanoi Center,Bike,2025-04-20,2025-04-21 18:00:00,42,378,3,0
439,Hanoi Center,Car,2025-07-20,2025-07-21 01:00:00,25,175,1,0
440,HCM District 1,Car,2025-02-15,2025-02-15 05:00:00,5,60,3,1
441,HCM District 1,Bike,2025-08-29,2025-08-30 08:00:00,32,320,1,1
442,Da Nang City,Bike,2025-02-18,2025-02-20 11:00:00,59,767,1,1
443,Hanoi Center,Bike,2025-08-10,2025-08-11 17:00:00,41,779,3,1
444,Da Nang City,Bike,2025-04-07,2025-04-08 19:00:00,43,516,4,0
445,HCM District 1,Car,2025-08-11,2025-08-12 06:00:00,30,180,1,0
446,Hanoi Center,Car,2025-06-17,2025-06-18 08:00:00,32,480,2,1
447,Da Nang City,Bike,2025-01-05,2025-01-06 00:00:00,24,264,4,0
448,Hanoi Center,Car,2025-09-21,2025-09-22 16:00:00,40,720,2,1
449,Da Nang City,Car,2025-01-11,2025-01-12 08:00:00,32,416,4,1
450,Da Nang City,Electric Scooter,2025-06-14,2025-06-16 11:00:00,59,826,1,1
451,Da Nang City,Bike,2025-04-15,2025-04-17 07:00:00,55,660,1,0
452,Hanoi Center,Bike,2025-08-17,2025-08-18 06:00:00,30,330,2,1
453,HCM District 1,Electric Scooter,2025-06-26,2025-06-28 20:00:00,68,1224,1,0
454,HCM District 1,Bike,2025-03-21,2025-03-22 07:00:00,31,620,1,0
455,HCM District 1,Bike,2025-07-18,2025-07-19 20:00:00,44,792,5,1
456,HCM District 1,Electric Scooter,2025-02-13,2025-02-15 06:00:00,54,324,2,0
457,Da Nang City,Electric Scooter,2025-02-10,2025-02-10 18:00:00,18,234,2,1
458,Da Nang City,Car,2025-05-01,2025-05-03 23:00:00,71,710,2,0
459,Hanoi Center,Electric Scooter,2025-07-22,2025-07-24 04:00:00,52,572,4,0
460,HCM District 1,Bike,2025-02-05,2025-02-05 04:00:00,4,60,2,0
461,Hanoi Center,Electric Scooter,2025-06-17,2025-06-18 10:00:00,34,612,5,0
462,HCM District 1,Bike,2025-09-10,2025-09-11 05:00:00,29,232,3,0
463,HCM District 1,Electric Scooter,2025-01-02,2025-01-02 12:00:00,12,216,1,1
464,Da Nang City,Bike,2025-10-01,2025-10-01 15:00:00,15,150,5,0
465,HCM District 1,Bike,2025-01-11,2025-01-12 05:00:00,29,522,4,1
466,HCM District 1,Bike,2025-07-30,2025-07-30 04:00:00,4,72,1,0
467,Da Nang City,Car,2025-02-05,2025-02-05 09:00:00,9,72,1,1
468,Hanoi Center,Bike,2025-04-01,2025-04-03 09:00:00,57,969,4,1
469,Hanoi Center,Electric Scooter,2025-03-02,2025-03-03 08:00:00,32,416,4,0
470,HCM District 1,Electric Scooter,2025-05-10,2025-05-12 17:00:00,65,910,4,0
471,Da Nang City,Bike,2025-03-19,2025-03-21 06:00:00,54,810,3,0
472,Hanoi Center,Bike,2025-01-03,2025-01-03 05:00:00,5,55,2,0
473,Da Nang City,Bike,2025-08-16,2025-08-17 11:00:00,35,560,1,0
474,HCM District 1,Electric Scooter,2025-08-05,2025-08-05 09:00:00,9,108,3,1
475,HCM District 1,Electric Scooter,2025-06-22,2025-06-24 14:00:00,62,434,5,1
476,Da Nang City,Car,2025-05-28,2025-05-28 02:00:00,2,10,4,1
477,Da Nang City,Car,2025-09-16,2025-09-18 19:00:00,67,670,2,0
478,Da Nang City,Electric Scooter,2025-08-30,2025-09-01 03:00:00,51,459,2,1
479,Da Nang City,Bike,2025-04-24,2025-04-26 22:00:00,70,630,3,0
480,Hanoi Center,Electric Scooter,2025-06-06,2025-06-07 18:00:00,42,294,2,0
481,HCM District 1,Car,2025-10-06,2025-10-07 00:00:00,24,480,4,0
482,Da Nang City,Electric Scooter,2025-01-02,2025-01-03 02:00:00,26,312,5,1
483,Hanoi Center,Electric Scooter,2025-05-10,2025-05-10 18:00:00,18,216,3,0
484,Hanoi Center,Bike,2025-03-11,2025-03-13 22:00:00,70,1050,2,1
485,Da Nang City,Bike,2025-01-09,2025-01-11 18:00:00,66,1056,3,0
486,Hanoi Center,Bike,2025-04-19,2025-04-19 02:00:00,2,32,3,0
487,Hanoi Center,Car,2025-03-18,2025-03-18 19:00:00,19,95,2,0
488,Da Nang City,Car,2025-01-28,2025-01-29 23:00:00,47,846,2,1
489,Hanoi Center,Electric Scooter,2025-01-21,2025-01-21 19:00:00,19,247,2,0
490,Hanoi Center,Car,2025-03-09,2025-03-10 09:00:00,33,495,4,1
491,HCM District 1,Bike,2025-03-11,2025-03-12 18:00:00,42,336,2,0
492,Hanoi Center,Electric Scooter,2025-04-08,2025-04-08 06:00:00,6,114,5,1
493,Da Nang City,Electric Scooter,2025-03-03,2025-03-05 07:00:00,55,880,5,1
494,Da Nang City,Car,2025-10-26,2025-10-28 00:00:00,48,528,2,1
495,Da Nang City,Electric Scooter,2025-07-01,2025-07-01 01:00:00,1,10,1,1
496,Hanoi Center,Bike,2025-10-27,2025-10-27 23:00:00,23,460,1,0
497,Hanoi Center,Bike,2025-01-06,2025-01-08 22:00:00,70,1120,5,1
498,Da Nang City,Bike,2025-04-09,2025-04-11 12:00:00,60,600,4,1
499,Hanoi Center,Electric Scooter,2025-06-08,2025-06-09 14:00:00,38,494,1,1
500,HCM District 1,Car,2025-01-29,2025-01-30 08:00:00,32,384,2,0
501,Da Nang City,Car,2025-06-14,2025-06-17 00:00:00,72,360,2,1
502,Hanoi Center,Bike,2025-06-04,2025-06-06 20:00:00,68,408,1,1
503,HCM District 1,Bike,2025-10-23,2025-10-25 19:00:00,67,804,2,1
504,Da Nang City,Car,2025-06-18,2025-06-18 13:00:00,13,78,3,0
505,Da Nang City,Bike,2025-09-23,2025-09-25 14:00:00,62,744,1,0
506,Da Nang City,Bike,2025-07-04,2025-07-05 15:00:00,39,585,1,0
507,Hanoi Center,Car,2025-07-22,2025-07-22 12:00:00,12,204,3,0
508,Hanoi Center,Electric Scooter,2025-02-15,2025-02-17 22:00:00,70,980,4,0
509,HCM District 1,Car,2025-01-14,2025-01-16 09:00:00,57,1026,1,1
510,Da Nang City,Electric Scooter,2025-05-27,2025-05-29 08:00:00,56,840,1,1
511,Da Nang City,Bike,2025-05-13,2025-05-15 19:00:00,67,1139,4,1
512,Da Nang City,Electric Scooter,2025-06-24,2025-06-26 21:00:00,69,1380,4,1
513,Da Nang City,Bike,2025-08-11,2025-08-12 00:00:00,24,240,1,1
514,Da Nang City,Bike,2025-09-26,2025-09-28 02:00:00,50,450,3,0
515,Hanoi Center,Bike,2025-06-18,2025-06-20 22:00:00,70,560,5,0
516,Hanoi Center,Car,2025-10-28,2025-10-30 18:00:00,66,1122,5,0
517,HCM District 1,Bike,2025-08-06,2025-08-06 04:00:00,4,76,2,1
518,Da Nang City,Electric Scooter,2025-04-09,2025-04-11 11:00:00,59,649,2,0
519,Da Nang City,Bike,2025-10-13,2025-10-14 08:00:00,32,512,4,1
520,Hanoi Center,Electric Scooter,2025-07-11,2025-07-11 13:00:00,13,208,1,0
521,Da Nang City,Car,2025-01-28,2025-01-30 12:00:00,60,900,4,1
522,Da Nang City,Electric Scooter,2025-08-17,2025-08-19 23:00:00,71,497,4,0
523,Da Nang City,Electric Scooter,2025-10-01,2025-10-03 04:00:00,52,884,1,1
524,Da Nang City,Electric Scooter,2025-06-12,2025-06-14 12:00:00,60,1080,4,0
525,Hanoi Center,Car,2025-06-22,2025-06-22 11:00:00,11,132,1,0
526,Da Nang City,Electric Scooter,2025-08-20,2025-08-22 05:00:00,53,636,4,1
527,Da Nang City,Electric Scooter,2025-07-09,2025-07-11 19:00:00,67,804,3,1
528,HCM District 1,Electric Scooter,2025-04-28,2025-04-29 23:00:00,47,893,5,1
529,HCM District 1,Electric Scooter,2025-01-26,2025-01-27 03:00:00,27,162,5,0
530,Hanoi Center,Bike,2025-03-15,2025-03-17 09:00:00,57,399,1,0
531,Hanoi Center,Bike,2025-01-25,2025-01-26 03:00:00,27,540,2,1
532,Hanoi Center,Bike,2025-01-22,2025-01-22 16:00:00,16,176,1,0
533,Da Nang City,Bike,2025-03-25,2025-03-27 02:00:00,50,350,1,0
534,Da Nang City,Bike,2025-10-10,2025-10-10 18:00:00,18,216,2,0
535,Hanoi Center,Car,2025-03-04,2025-03-06 00:00:00,48,672,1,0
536,Da Nang City,Car,2025-08-09,2025-08-11 06:00:00,54,864,2,1
537,Da Nang City,Electric Scooter,2025-01-14,2025-01-16 01:00:00,49,294,1,0
538,Hanoi Center,Car,2025-02-14,2025-02-14 08:00:00,8,120,5,1
539,Hanoi Center,Car,2025-08-08,2025-08-08 07:00:00,7,63,5,1
540,HCM District 1,Bike,2025-04-05,2025-04-07 15:00:00,63,1134,1,1
541,HCM District 1,Electric Scooter,2025-01-14,2025-01-15 10:00:00,34,476,3,0
542,HCM District 1,Car,2025-02-20,2025-02-20 21:00:00,21,357,2,0
543,Hanoi Center,Electric Scooter,2025-03-28,2025-03-30 09:00:00,57,342,2,0
544,HCM District 1,Bike,2025-09-15,2025-09-17 06:00:00,54,864,2,0
545,HCM District 1,Electric Scooter,2025-05-11,2025-05-11 21:00:00,21,399,3,1
546,Da Nang City,Bike,2025-01-26,2025-01-26 20:00:00,20,340,3,0
547,Da Nang City,Car,2025-04-02,2025-04-03 02:00:00,26,312,3,1
548,Da Nang City,Bike,2025-07-29,2025-07-29 09:00:00,9,108,5,0
549,Hanoi Center,Car,2025-07-28,2025-07-28 04:00:00,4,32,4,1
550,Da Nang City,Car,2025-09-07,2025-09-07 16:00:00,16,128,4,0
551,Da Nang City,Electric Scooter,2025-04-17,2025-04-19 15:00:00,63,504,3,0
552,Hanoi Center,Electric Scooter,2025-07-11,2025-07-11 01:00:00,1,13,5,0
553,Da Nang City,Car,2025-10-02,2025-10-04 18:00:00,66,858,1,1
554,HCM District 1,Bike,2025-08-12,2025-08-12 13:00:00,13,91,5,0
555,Hanoi Center,Car,2025-04-28,2025-04-29 04:00:00,28,448,4,1
556,Da Nang City,Bike,2025-08-16,2025-08-16 23:00:00,23,253,1,1
557,HCM District 1,Bike,2025-06-25,2025-06-27 14:00:00,62,496,1,1
558,Hanoi Center,Bike,2025-08-17,2025-08-19 02:00:00,50,850,5,0
559,Hanoi Center,Bike,2025-04-01,2025-04-02 10:00:00,34,544,4,0
560,Da Nang City,Car,2025-06-26,2025-06-27 08:00:00,32,384,5,0
561,Hanoi Center,Bike,2025-08-07,2025-08-07 20:00:00,20,100,3,1
562,HCM District 1,Electric Scooter,2025-10-10,2025-10-12 22:00:00,70,1260,5,0
563,Da Nang City,Bike,2025-07-20,2025-07-21 04:00:00,28,448,2,1
564,Hanoi Center,Electric Scooter,2025-07-27,2025-07-28 00:00:00,24,216,5,0
565,Da Nang City,Bike,2025-09-15,2025-09-15 17:00:00,17,289,2,0
566,HCM District 1,Electric Scooter,2025-06-05,2025-06-07 03:00:00,51,459,5,0
567,Hanoi Center,Electric Scooter,2025-03-27,2025-03-29 06:00:00,54,702,1,0
568,HCM District 1,Electric Scooter,2025-07-17,2025-07-18 02:00:00,26,260,1,0
569,Da Nang City,Car,2025-03-23,2025-03-23 23:00:00,23,115,2,1
570,HCM District 1,Bike,2025-02-21,2025-02-21 13:00:00,13,169,3,0
571,Da Nang City,Bike,2025-07-02,2025-07-04 16:00:00,64,1024,1,1
572,Hanoi Center,Electric Scooter,2025-02-20,2025-02-20 05:00:00,5,95,1,1
573,HCM District 1,Electric Scooter,2025-02-02,2025-02-04 15:00:00,63,1260,4,0
574,Da Nang City,Bike,2025-03-08,2025-03-09 04:00:00,28,252,5,1
575,Hanoi Center,Bike,2025-02-11,2025-02-11 20:00:00,20,260,4,0
576,Hanoi Center,Car,2025-01-15,2025-01-16 00:00:00,24,288,1,1
577,HCM District 1,Bike,2025-02-02,2025-02-03 01:00:00,25,350,5,0
578,Hanoi Center,Car,2025-10-22,2025-10-24 08:00:00,56,504,4,0
579,Hanoi Center,Car,2025-03-01,2025-03-02 20:00:00,44,352,2,1
580,Hanoi Center,Car,2025-04-14,2025-04-14 08:00:00,8,72,4,1
581,Hanoi Center,Electric Scooter,2025-10-24,2025-10-25 22:00:00,46,552,5,0
582,HCM District 1,Bike,2025-06-13,2025-06-14 16:00:00,40,600,4,1
583,Hanoi Center,Car,2025-08-08,2025-08-09 21:00:00,45,225,3,1
584,Hanoi Center,Bike,2025-06-09,2025-06-09 05:00:00,5,85,1,0
585,HCM District 1,Car,2025-03-01,2025-03-03 08:00:00,56,392,5,1
586,Hanoi Center,Car,2025-05-22,2025-05-24 02:00:00,50,400,1,0
587,Da Nang City,Car,2025-03-09,2025-03-11 04:00:00,52,832,5,1
588,Da Nang City,Car,2025-08-21,2025-08-21 07:00:00,7,56,1,1
589,Hanoi Center,Electric Scooter,2025-04-06,2025-04-07 10:00:00,34,340,1,1
590,HCM District 1,Car,2025-06-09,2025-06-10 04:00:00,28,364,3,1
591,Da Nang City,Electric Scooter,2025-02-21,2025-02-22 01:00:00,25,475,3,0
592,Da Nang City,Car,2025-01-07,2025-01-07 17:00:00,17,187,5,0
593,Hanoi Center,Car,2025-05-24,2025-05-26 06:00:00,54,486,3,1
594,HCM District 1,Car,2025-09-09,2025-09-10 12:00:00,36,324,2,1
595,Hanoi Center,Car,2025-10-04,2025-10-06 22:00:00,70,910,4,1
596,Da Nang City,Bike,2025-02-16,2025-02-16 13:00:00,13,234,4,1
597,Da Nang City,Car,2025-10-17,2025-10-17 15:00:00,15,285,5,1
598,Hanoi Center,Bike,2025-09-01,2025-09-02 21:00:00,45,405,4,0
599,HCM District 1,Car,2025-06-20,2025-06-22 22:00:00,70,980,1,0
600,Da Nang City,Bike,2025-10-09,2025-10-10 02:00:00,26,234,1,1
601,Da Nang City,Car,2025-04-21,2025-04-21 20:00:00,20,300,5,0
602,Hanoi Center,Car,2025-05-03,2025-05-05 01:00:00,49,735,1,0
603,Hanoi Center,Bike,2025-02-17,2025-02-17 23:00:00,23,253,5,0
604,Hanoi Center,Car,2025-09-17,2025-09-17 22:00:00,22,396,1,1
605,HCM District 1,Electric Scooter,2025-03-06,2025-03-07 23:00:00,47,423,5,1
606,Da Nang City,Car,2025-05-07,2025-05-08 00:00:00,24,120,4,0
607,Hanoi Center,Electric Scooter,2025-06-11,2025-06-12 20:00:00,44,836,4,1
608,Da Nang City,Bike,2025-03-05,2025-03-07 01:00:00,49,980,1,0
609,Da Nang City,Car,2025-05-01,2025-05-01 03:00:00,3,21,1,1
610,Da Nang City,Bike,2025-03-14,2025-03-16 05:00:00,53,477,3,0
611,Da Nang City,Car,2025-05-08,2025-05-10 13:00:00,61,854,4,0
612,HCM District 1,Electric Scooter,2025-05-27,2025-05-27 01:00:00,1,11,5,1
613,Da Nang City,Electric Scooter,2025-08-28,2025-08-29 07:00:00,31,465,4,0
614,HCM District 1,Car,2025-04-29,2025-04-29 16:00:00,16,80,4,1
615,Hanoi Center,Bike,2025-03-18,2025-03-19 11:00:00,35,700,1,0
616,Hanoi Center,Car,2025-04-09,2025-04-11 18:00:00,66,858,2,1
617,Da Nang City,Car,2025-04-02,2025-04-02 05:00:00,5,30,3,1
618,Da Nang City,Car,2025-02-19,2025-02-19 23:00:00,23,460,5,1
619,Hanoi Center,Car,2025-01-24,2025-01-26 20:00:00,68,408,3,1
620,Hanoi Center,Car,2025-07-04,2025-07-06 20:00:00,68,544,5,1
621,Hanoi Center,Car,2025-05-25,2025-05-26 19:00:00,43,344,2,0
622,Da Nang City,Bike,2025-08-22,2025-08-24 01:00:00,49,784,2,0
623,HCM District 1,Electric Scooter,2025-10-24,2025-10-24 07:00:00,7,98,3,0
624,HCM District 1,Electric Scooter,2025-05-04,2025-05-05 12:00:00,36,360,5,0
625,Da Nang City,Car,2025-05-04,2025-05-07 00:00:00,72,1152,2,1
626,Da Nang City,Car,2025-02-22,2025-02-24 00:00:00,48,960,4,0
627,HCM District 1,Car,2025-02-26,2025-02-28 23:00:00,71,426,5,0
628,Hanoi Center,Bike,2025-03-23,2025-03-24 11:00:00,35,630,3,0
629,HCM District 1,Electric Scooter,2025-09-05,2025-09-05 11:00:00,11,187,1,1
630,Hanoi Center,Car,2025-04-09,2025-04-09 03:00:00,3,60,4,1
631,Hanoi Center,Electric Scooter,2025-07-27,2025-07-27 16:00:00,16,192,3,0
632,Da Nang City,Bike,2025-02-14,2025-02-15 01:00:00,25,450,5,1
633,Hanoi Center,Bike,2025-07-10,2025-07-10 02:00:00,2,24,4,0
634,Da Nang City,Electric Scooter,2025-07-18,2025-07-19 17:00:00,41,574,4,0
635,Hanoi Center,Car,2025-09-16,2025-09-18 00:00:00,48,720,4,0
636,Hanoi Center,Car,2025-10-11,2025-10-11 04:00:00,4,48,3,0
637,HCM District 1,Electric Scooter,2025-09-17,2025-09-19 05:00:00,53,265,2,1
638,Hanoi Center,Electric Scooter,2025-02-13,2025-02-13 11:00:00,11,209,3,0
639,HCM District 1,Car,2025-02-25,2025-02-25 19:00:00,19,361,5,1
640,Hanoi Center,Bike,2025-06-09,2025-06-10 14:00:00,38,608,3,0
641,Da Nang City,Electric Scooter,2025-02-15,2025-02-16 01:00:00,25,175,5,0
642,Hanoi Center,Bike,2025-09-17,2025-09-19 18:00:00,66,1320,3,0
643,HCM District 1,Car,2025-06-02,2025-06-03 11:00:00,35,420,5,1
644,Da Nang City,Car,2025-03-11,2025-03-11 10:00:00,10,200,1,0
645,HCM District 1,Bike,2025-01-17,2025-01-19 16:00:00,64,320,3,1
646,HCM District 1,Electric Scooter,2025-02-28,2025-03-01 03:00:00,27,459,1,1
647,HCM District 1,Electric Scooter,2025-06-06,2025-06-06 18:00:00,18,108,2,0
648,HCM District 1,Bike,2025-07-02,2025-07-04 20:00:00,68,1156,3,0
649,Da Nang City,Car,2025-05-15,2025-05-15 01:00:00,1,11,5,0
650,HCM District 1,Car,2025-06-15,2025-06-15 11:00:00,11,154,1,0
651,Da Nang City,Car,2025-05-27,2025-05-27 23:00:00,23,253,3,1
652,Hanoi Center,Electric Scooter,2025-04-24,2025-04-25 16:00:00,40,560,4,1
653,HCM District 1,Electric Scooter,2025-06-13,2025-06-14 04:00:00,28,308,5,1
654,HCM District 1,Car,2025-02-19,2025-02-19 22:00:00,22,198,3,1
655,Da Nang City,Car,2025-09-22,2025-09-22 01:00:00,1,5,4,1
656,Da Nang City,Bike,2025-02-04,2025-02-04 11:00:00,11,154,1,1
657,Hanoi Center,Bike,2025-02-16,2025-02-17 15:00:00,39,546,2,1
658,Hanoi Center,Electric Scooter,2025-06-19,2025-06-19 15:00:00,15,105,3,1
659,HCM District 1,Car,2025-06-04,2025-06-05 12:00:00,36,612,1,0
660,Da Nang City,Bike,2025-04-17,2025-04-19 20:00:00,68,476,1,1
661,Hanoi Center,Car,2025-06-21,2025-06-21 07:00:00,7,119,5,1
662,Hanoi Center,Bike,2025-07-31,2025-07-31 09:00:00,9,81,3,0
663,Hanoi Center,Bike,2025-05-29,2025-05-29 08:00:00,8,80,1,0
664,Da Nang City,Car,2025-08-28,2025-08-28 21:00:00,21,147,3,1
665,Hanoi Center,Car,2025-05-14,2025-05-16 04:00:00,52,260,5,1
666,HCM District 1,Electric Scooter,2025-08-07,2025-08-08 05:00:00,29,580,4,0
667,Da Nang City,Car,2025-09-12,2025-09-12 09:00:00,9,45,3,1
668,Da Nang City,Bike,2025-02-07,2025-02-08 23:00:00,47,893,1,0
669,HCM District 1,Electric Scooter,2025-03-23,2025-03-23 20:00:00,20,200,4,0
670,Hanoi Center,Car,2025-10-04,2025-10-06 17:00:00,65,1170,2,0
671,HCM District 1,Bike,2025-10-10,2025-10-10 21:00:00,21,315,4,0
672,Hanoi Center,Electric Scooter,2025-05-22,2025-05-23 06:00:00,30,510,4,1
673,Da Nang City,Car,2025-08-31,2025-09-02 07:00:00,55,605,4,1
674,HCM District 1,Car,2025-04-27,2025-04-29 06:00:00,54,1026,4,0
675,HCM District 1,Electric Scooter,2025-07-05,2025-07-06 19:00:00,43,645,3,1
676,HCM District 1,Car,2025-04-24,2025-04-24 14:00:00,14,280,5,1
677,Hanoi Center,Electric Scooter,2025-05-08,2025-05-11 00:00:00,72,864,1,1
678,Da Nang City,Bike,2025-09-07,2025-09-07 04:00:00,4,32,3,1
679,Da Nang City,Bike,2025-08-12,2025-08-13 04:00:00,28,560,5,0
680,HCM District 1,Car,2025-04-27,2025-04-28 07:00:00,31,186,1,1
681,HCM District 1,Car,2025-02-27,2025-02-28 12:00:00,36,432,5,0
682,HCM District 1,Car,2025-05-24,2025-05-26 00:00:00,48,336,1,0
683,Da Nang City,Electric Scooter,2025-02-18,2025-02-18 01:00:00,1,18,1,1
684,Hanoi Center,Bike,2025-05-16,2025-05-17 09:00:00,33,264,4,1
685,HCM District 1,Bike,2025-04-06,2025-04-06 05:00:00,5,100,2,0
686,Da Nang City,Electric Scooter,2025-08-02,2025-08-03 19:00:00,43,344,3,1
687,Hanoi Center,Electric Scooter,2025-01-22,2025-01-22 17:00:00,17,170,5,1
688,Da Nang City,Electric Scooter,2025-03-08,2025-03-08 15:00:00,15,255,5,1
689,Da Nang City,Bike,2025-05-09,2025-05-09 08:00:00,8,128,3,1
690,Hanoi Center,Bike,2025-08-15,2025-08-17 02:00:00,50,900,2,0
691,Da Nang City,Car,2025-02-21,2025-02-23 15:00:00,63,1071,2,1
692,Hanoi Center,Car,2025-09-28,2025-09-28 20:00:00,20,320,3,0
693,HCM District 1,Car,2025-05-10,2025-05-10 10:00:00,10,80,2,1
694,Hanoi Center,Electric Scooter,2025-09-28,2025-09-28 03:00:00,3,57,5,0
695,Da Nang City,Car,2025-01-18,2025-01-18 10:00:00,10,60,2,1
696,Da Nang City,Car,2025-03-13,2025-03-13 10:00:00,10,80,1,1
697,Da Nang City,Bike,2025-10-09,2025-10-09 18:00:00,18,342,3,0
698,Da Nang City,Bike,2025-02-13,2025-02-13 22:00:00,22,242,3,0
699,HCM District 1,Car,2025-02-21,2025-02-22 19:00:00,43,344,5,1
700,HCM District 1,Car,2025-04-06,2025-04-06 09:00:00,9,153,3,0
701,Hanoi Center,Bike,2025-06-12,2025-06-12 14:00:00,14,210,4,0
702,Da Nang City,Car,2025-09-25,2025-09-26 01:00:00,25,250,2,0
703,HCM District 1,Electric Scooter,2025-02-24,2025-02-24 18:00:00,18,126,2,1
704,HCM District 1,Car,2025-01-04,2025-01-04 19:00:00,19,133,3,0
705,Hanoi Center,Car,2025-06-15,2025-06-17 23:00:00,71,1207,1,1
706,Da Nang City,Electric Scooter,2025-07-12,2025-07-13 11:00:00,35,455,3,0
707,Da Nang City,Bike,2025-07-12,2025-07-13 11:00:00,35,665,2,1
708,Hanoi Center,Car,2025-08-01,2025-08-01 18:00:00,18,288,2,1
709,Da Nang City,Bike,2025-01-19,2025-01-21 10:00:00,58,696,5,0
710,Hanoi Center,Electric Scooter,2025-06-14,2025-06-15 11:00:00,35,210,2,0
711,Da Nang City,Electric Scooter,2025-09-28,2025-09-29 00:00:00,24,288,3,1
712,HCM District 1,Car,2025-07-17,2025-07-18 08:00:00,32,288,4,1
713,HCM District 1,Car,2025-02-09,2025-02-11 11:00:00,59,413,2,1
714,Hanoi Center,Bike,2025-01-02,2025-01-02 03:00:00,3,48,3,1
715,HCM District 1,Car,2025-08-09,2025-08-11 05:00:00,53,371,1,0
716,Da Nang City,Car,2025-08-31,2025-09-02 20:00:00,68,952,2,1
717,HCM District 1,Bike,2025-02-16,2025-02-18 06:00:00,54,324,5,0
718,HCM District 1,Electric Scooter,2025-09-17,2025-09-17 06:00:00,6,78,2,1
719,Da Nang City,Car,2025-03-12,2025-03-13 09:00:00,33,363,2,1
720,Hanoi Center,Bike,2025-03-25,2025-03-26 19:00:00,43,215,3,0
721,HCM District 1,Car,2025-05-28,2025-05-29 07:00:00,31,372,5,0
722,HCM District 1,Bike,2025-01-26,2025-01-28 21:00:00,69,690,3,0
723,Hanoi Center,Bike,2025-02-04,2025-02-06 18:00:00,66,1320,1,0
724,HCM District 1,Car,2025-02-25,2025-02-25 11:00:00,11,55,1,1
725,HCM District 1,Car,2025-04-13,2025-04-13 21:00:00,21,399,1,0
726,HCM District 1,Electric Scooter,2025-04-03,2025-04-03 11:00:00,11,187,4,1
727,HCM District 1,Car,2025-06-19,2025-06-20 06:00:00,30,420,1,0
728,Da Nang City,Bike,2025-07-30,2025-07-30 19:00:00,19,114,3,0
729,HCM District 1,Electric Scooter,2025-09-10,2025-09-11 11:00:00,35,665,3,0
730,Hanoi Center,Bike,2025-09-25,2025-09-27 20:00:00,68,748,4,1
731,HCM District 1,Car,2025-02-26,2025-02-26 11:00:00,11,165,2,0
732,HCM District 1,Electric Scooter,2025-02-25,2025-02-26 08:00:00,32,384,4,1
733,Hanoi Center,Car,2025-06-17,2025-06-19 11:00:00,59,1003,2,0
734,Da Nang City,Bike,2025-05-02,2025-05-02 05:00:00,5,55,2,1
735,HCM District 1,Electric Scooter,2025-08-23,2025-08-23 01:00:00,1,10,1,1
736,HCM District 1,Car,2025-06-11,2025-06-11 06:00:00,6,60,4,1
737,HCM District 1,Electric Scooter,2025-06-22,2025-06-23 12:00:00,36,180,1,1
738,Da Nang City,Car,2025-04-21,2025-04-21 18:00:00,18,216,2,1
739,Hanoi Center,Bike,2025-05-29,2025-05-29 13:00:00,13,156,4,1
740,Da Nang City,Bike,2025-01-31,2025-02-02 04:00:00,52,312,5,1
741,Da Nang City,Bike,2025-04-30,2025-04-30 02:00:00,2,26,3,1
742,HCM District 1,Car,2025-03-17,2025-03-19 19:00:00,67,536,2,1
743,HCM District 1,Bike,2025-06-06,2025-06-06 09:00:00,9,180,3,1
744,Hanoi Center,Bike,2025-04-13,2025-04-13 23:00:00,23,161,2,1
745,Hanoi Center,Electric Scooter,2025-03-12,2025-03-14 14:00:00,62,1178,1,1
746,HCM District 1,Car,2025-03-10,2025-03-10 06:00:00,6,30,3,0
747,HCM District 1,Electric Scooter,2025-01-15,2025-01-17 14:00:00,62,558,1,1
748,Hanoi Center,Electric Scooter,2025-03-17,2025-03-19 23:00:00,71,355,3,0
749,Da Nang City,Electric Scooter,2025-05-21,2025-05-22 08:00:00,32,352,4,0
750,HCM District 1,Car,2025-03-11,2025-03-13 09:00:00,57,1140,5,1
751,HCM District 1,Car,2025-10-05,2025-10-07 15:00:00,63,441,3,1
752,Hanoi Center,Bike,2025-02-14,2025-02-16 12:00:00,60,1020,4,0
753,Da Nang City,Car,2025-03-04,2025-03-04 11:00:00,11,176,4,1
754,Da Nang City,Electric Scooter,2025-10-22,2025-10-23 21:00:00,45,540,5,0
755,Da Nang City,Electric Scooter,2025-09-22,2025-09-22 05:00:00,5,80,5,0
756,HCM District 1,Car,2025-03-31,2025-04-02 21:00:00,69,966,4,0
757,HCM District 1,Electric Scooter,2025-05-05,2025-05-05 21:00:00,21,189,2,0
758,Da Nang City,Electric Scooter,2025-03-29,2025-03-29 12:00:00,12,120,3,0
759,Da Nang City,Bike,2025-09-12,2025-09-13 09:00:00,33,627,3,1
760,Da Nang City,Car,2025-04-12,2025-04-12 09:00:00,9,162,2,1
761,Da Nang City,Electric Scooter,2025-04-25,2025-04-27 23:00:00,71,994,5,0
762,HCM District 1,Car,2025-07-07,2025-07-07 04:00:00,4,64,3,0
763,Da Nang City,Electric Scooter,2025-02-03,2025-02-03 20:00:00,20,180,2,0
764,Da Nang City,Bike,2025-02-12,2025-02-12 14:00:00,14,182,3,1
765,Hanoi Center,Electric Scooter,2025-02-22,2025-02-23 02:00:00,26,390,2,1
766,HCM District 1,Electric Scooter,2025-04-24,2025-04-26 23:00:00,71,1420,1,0
767,HCM District 1,Electric Scooter,2025-10-17,2025-10-18 12:00:00,36,648,1,1
768,HCM District 1,Bike,2025-01-15,2025-01-17 02:00:00,50,750,1,0
769,Da Nang City,Car,2025-10-12,2025-10-13 06:00:00,30,180,4,0
770,Da Nang City,Car,2025-09-24,2025-09-24 02:00:00,2,14,3,0
771,Hanoi Center,Car,2025-01-05,2025-01-06 12:00:00,36,216,4,0
772,Hanoi Center,Bike,2025-01-11,2025-01-13 01:00:00,49,392,5,1
773,HCM District 1,Car,2025-03-18,2025-03-20 22:00:00,70,1330,1,1
774,Hanoi Center,Electric Scooter,2025-05-25,2025-05-25 09:00:00,9,144,2,0
775,HCM District 1,Bike,2025-05-07,2025-05-07 15:00:00,15,90,4,0
776,Da Nang City,Car,2025-05-13,2025-05-13 16:00:00,16,112,2,1
777,HCM District 1,Car,2025-06-21,2025-06-23 18:00:00,66,1122,1,0
778,HCM District 1,Car,2025-07-20,2025-07-21 01:00:00,25,200,1,0
779,HCM District 1,Bike,2025-06-22,2025-06-23 01:00:00,25,275,3,1
780,HCM District 1,Car,2025-05-02,2025-05-02 11:00:00,11,121,5,1
781,HCM District 1,Electric Scooter,2025-09-13,2025-09-14 12:00:00,36,396,1,1
782,Da Nang City,Bike,2025-04-13,2025-04-14 11:00:00,35,315,2,1
783,HCM District 1,Car,2025-01-23,2025-01-25 03:00:00,51,867,4,0
784,Da Nang City,Car,2025-01-25,2025-01-26 10:00:00,34,612,1,0
785,HCM District 1,Car,2025-09-09,2025-09-11 15:00:00,63,1134,5,0
786,Hanoi Center,Car,2025-05-22,2025-05-22 17:00:00,17,221,1,0
787,HCM District 1,Bike,2025-03-06,2025-03-06 17:00:00,17,238,3,1
788,Hanoi Center,Car,2025-06-19,2025-06-19 04:00:00,4,56,2,1
789,Hanoi Center,Bike,2025-02-18,2025-02-21 00:00:00,72,648,2,1
790,HCM District 1,Car,2025-01-01,2025-01-02 19:00:00,43,602,2,0
791,Da Nang City,Car,2025-04-22,2025-04-24 10:00:00,58,754,5,1
792,Da Nang City,Car,2025-02-05,2025-02-07 18:00:00,66,1122,5,0
793,HCM District 1,Electric Scooter,2025-06-12,2025-06-13 12:00:00,36,396,4,1
794,Hanoi Center,Electric Scooter,2025-06-20,2025-06-20 10:00:00,10,100,1,1
795,HCM District 1,Electric Scooter,2025-06-27,2025-06-28 07:00:00,31,403,4,0
796,Da Nang City,Car,2025-08-31,2025-08-31 13:00:00,13,169,5,0
797,Da Nang City,Electric Scooter,2025-05-21,2025-05-21 14:00:00,14,266,5,0
798,HCM District 1,Electric Scooter,2025-10-23,2025-10-23 10:00:00,10,70,4,1
799,HCM District 1,Electric Scooter,2025-07-29,2025-07-31 23:00:00,71,1278,3,1
800,HCM District 1,Car,2025-05-21,2025-05-21 05:00:00,5,95,3,0
801,Hanoi Center,Car,2025-09-18,2025-09-19 21:00:00,45,810,2,1
802,Hanoi Center,Bike,2025-09-13,2025-09-15 05:00:00,53,689,5,1
803,HCM District 1,Electric Scooter,2025-06-21,2025-06-23 17:00:00,65,1105,2,0
804,Da Nang City,Car,2025-08-08,2025-08-10 08:00:00,56,840,3,0
805,HCM District 1,Bike,2025-04-15,2025-04-15 01:00:00,1,8,1,1
806,Da Nang City,Electric Scooter,2025-05-18,2025-05-18 15:00:00,15,195,3,0
807,Da Nang City,Bike,2025-02-06,2025-02-08 00:00:00,48,336,3,1
808,Hanoi Center,Bike,2025-09-09,2025-09-10 18:00:00,42,294,1,0
809,Hanoi Center,Electric Scooter,2025-05-15,2025-05-16 11:00:00,35,175,5,1
810,HCM District 1,Car,2025-09-10,2025-09-12 04:00:00,52,624,1,1
811,HCM District 1,Car,2025-03-17,2025-03-17 01:00:00,1,16,5,1
812,Da Nang City,Car,2025-08-04,2025-08-05 05:00:00,29,174,5,1
813,Hanoi Center,Electric Scooter,2025-09-16,2025-09-18 18:00:00,66,1056,1,0
814,HCM District 1,Electric Scooter,2025-04-02,2025-04-02 14:00:00,14,70,5,1
815,Hanoi Center,Electric Scooter,2025-05-14,2025-05-15 06:00:00,30,210,2,1
816,HCM District 1,Bike,2025-03-08,2025-03-09 06:00:00,30,240,2,1
817,Hanoi Center,Car,2025-01-16,2025-01-17 21:00:00,45,855,1,1
818,Da Nang City,Electric Scooter,2025-10-14,2025-10-14 07:00:00,7,49,2,1
819,Da Nang City,Bike,2025-05-23,2025-05-24 07:00:00,31,341,1,0
820,HCM District 1,Electric Scooter,2025-03-04,2025-03-04 14:00:00,14,126,1,1
821,HCM District 1,Electric Scooter,2025-04-19,2025-04-20 13:00:00,37,185,5,0
822,Hanoi Center,Electric Scooter,2025-09-27,2025-09-28 08:00:00,32,256,5,1
823,HCM District 1,Car,2025-07-07,2025-07-07 07:00:00,7,112,4,0
824,HCM District 1,Bike,2025-10-04,2025-10-05 22:00:00,46,874,5,1
825,Hanoi Center,Car,2025-08-11,2025-08-12 01:00:00,25,300,1,1
826,HCM District 1,Bike,2025-08-30,2025-09-01 16:00:00,64,1088,5,0
827,Hanoi Center,Electric Scooter,2025-05-01,2025-05-02 18:00:00,42,252,1,0
828,Hanoi Center,Car,2025-08-24,2025-08-25 14:00:00,38,228,1,0
829,Da Nang City,Bike,2025-04-17,2025-04-18 19:00:00,43,258,4,1
830,HCM District 1,Car,2025-07-02,2025-07-04 23:00:00,71,568,5,0
831,Da Nang City,Electric Scooter,2025-02-14,2025-02-14 21:00:00,21,294,2,0
832,Da Nang City,Car,2025-04-16,2025-04-16 01:00:00,1,15,4,1
833,HCM District 1,Bike,2025-08-26,2025-08-27 08:00:00,32,160,3,1
834,Hanoi Center,Electric Scooter,2025-06-06,2025-06-06 03:00:00,3,51,1,0
835,Da Nang City,Electric Scooter,2025-06-06,2025-06-06 14:00:00,14,280,5,0
836,HCM District 1,Bike,2025-04-01,2025-04-01 19:00:00,19,285,3,0
837,Hanoi Center,Electric Scooter,2025-03-31,2025-04-01 11:00:00,35,455,5,0
838,HCM District 1,Car,2025-02-15,2025-02-15 09:00:00,9,135,5,0
839,HCM District 1,Car,2025-04-23,2025-04-25 07:00:00,55,990,4,1
840,Hanoi Center,Bike,2025-08-06,2025-08-07 01:00:00,25,300,3,0
841,Da Nang City,Car,2025-05-26,2025-05-28 18:00:00,66,462,5,1
842,HCM District 1,Bike,2025-07-28,2025-07-29 01:00:00,25,200,5,0
843,Hanoi Center,Electric Scooter,2025-08-02,2025-08-04 21:00:00,69,759,2,1
844,Da Nang City,Electric Scooter,2025-04-13,2025-04-13 22:00:00,22,198,4,1
845,Da Nang City,Car,2025-03-28,2025-03-30 00:00:00,48,480,2,1
846,HCM District 1,Electric Scooter,2025-05-25,2025-05-26 09:00:00,33,627,4,1
847,Da Nang City,Electric Scooter,2025-10-09,2025-10-09 11:00:00,11,209,5,0
848,Hanoi Center,Electric Scooter,2025-05-11,2025-05-13 12:00:00,60,660,1,0
849,HCM District 1,Car,2025-05-13,2025-05-14 16:00:00,40,640,5,1
850,HCM District 1,Electric Scooter,2025-05-04,2025-05-06 11:00:00,59,354,1,1
851,Da Nang City,Bike,2025-02-14,2025-02-16 12:00:00,60,420,1,0
852,Hanoi Center,Electric Scooter,2025-01-23,2025-01-25 12:00:00,60,840,1,1
853,Hanoi Center,Car,2025-02-10,2025-02-10 06:00:00,6,96,3,0
854,HCM District 1,Car,2025-07-27,2025-07-27 11:00:00,11,132,2,1
855,Da Nang City,Car,2025-04-26,2025-04-27 23:00:00,47,658,5,0
856,Da Nang City,Bike,2025-05-05,2025-05-06 16:00:00,40,560,5,0
857,HCM District 1,Bike,2025-03-16,2025-03-17 19:00:00,43,387,1,0
858,Da Nang City,Car,2025-10-02,2025-10-04 12:00:00,60,960,4,0
859,HCM District 1,Bike,2025-10-21,2025-10-22 18:00:00,42,294,3,1
860,Da Nang City,Electric Scooter,2025-01-23,2025-01-25 19:00:00,67,871,4,1
861,Da Nang City,Bike,2025-10-16,2025-10-17 19:00:00,43,559,4,0
862,HCM District 1,Electric Scooter,2025-01-07,2025-01-08 06:00:00,30,300,5,1
863,Da Nang City,Electric Scooter,2025-06-11,2025-06-14 00:00:00,72,936,3,0
864,Da Nang City,Car,2025-04-27,2025-04-27 20:00:00,20,220,5,1
865,Da Nang City,Electric Scooter,2025-08-02,2025-08-04 16:00:00,64,448,2,0
866,Da Nang City,Bike,2025-09-14,2025-09-16 23:00:00,71,1420,1,0
867,HCM District 1,Electric Scooter,2025-03-07,2025-03-08 04:00:00,28,420,5,1
868,Hanoi Center,Bike,2025-02-23,2025-02-25 19:00:00,67,1340,1,1
869,Da Nang City,Car,2025-10-26,2025-10-28 08:00:00,56,728,5,0
870,Hanoi Center,Car,2025-06-06,2025-06-07 01:00:00,25,125,2,1
871,Da Nang City,Car,2025-08-05,2025-08-07 21:00:00,69,759,1,1
872,Da Nang City,Electric Scooter,2025-10-16,2025-10-16 19:00:00,19,152,4,0
873,Da Nang City,Bike,2025-09-12,2025-09-14 17:00:00,65,715,4,0
874,Da Nang City,Car,2025-06-20,2025-06-22 20:00:00,68,1224,1,1
875,HCM District 1,Bike,2025-07-31,2025-08-02 11:00:00,59,472,5,0
876,Da Nang City,Bike,2025-10-02,2025-10-03 23:00:00,47,611,5,0
877,Hanoi Center,Car,2025-02-16,2025-02-18 12:00:00,60,660,4,0
878,Da Nang City,Bike,2025-09-07,2025-09-08 06:00:00,30,360,1,1
879,HCM District 1,Car,2025-06-29,2025-06-29 19:00:00,19,323,5,1
880,Da Nang City,Car,2025-09-19,2025-09-19 14:00:00,14,182,4,1
881,Hanoi Center,Car,2025-01-11,2025-01-11 07:00:00,7,77,5,0
882,HCM District 1,Bike,2025-03-19,2025-03-19 18:00:00,18,360,3,1
883,Da Nang City,Car,2025-10-13,2025-10-14 10:00:00,34,680,2,1
884,Hanoi Center,Electric Scooter,2025-06-14,2025-06-15 03:00:00,27,351,3,1
885,Da Nang City,Car,2025-05-06,2025-05-06 19:00:00,19,247,5,1
886,HCM District 1,Car,2025-02-27,2025-03-01 13:00:00,61,1220,4,0
887,Hanoi Center,Bike,2025-03-15,2025-03-17 09:00:00,57,855,1,0
888,HCM District 1,Car,2025-04-03,2025-04-04 07:00:00,31,217,4,0
889,Hanoi Center,Car,2025-01-27,2025-01-28 15:00:00,39,585,4,1
890,HCM District 1,Car,2025-07-08,2025-07-09 11:00:00,35,385,1,1
891,HCM District 1,Bike,2025-03-15,2025-03-16 08:00:00,32,448,3,1
892,HCM District 1,Car,2025-03-12,2025-03-12 06:00:00,6,114,2,0
893,Da Nang City,Car,2025-04-28,2025-04-30 20:00:00,68,340,1,0
894,HCM District 1,Electric Scooter,2025-05-15,2025-05-17 05:00:00,53,265,2,0
895,Hanoi Center,Car,2025-02-22,2025-02-24 01:00:00,49,392,1,0
896,HCM District 1,Car,2025-03-15,2025-03-17 22:00:00,70,1190,3,1
897,HCM District 1,Car,2025-01-29,2025-01-31 02:00:00,50,350,1,1
898,Hanoi Center,Electric Scooter,2025-10-22,2025-10-23 00:00:00,24,432,2,1
899,Da Nang City,Electric Scooter,2025-07-03,2025-07-05 12:00:00,60,660,3,0
900,Da Nang City,Bike,2025-08-11,2025-08-13 00:00:00,48,336,2,1
901,Da Nang City,Electric Scooter,2025-08-12,2025-08-12 09:00:00,9,117,4,1
902,Da Nang City,Bike,2025-10-25,2025-10-26 05:00:00,29,348,4,1
903,Hanoi Center,Car,2025-02-22,2025-02-24 00:00:00,48,864,2,0
904,HCM District 1,Bike,2025-10-12,2025-10-13 14:00:00,38,760,1,1
905,HCM District 1,Electric Scooter,2025-07-24,2025-07-25 00:00:00,24,408,2,0
906,Da Nang City,Bike,2025-05-11,2025-05-14 00:00:00,72,720,5,1
907,Da Nang City,Car,2025-04-09,2025-04-10 12:00:00,36,720,1,1
908,Da Nang City,Car,2025-02-13,2025-02-14 21:00:00,45,495,5,0
909,Da Nang City,Car,2025-02-09,2025-02-10 04:00:00,28,308,2,0
910,Hanoi Center,Car,2025-01-08,2025-01-08 07:00:00,7,133,5,1
911,Hanoi Center,Electric Scooter,2025-03-28,2025-03-28 23:00:00,23,138,2,1
912,HCM District 1,Bike,2025-09-28,2025-09-30 10:00:00,58,754,2,0
913,Da Nang City,Electric Scooter,2025-04-21,2025-04-23 00:00:00,48,288,2,1
914,HCM District 1,Bike,2025-04-05,2025-04-06 07:00:00,31,372,5,0
915,Hanoi Center,Bike,2025-08-20,2025-08-21 22:00:00,46,736,5,0
916,Hanoi Center,Electric Scooter,2025-08-31,2025-09-01 03:00:00,27,189,1,1
917,Hanoi Center,Electric Scooter,2025-07-07,2025-07-08 20:00:00,44,396,5,1
918,Hanoi Center,Electric Scooter,2025-01-15,2025-01-17 02:00:00,50,250,3,1
919,Hanoi Center,Car,2025-09-04,2025-09-04 11:00:00,11,176,4,0
920,HCM District 1,Bike,2025-03-30,2025-03-31 08:00:00,32,512,1,1
921,Hanoi Center,Electric Scooter,2025-08-19,2025-08-22 00:00:00,72,1296,2,1
922,HCM District 1,Bike,2025-10-17,2025-10-19 17:00:00,65,1040,3,0
923,HCM District 1,Car,2025-03-09,2025-03-09 18:00:00,18,126,4,0
924,Hanoi Center,Bike,2025-01-31,2025-01-31 10:00:00,10,160,1,0
925,HCM District 1,Car,2025-08-07,2025-08-08 17:00:00,41,410,4,0
926,Da Nang City,Electric Scooter,2025-08-10,2025-08-11 07:00:00,31,279,5,0
927,Da Nang City,Car,2025-05-06,2025-05-08 05:00:00,53,901,1,0
928,Hanoi Center,Bike,2025-04-12,2025-04-13 16:00:00,40,640,4,0
929,HCM District 1,Bike,2025-07-26,2025-07-27 23:00:00,47,423,1,1
930,Da Nang City,Bike,2025-04-13,2025-04-13 19:00:00,19,228,5,0
931,HCM District 1,Bike,2025-04-17,2025-04-18 06:00:00,30,600,4,0
932,Da Nang City,Electric Scooter,2025-07-30,2025-07-30 20:00:00,20,160,4,0
933,Da Nang City,Electric Scooter,2025-06-30,2025-07-02 16:00:00,64,1152,1,0
934,HCM District 1,Car,2025-10-25,2025-10-25 23:00:00,23,207,5,1
935,Da Nang City,Car,2025-07-19,2025-07-21 00:00:00,48,912,2,0
936,HCM District 1,Electric Scooter,2025-10-26,2025-10-28 10:00:00,58,928,5,1
937,HCM District 1,Electric Scooter,2025-01-15,2025-01-15 21:00:00,21,315,5,0
938,HCM District 1,Electric Scooter,2025-04-06,2025-04-06 10:00:00,10,190,4,1
939,Hanoi Center,Car,2025-03-18,2025-03-20 21:00:00,69,690,2,1
940,Hanoi Center,Electric Scooter,2025-04-02,2025-04-02 14:00:00,14,98,1,1
941,Hanoi Center,Bike,2025-07-13,2025-07-13 09:00:00,9,162,5,1
942,Da Nang City,Electric Scooter,2025-08-18,2025-08-19 15:00:00,39,585,4,0
943,Hanoi Center,Car,2025-09-30,2025-10-01 14:00:00,38,646,4,0
944,HCM District 1,Bike,2025-10-19,2025-10-19 16:00:00,16,160,4,1
945,Hanoi Center,Bike,2025-04-13,2025-04-14 12:00:00,36,324,3,0
946,HCM District 1,Electric Scooter,2025-01-23,2025-01-24 20:00:00,44,308,2,0
947,Da Nang City,Electric Scooter,2025-03-11,2025-03-12 01:00:00,25,400,1,0
948,HCM District 1,Electric Scooter,2025-10-20,2025-10-21 23:00:00,47,517,5,1
949,HCM District 1,Electric Scooter,2025-10-26,2025-10-27 23:00:00,47,282,5,1
950,Da Nang City,Bike,2025-04-06,2025-04-06 13:00:00,13,247,2,1
951,HCM District 1,Electric Scooter,2025-05-16,2025-05-17 05:00:00,29,319,3,0
952,Hanoi Center,Electric Scooter,2025-03-20,2025-03-21 12:00:00,36,684,4,0
953,Da Nang City,Electric Scooter,2025-01-25,2025-01-26 10:00:00,34,646,1,1
954,Da Nang City,Car,2025-01-21,2025-01-21 10:00:00,10,120,5,1
955,HCM District 1,Electric Scooter,2025-02-26,2025-02-26 06:00:00,6,48,2,1
956,HCM District 1,Car,2025-03-12,2025-03-12 18:00:00,18,108,2,0
957,Da Nang City,Car,2025-05-03,2025-05-03 22:00:00,22,374,5,0
958,HCM District 1,Car,2025-06-29,2025-06-29 19:00:00,19,380,2,1
959,Da Nang City,Car,2025-06-16,2025-06-16 18:00:00,18,144,2,0
960,Da Nang City,Bike,2025-10-16,2025-10-16 11:00:00,11,66,1,1
961,Hanoi Center,Electric Scooter,2025-02-17,2025-02-18 17:00:00,41,820,1,1
962,Hanoi Center,Car,2025-06-10,2025-06-11 16:00:00,40,680,5,1
963,HCM District 1,Car,2025-06-05,2025-06-06 13:00:00,37,666,2,1
964,Da Nang City,Electric Scooter,2025-01-31,2025-02-02 04:00:00,52,312,3,1
965,Da Nang City,Electric Scooter,2025-02-03,2025-02-05 10:00:00,58,406,5,0
966,Hanoi Center,Bike,2025-07-01,2025-07-03 03:00:00,51,255,1,1
967,HCM District 1,Bike,2025-09-10,2025-09-12 10:00:00,58,580,3,0
968,Da Nang City,Electric Scooter,2025-02-26,2025-02-27 09:00:00,33,660,5,1
969,Hanoi Center,Electric Scooter,2025-05-04,2025-05-06 20:00:00,68,1360,5,1
970,Hanoi Center,Car,2025-01-23,2025-01-25 14:00:00,62,620,1,0
971,Hanoi Center,Bike,2025-05-08,2025-05-10 04:00:00,52,624,4,0
972,HCM District 1,Car,2025-06-25,2025-06-27 19:00:00,67,1005,4,1
973,Hanoi Center,Car,2025-08-27,2025-08-28 06:00:00,30,390,4,0
974,Da Nang City,Electric Scooter,2025-03-04,2025-03-05 01:00:00,25,450,3,1
975,Hanoi Center,Bike,2025-06-19,2025-06-21 07:00:00,55,825,2,1
976,Da Nang City,Bike,2025-07-15,2025-07-17 09:00:00,57,855,1,0
977,Hanoi Center,Car,2025-03-30,2025-03-30 08:00:00,8,128,5,0
978,Hanoi Center,Bike,2025-05-18,2025-05-20 09:00:00,57,627,3,0
979,HCM District 1,Bike,2025-09-17,2025-09-19 08:00:00,56,448,3,0
980,Hanoi Center,Car,2025-09-30,2025-09-30 23:00:00,23,276,5,1
981,Hanoi Center,Bike,2025-03-19,2025-03-19 03:00:00,3,21,1,0
982,Da Nang City,Electric Scooter,2025-05-28,2025-05-28 23:00:00,23,184,1,1
983,Hanoi Center,Bike,2025-04-30,2025-04-30 21:00:00,21,126,5,0
984,Da Nang City,Bike,2025-05-15,2025-05-15 06:00:00,6,114,4,1
985,Hanoi Center,Bike,2025-02-01,2025-02-03 13:00:00,61,915,4,0
986,Hanoi Center,Car,2025-06-28,2025-06-29 03:00:00,27,324,1,1
987,Hanoi Center,Electric Scooter,2025-09-23,2025-09-24 11:00:00,35,245,3,0
988,Hanoi Center,Bike,2025-05-16,2025-05-17 04:00:00,28,560,4,1
989,HCM District 1,Car,2025-06-24,2025-06-24 03:00:00,3,60,2,0
990,Da Nang City,Bike,2025-08-11,2025-08-12 05:00:00,29,406,1,1
991,Da Nang City,Bike,2025-09-29,2025-09-30 15:00:00,39,624,5,1
992,Hanoi Center,Bike,2025-07-09,2025-07-11 01:00:00,49,735,2,0
993,Hanoi Center,Car,2025-04-03,2025-04-04 19:00:00,43,215,2,0
994,Hanoi Center,Electric Scooter,2025-02-14,2025-02-16 07:00:00,55,440,3,1
995,HCM District 1,Bike,2025-08-02,2025-08-04 11:00:00,59,295,3,1
996,Hanoi Center,Electric Scooter,2025-07-03,2025-07-03 02:00:00,2,16,1,0
997,Hanoi Center,Bike,2025-07-04,2025-07-04 23:00:00,23,115,1,1
998,Da Nang City,Bike,2025-06-28,2025-06-30 06:00:00,54,486,3,1
999,HCM District 1,Bike,2025-07-19,2025-07-21 11:00:00,59,295,2,0
1000,Hanoi Center,Bike,2025-06-17,2025-06-17 16:00:00,16,160,3,1
1001,HCM District 1,Car,2025-07-13,2025-07-15 20:00:00,68,884,4,0
1002,Da Nang City,Car,2025-08-23,2025-08-24 17:00:00,41,369,4,1
1003,Hanoi Center,Car,2025-10-21,2025-10-23 09:00:00,57,342,4,1
1004,HCM District 1,Electric Scooter,2025-01-08,2025-01-09 01:00:00,25,350,4,1
1005,Da Nang City,Bike,2025-05-02,2025-05-02 16:00:00,16,304,2,0
1006,HCM District 1,Car,2025-01-02,2025-01-02 08:00:00,8,136,4,0
1007,HCM District 1,Bike,2025-10-21,2025-10-23 13:00:00,61,305,3,0
1008,Da Nang City,Bike,2025-03-29,2025-03-30 00:00:00,24,408,1,0
1009,Da Nang City,Bike,2025-09-05,2025-09-05 14:00:00,14,98,1,0
1010,Da Nang City,Electric Scooter,2025-04-19,2025-04-20 09:00:00,33,462,5,0
1011,Hanoi Center,Bike,2025-03-01,2025-03-01 11:00:00,11,132,5,0
1012,Da Nang City,Bike,2025-03-12,2025-03-14 06:00:00,54,1026,4,1
1013,HCM District 1,Electric Scooter,2025-04-26,2025-04-27 13:00:00,37,629,3,1
1014,HCM District 1,Car,2025-07-10,2025-07-11 16:00:00,40,400,3,0
1015,Da Nang City,Bike,2025-01-16,2025-01-17 21:00:00,45,495,2,0
1016,Hanoi Center,Car,2025-07-20,2025-07-22 21:00:00,69,1035,4,0
1017,Hanoi Center,Bike,2025-09-12,2025-09-13 20:00:00,44,396,1,0
1018,Hanoi Center,Electric Scooter,2025-02-21,2025-02-21 22:00:00,22,220,5,1
1019,Da Nang City,Electric Scooter,2025-06-14,2025-06-16 04:00:00,52,468,5,0
1020,Da Nang City,Car,2025-03-07,2025-03-09 18:00:00,66,990,3,0
1021,HCM District 1,Electric Scooter,2025-06-23,2025-06-24 03:00:00,27,432,2,1
1022,Hanoi Center,Electric Scooter,2025-02-13,2025-02-13 15:00:00,15,285,3,1
1023,Da Nang City,Car,2025-05-22,2025-05-23 01:00:00,25,250,1,0
1024,HCM District 1,Bike,2025-04-10,2025-04-10 05:00:00,5,90,3,0
1025,Hanoi Center,Bike,2025-03-26,2025-03-27 12:00:00,36,612,3,1
1026,Da Nang City,Bike,2025-04-15,2025-04-16 08:00:00,32,544,5,1
1027,Hanoi Center,Electric Scooter,2025-04-23,2025-04-24 19:00:00,43,602,2,0
1028,Da Nang City,Bike,2025-10-18,2025-10-19 22:00:00,46,598,5,0
1029,Hanoi Center,Electric Scooter,2025-09-18,2025-09-18 11:00:00,11,88,2,1
1030,HCM District 1,Car,2025-04-22,2025-04-24 15:00:00,63,1260,1,1
1031,HCM District 1,Car,2025-06-17,2025-06-17 23:00:00,23,138,1,0
1032,HCM District 1,Bike,2025-08-03,2025-08-03 08:00:00,8,120,4,0
1033,Da Nang City,Bike,2025-02-01,2025-02-03 22:00:00,70,630,3,0
1034,Hanoi Center,Car,2025-06-12,2025-06-14 08:00:00,56,1120,5,0
1035,HCM District 1,Bike,2025-06-29,2025-06-30 14:00:00,38,228,5,0
1036,HCM District 1,Car,2025-02-13,2025-02-14 08:00:00,32,448,1,1
1037,HCM District 1,Car,2025-02-17,2025-02-18 23:00:00,47,423,5,0
1038,Da Nang City,Car,2025-03-21,2025-03-22 23:00:00,47,658,1,1
1039,Da Nang City,Bike,2025-08-26,2025-08-27 14:00:00,38,456,2,0
1040,Da Nang City,Bike,2025-03-16,2025-03-18 16:00:00,64,1024,2,1
1041,Hanoi Center,Car,2025-06-08,2025-06-08 07:00:00,7,119,3,0
1042,HCM District 1,Bike,2025-03-14,2025-03-14 06:00:00,6,30,1,1
1043,Hanoi Center,Electric Scooter,2025-03-18,2025-03-19 12:00:00,36,648,2,1
1044,Da Nang City,Bike,2025-02-14,2025-02-14 14:00:00,14,266,1,1
1045,Da Nang City,Bike,2025-08-02,2025-08-03 00:00:00,24,432,1,1
1046,Da Nang City,Car,2025-05-19,2025-05-19 13:00:00,13,91,3,0
1047,Da Nang City,Car,2025-01-14,2025-01-15 11:00:00,35,245,3,0
1048,Da Nang City,Electric Scooter,2025-05-19,2025-05-20 15:00:00,39,780,3,0
1049,HCM District 1,Bike,2025-10-27,2025-10-28 00:00:00,24,216,2,0
1050,HCM District 1,Electric Scooter,2025-05-06,2025-05-08 03:00:00,51,306,4,1
1051,HCM District 1,Car,2025-10-27,2025-10-29 16:00:00,64,1088,1,0
1052,HCM District 1,Electric Scooter,2025-03-21,2025-03-22 11:00:00,35,630,2,0
1053,Da Nang City,Car,2025-07-13,2025-07-14 04:00:00,28,168,1,0
1054,Da Nang City,Electric Scooter,2025-02-19,2025-02-21 16:00:00,64,704,5,0
1055,Da Nang City,Bike,2025-06-05,2025-06-05 06:00:00,6,78,1,0
1056,Da Nang City,Electric Scooter,2025-10-28,2025-10-30 08:00:00,56,1120,4,0
1057,Da Nang City,Car,2025-02-28,2025-03-01 15:00:00,39,507,1,1
1058,Hanoi Center,Electric Scooter,2025-08-03,2025-08-03 21:00:00,21,147,3,1
1059,HCM District 1,Electric Scooter,2025-03-21,2025-03-21 11:00:00,11,176,4,1
1060,Da Nang City,Bike,2025-09-03,2025-09-05 14:00:00,62,434,2,0
1061,HCM District 1,Car,2025-02-16,2025-02-17 14:00:00,38,228,4,0
1062,Da Nang City,Car,2025-09-30,2025-09-30 16:00:00,16,80,4,1
1063,HCM District 1,Car,2025-01-05,2025-01-06 19:00:00,43,731,5,1
1064,HCM District 1,Bike,2025-06-10,2025-06-12 14:00:00,62,868,1,1
1065,HCM District 1,Bike,2025-05-07,2025-05-07 14:00:00,14,210,1,0
1066,Hanoi Center,Bike,2025-10-17,2025-10-17 02:00:00,2,34,3,0
1067,HCM District 1,Car,2025-09-26,2025-09-28 15:00:00,63,315,1,0
1068,HCM District 1,Bike,2025-07-29,2025-07-31 18:00:00,66,1122,2,0
1069,Hanoi Center,Car,2025-10-22,2025-10-24 04:00:00,52,416,4,1
1070,Hanoi Center,Car,2025-08-27,2025-08-28 15:00:00,39,468,4,1
1071,Da Nang City,Bike,2025-09-22,2025-09-23 04:00:00,28,168,3,1
1072,Da Nang City,Car,2025-07-11,2025-07-13 23:00:00,71,497,4,0
1073,HCM District 1,Car,2025-09-09,2025-09-10 16:00:00,40,720,1,1
1074,HCM District 1,Car,2025-01-29,2025-01-30 00:00:00,24,264,5,1
1075,HCM District 1,Electric Scooter,2025-08-06,2025-08-08 14:00:00,62,558,1,0
1076,Da Nang City,Electric Scooter,2025-03-17,2025-03-18 02:00:00,26,130,5,0
1077,HCM District 1,Electric Scooter,2025-04-27,2025-04-29 09:00:00,57,1026,1,0
1078,HCM District 1,Electric Scooter,2025-10-12,2025-10-13 23:00:00,47,235,2,0
1079,Da Nang City,Bike,2025-05-20,2025-05-21 03:00:00,27,378,1,1
1080,HCM District 1,Car,2025-10-14,2025-10-15 03:00:00,27,378,1,0
1081,Da Nang City,Bike,2025-01-24,2025-01-26 02:00:00,50,750,3,0
1082,HCM District 1,Electric Scooter,2025-10-10,2025-10-10 09:00:00,9,63,3,0
1083,Hanoi Center,Bike,2025-06-05,2025-06-06 14:00:00,38,190,2,0
1084,HCM District 1,Bike,2025-09-07,2025-09-09 10:00:00,58,638,3,1
1085,Hanoi Center,Bike,2025-10-07,2025-10-07 14:00:00,14,168,1,1
1086,HCM District 1,Car,2025-03-31,2025-04-02 09:00:00,57,912,1,0
1087,HCM District 1,Electric Scooter,2025-09-10,2025-09-10 15:00:00,15,210,1,1
1088,HCM District 1,Car,2025-02-14,2025-02-16 07:00:00,55,770,2,0
1089,Hanoi Center,Car,2025-01-17,2025-01-17 06:00:00,6,78,2,1
1090,Da Nang City,Bike,2025-06-15,2025-06-15 15:00:00,15,240,4,1
1091,Da Nang City,Bike,2025-03-18,2025-03-19 07:00:00,31,527,3,1
1092,Da Nang City,Electric Scooter,2025-02-10,2025-02-11 01:00:00,25,375,3,1
1093,Da Nang City,Car,2025-06-18,2025-06-19 16:00:00,40,480,4,1
1094,Da Nang City,Electric Scooter,2025-04-08,2025-04-09 08:00:00,32,448,5,1
1095,HCM District 1,Bike,2025-06-03,2025-06-04 10:00:00,34,578,5,1
1096,Da Nang City,Electric Scooter,2025-02-01,2025-02-02 04:00:00,28,504,5,0
1097,Hanoi Center,Electric Scooter,2025-03-29,2025-03-31 15:00:00,63,819,2,0
1098,Hanoi Center,Bike,2025-09-24,2025-09-26 04:00:00,52,832,1,0
1099,Da Nang City,Electric Scooter,2025-03-17,2025-03-19 10:00:00,58,580,4,1
1100,Da Nang City,Car,2025-10-05,2025-10-05 12:00:00,12,216,1,0
1101,Hanoi Center,Electric Scooter,2025-10-16,2025-10-17 15:00:00,39,429,4,0
1102,Da Nang City,Electric Scooter,2025-03-26,2025-03-28 09:00:00,57,1026,3,0
1103,Hanoi Center,Bike,2025-03-22,2025-03-24 13:00:00,61,366,1,0
1104,HCM District 1,Car,2025-04-27,2025-04-29 23:00:00,71,781,5,1
1105,HCM District 1,Bike,2025-02-24,2025-02-25 19:00:00,43,430,2,0
1106,Hanoi Center,Car,2025-06-12,2025-06-12 23:00:00,23,161,3,0
1107,HCM District 1,Bike,2025-09-30,2025-10-01 03:00:00,27,486,4,0
1108,Hanoi Center,Bike,2025-05-19,2025-05-19 07:00:00,7,70,3,0
1109,Hanoi Center,Electric Scooter,2025-01-08,2025-01-10 09:00:00,57,1140,1,0
1110,Da Nang City,Car,2025-07-07,2025-07-07 14:00:00,14,126,5,1
1111,Da Nang City,Bike,2025-03-04,2025-03-05 07:00:00,31,310,5,0
1112,Hanoi Center,Car,2025-07-31,2025-07-31 14:00:00,14,112,1,1
1113,HCM District 1,Bike,2025-05-16,2025-05-18 22:00:00,70,700,3,0
1114,Da Nang City,Car,2025-05-30,2025-05-30 06:00:00,6,120,4,0
1115,HCM District 1,Bike,2025-02-23,2025-02-23 20:00:00,20,140,5,0
1116,Hanoi Center,Bike,2025-08-08,2025-08-08 03:00:00,3,18,5,1
1117,Hanoi Center,Bike,2025-10-11,2025-10-11 23:00:00,23,368,2,0
1118,Da Nang City,Car,2025-05-25,2025-05-26 11:00:00,35,490,3,1
1119,Da Nang City,Bike,2025-07-03,2025-07-05 11:00:00,59,354,2,1
1120,Hanoi Center,Bike,2025-09-19,2025-09-21 04:00:00,52,676,3,0
1121,Hanoi Center,Electric Scooter,2025-05-13,2025-05-14 02:00:00,26,494,2,0
1122,HCM District 1,Car,2025-09-17,2025-09-19 04:00:00,52,624,1,1
1123,Da Nang City,Electric Scooter,2025-01-02,2025-01-03 06:00:00,30,360,5,1
1124,HCM District 1,Car,2025-03-15,2025-03-17 07:00:00,55,275,2,1
1125,Da Nang City,Bike,2025-03-05,2025-03-05 12:00:00,12,228,5,0
1126,Da Nang City,Electric Scooter,2025-08-17,2025-08-18 20:00:00,44,836,4,1
1127,Da Nang City,Electric Scooter,2025-07-11,2025-07-11 04:00:00,4,36,4,1
1128,HCM District 1,Bike,2025-10-20,2025-10-21 23:00:00,47,423,1,0
1129,Da Nang City,Car,2025-05-13,2025-05-15 21:00:00,69,1380,5,1
1130,HCM District 1,Bike,2025-06-24,2025-06-26 09:00:00,57,456,4,1
1131,Da Nang City,Electric Scooter,2025-09-21,2025-09-23 14:00:00,62,1178,4,0
1132,Hanoi Center,Car,2025-01-28,2025-01-28 10:00:00,10,90,5,0
1133,Hanoi Center,Car,2025-02-20,2025-02-22 18:00:00,66,990,3,0
1134,HCM District 1,Car,2025-04-30,2025-04-30 05:00:00,5,90,4,0
1135,Da Nang City,Bike,2025-08-03,2025-08-05 06:00:00,54,864,2,0
1136,Da Nang City,Car,2025-01-02,2025-01-03 21:00:00,45,450,4,1
1137,Hanoi Center,Car,2025-10-25,2025-10-26 14:00:00,38,608,3,1
1138,HCM District 1,Electric Scooter,2025-04-12,2025-04-14 18:00:00,66,1320,3,0
1139,Hanoi Center,Electric Scooter,2025-06-14,2025-06-14 19:00:00,19,323,1,1
1140,Da Nang City,Bike,2025-06-02,2025-06-03 13:00:00,37,407,4,1
1141,Da Nang City,Car,2025-09-20,2025-09-20 03:00:00,3,15,4,1
1142,Da Nang City,Bike,2025-01-14,2025-01-14 17:00:00,17,255,3,0
1143,Hanoi Center,Car,2025-01-19,2025-01-19 22:00:00,22,110,2,1
1144,Da Nang City,Bike,2025-08-03,2025-08-04 07:00:00,31,310,5,0
1145,HCM District 1,Bike,2025-05-02,2025-05-03 07:00:00,31,496,3,0
1146,HCM District 1,Electric Scooter,2025-07-03,2025-07-04 10:00:00,34,476,2,0
1147,Hanoi Center,Electric Scooter,2025-04-22,2025-04-23 19:00:00,43,645,4,0
1148,HCM District 1,Bike,2025-10-22,2025-10-22 12:00:00,12,156,5,0
1149,Da Nang City,Car,2025-01-30,2025-01-31 19:00:00,43,387,2,1
1150,Da Nang City,Bike,2025-08-13,2025-08-13 02:00:00,2,10,2,0
1151,Hanoi Center,Car,2025-02-21,2025-02-23 11:00:00,59,295,4,0
1152,HCM District 1,Bike,2025-05-09,2025-05-09 15:00:00,15,300,3,1
1153,Da Nang City,Bike,2025-02-25,2025-02-25 15:00:00,15,90,3,1
1154,Da Nang City,Electric Scooter,2025-01-20,2025-01-21 12:00:00,36,360,2,1
1155,Hanoi Center,Bike,2025-10-02,2025-10-03 22:00:00,46,230,1,0
1156,Hanoi Center,Car,2025-09-08,2025-09-10 07:00:00,55,990,5,1
1157,HCM District 1,Car,2025-08-07,2025-08-08 10:00:00,34,170,1,1
1158,Da Nang City,Electric Scooter,2025-02-01,2025-02-02 22:00:00,46,506,1,0
1159,Hanoi Center,Car,2025-09-15,2025-09-16 15:00:00,39,507,1,1
1160,Da Nang City,Car,2025-05-13,2025-05-15 09:00:00,57,1083,4,0
1161,Da Nang City,Electric Scooter,2025-04-01,2025-04-03 05:00:00,53,583,4,1
1162,Da Nang City,Car,2025-04-12,2025-04-14 22:00:00,70,630,4,1
1163,Hanoi Center,Electric Scooter,2025-06-23,2025-06-24 19:00:00,43,731,3,0
1164,HCM District 1,Electric Scooter,2025-08-18,2025-08-20 21:00:00,69,897,4,0
1165,HCM District 1,Electric Scooter,2025-10-09,2025-10-09 23:00:00,23,161,5,1
1166,Hanoi Center,Electric Scooter,2025-02-17,2025-02-18 13:00:00,37,666,4,0
1167,Hanoi Center,Electric Scooter,2025-06-13,2025-06-14 10:00:00,34,476,3,1
1168,Hanoi Center,Car,2025-02-17,2025-02-19 17:00:00,65,780,5,1
1169,HCM District 1,Car,2025-06-23,2025-06-24 18:00:00,42,504,3,1
1170,Da Nang City,Bike,2025-02-15,2025-02-17 07:00:00,55,660,3,1
1171,Hanoi Center,Car,2025-01-21,2025-01-21 18:00:00,18,288,2,0
1172,HCM District 1,Bike,2025-06-16,2025-06-18 00:00:00,48,288,2,0
1173,HCM District 1,Bike,2025-10-02,2025-10-03 19:00:00,43,860,3,0
1174,Da Nang City,Bike,2025-04-23,2025-04-25 04:00:00,52,728,5,1
1175,HCM District 1,Car,2025-08-09,2025-08-10 07:00:00,31,310,1,1
1176,Da Nang City,Car,2025-10-07,2025-10-07 15:00:00,15,105,2,1
1177,Hanoi Center,Electric Scooter,2025-06-06,2025-06-06 14:00:00,14,154,5,1
1178,HCM District 1,Bike,2025-02-04,2025-02-05 22:00:00,46,230,5,1
1179,Hanoi Center,Electric Scooter,2025-09-28,2025-09-30 10:00:00,58,464,5,0
1180,HCM District 1,Car,2025-01-29,2025-01-29 09:00:00,9,162,5,0
1181,HCM District 1,Car,2025-08-30,2025-08-30 06:00:00,6,30,3,1
1182,HCM District 1,Bike,2025-09-29,2025-09-29 18:00:00,18,252,1,1
1183,Da Nang City,Car,2025-04-20,2025-04-22 20:00:00,68,612,3,1
1184,HCM District 1,Electric Scooter,2025-02-15,2025-02-16 10:00:00,34,340,4,1
1185,HCM District 1,Bike,2025-06-29,2025-06-29 20:00:00,20,220,1,0
1186,Da Nang City,Electric Scooter,2025-07-17,2025-07-17 06:00:00,6,108,3,1
1187,HCM District 1,Electric Scooter,2025-08-23,2025-08-24 06:00:00,30,450,2,0
1188,HCM District 1,Bike,2025-02-21,2025-02-21 14:00:00,14,252,2,1
1189,HCM District 1,Car,2025-10-18,2025-10-20 05:00:00,53,1060,5,0
1190,HCM District 1,Bike,2025-07-31,2025-07-31 10:00:00,10,180,4,1
1191,HCM District 1,Car,2025-04-24,2025-04-25 23:00:00,47,376,2,1
1192,Hanoi Center,Car,2025-01-05,2025-01-07 05:00:00,53,424,5,0
1193,Da Nang City,Electric Scooter,2025-03-10,2025-03-11 18:00:00,42,630,5,1
1194,Da Nang City,Car,2025-03-18,2025-03-18 11:00:00,11,55,3,1
1195,HCM District 1,Bike,2025-10-16,2025-10-16 17:00:00,17,221,5,1
1196,Da Nang City,Electric Scooter,2025-07-06,2025-07-07 22:00:00,46,460,5,0
1197,Da Nang City,Electric Scooter,2025-05-10,2025-05-10 06:00:00,6,114,1,0
1198,HCM District 1,Bike,2025-04-18,2025-04-19 18:00:00,42,504,1,1
1199,Da Nang City,Car,2025-07-19,2025-07-19 16:00:00,16,240,3,1
1200,HCM District 1,Car,2025-05-02,2025-05-03 14:00:00,38,304,2,1
1201,HCM District 1,Car,2025-05-01,2025-05-02 09:00:00,33,165,1,0
1202,HCM District 1,Car,2025-01-06,2025-01-08 15:00:00,63,1197,5,0
1203,HCM District 1,Car,2025-02-05,2025-02-06 14:00:00,38,722,3,1
1204,HCM District 1,Electric Scooter,2025-05-05,2025-05-07 20:00:00,68,680,3,0
1205,Da Nang City,Car,2025-01-29,2025-01-30 07:00:00,31,310,5,1
1206,Da Nang City,Bike,2025-04-05,2025-04-06 20:00:00,44,396,5,1
1207,HCM District 1,Bike,2025-02-12,2025-02-12 22:00:00,22,198,3,1
1208,HCM District 1,Car,2025-01-23,2025-01-25 14:00:00,62,868,4,1
1209,Hanoi Center,Bike,2025-10-25,2025-10-26 14:00:00,38,532,4,1
1210,Da Nang City,Car,2025-02-01,2025-02-01 14:00:00,14,196,2,1
1211,HCM District 1,Bike,2025-01-07,2025-01-07 02:00:00,2,30,3,1
1212,Da Nang City,Electric Scooter,2025-01-13,2025-01-14 22:00:00,46,920,5,0
1213,Da Nang City,Bike,2025-01-10,2025-01-10 19:00:00,19,247,3,1
1214,HCM District 1,Bike,2025-07-27,2025-07-27 10:00:00,10,180,5,0
1215,Da Nang City,Car,2025-01-30,2025-01-31 12:00:00,36,432,2,0
1216,Da Nang City,Electric Scooter,2025-03-14,2025-03-14 19:00:00,19,380,3,1
1217,Hanoi Center,Car,2025-10-15,2025-10-17 01:00:00,49,343,2,0
1218,HCM District 1,Car,2025-10-24,2025-10-25 16:00:00,40,600,2,0
1219,HCM District 1,Bike,2025-10-11,2025-10-13 04:00:00,52,520,2,1
1220,Da Nang City,Car,2025-05-27,2025-05-27 04:00:00,4,68,2,1
1221,Hanoi Center,Electric Scooter,2025-06-17,2025-06-18 06:00:00,30,330,1,1
1222,Hanoi Center,Bike,2025-06-04,2025-06-06 15:00:00,63,630,4,0
1223,Hanoi Center,Car,2025-06-21,2025-06-23 10:00:00,58,870,4,1
1224,HCM District 1,Car,2025-08-15,2025-08-17 11:00:00,59,767,1,1
1225,Hanoi Center,Bike,2025-02-07,2025-02-09 16:00:00,64,1216,4,0
1226,Da Nang City,Car,2025-07-16,2025-07-18 14:00:00,62,372,4,1
1227,Hanoi Center,Car,2025-03-24,2025-03-25 02:00:00,26,494,2,1
1228,HCM District 1,Electric Scooter,2025-09-25,2025-09-26 22:00:00,46,230,5,0
1229,Da Nang City,Bike,2025-05-30,2025-06-01 10:00:00,58,406,1,0
1230,Hanoi Center,Car,2025-10-17,2025-10-18 15:00:00,39,585,4,0
1231,HCM District 1,Electric Scooter,2025-09-15,2025-09-16 00:00:00,24,408,5,0
1232,Hanoi Center,Car,2025-08-03,2025-08-03 07:00:00,7,112,5,1
1233,HCM District 1,Electric Scooter,2025-03-13,2025-03-15 23:00:00,71,852,3,0
1234,Hanoi Center,Electric Scooter,2025-06-03,2025-06-04 08:00:00,32,288,1,0
1235,HCM District 1,Electric Scooter,2025-07-28,2025-07-29 16:00:00,40,200,2,0
1236,HCM District 1,Car,2025-07-09,2025-07-09 23:00:00,23,460,3,1
1237,Hanoi Center,Car,2025-06-21,2025-06-21 07:00:00,7,84,2,1
1238,HCM District 1,Electric Scooter,2025-02-28,2025-02-28 07:00:00,7,91,1,1
1239,Da Nang City,Car,2025-04-12,2025-04-12 21:00:00,21,315,2,0
1240,HCM District 1,Bike,2025-03-28,2025-03-29 08:00:00,32,512,4,0
1241,HCM District 1,Bike,2025-04-16,2025-04-17 19:00:00,43,559,2,1
1242,Da Nang City,Electric Scooter,2025-01-20,2025-01-22 07:00:00,55,990,4,0
1243,Da Nang City,Car,2025-04-08,2025-04-10 02:00:00,50,950,2,1
1244,HCM District 1,Car,2025-08-03,2025-08-03 21:00:00,21,315,2,0
1245,HCM District 1,Electric Scooter,2025-09-26,2025-09-28 15:00:00,63,1071,2,1
1246,Hanoi Center,Car,2025-06-19,2025-06-20 23:00:00,47,846,2,1
1247,Da Nang City,Car,2025-07-29,2025-07-29 07:00:00,7,126,2,0
1248,Da Nang City,Bike,2025-04-13,2025-04-14 15:00:00,39,624,3,0
1249,Da Nang City,Bike,2025-08-10,2025-08-10 18:00:00,18,162,2,1
1250,HCM District 1,Electric Scooter,2025-04-15,2025-04-17 01:00:00,49,294,5,1
1251,Da Nang City,Car,2025-08-23,2025-08-24 19:00:00,43,516,2,0
1252,Hanoi Center,Car,2025-10-22,2025-10-23 20:00:00,44,220,4,0
1253,HCM District 1,Bike,2025-03-22,2025-03-24 05:00:00,53,795,3,1
1254,Da Nang City,Car,2025-10-04,2025-10-06 13:00:00,61,488,2,1
1255,Hanoi Center,Bike,2025-10-24,2025-10-26 09:00:00,57,1140,2,0
1256,Hanoi Center,Electric Scooter,2025-07-16,2025-07-16 13:00:00,13,117,4,1
1257,Da Nang City,Bike,2025-05-25,2025-05-27 21:00:00,69,759,5,1
1258,Hanoi Center,Car,2025-03-18,2025-03-20 14:00:00,62,1054,5,1
1259,HCM District 1,Bike,2025-09-28,2025-09-29 02:00:00,26,260,1,0
1260,Da Nang City,Car,2025-08-06,2025-08-07 23:00:00,47,658,1,0
1261,Hanoi Center,Car,2025-08-20,2025-08-20 23:00:00,23,437,5,0
1262,Hanoi Center,Bike,2025-03-19,2025-03-19 19:00:00,19,342,5,0
1263,HCM District 1,Electric Scooter,2025-03-20,2025-03-21 03:00:00,27,513,5,1
1264,Hanoi Center,Electric Scooter,2025-07-01,2025-07-01 09:00:00,9,90,3,1
1265,Hanoi Center,Car,2025-06-13,2025-06-13 07:00:00,7,42,5,1
1266,HCM District 1,Bike,2025-03-08,2025-03-10 11:00:00,59,354,2,1
1267,HCM District 1,Electric Scooter,2025-10-14,2025-10-14 17:00:00,17,170,5,1
1268,HCM District 1,Bike,2025-03-04,2025-03-06 13:00:00,61,549,1,0
1269,HCM District 1,Car,2025-07-30,2025-07-31 04:00:00,28,336,3,0
1270,HCM District 1,Electric Scooter,2025-07-09,2025-07-11 14:00:00,62,1178,3,0
1271,Hanoi Center,Bike,2025-02-06,2025-02-06 08:00:00,8,88,4,1
1272,HCM District 1,Electric Scooter,2025-05-23,2025-05-23 21:00:00,21,189,4,0
1273,HCM District 1,Electric Scooter,2025-10-22,2025-10-23 22:00:00,46,276,5,1
1274,HCM District 1,Bike,2025-04-01,2025-04-01 02:00:00,2,28,2,1
1275,HCM District 1,Electric Scooter,2025-07-05,2025-07-06 04:00:00,28,168,4,0
1276,Hanoi Center,Electric Scooter,2025-06-09,2025-06-11 00:00:00,48,672,3,0
1277,Da Nang City,Electric Scooter,2025-08-06,2025-08-08 23:00:00,71,994,2,1
1278,Hanoi Center,Electric Scooter,2025-02-27,2025-03-01 00:00:00,48,480,5,1
1279,Da Nang City,Bike,2025-08-31,2025-08-31 02:00:00,2,20,2,1
1280,HCM District 1,Car,2025-06-11,2025-06-13 15:00:00,63,504,4,1
1281,HCM District 1,Bike,2025-03-04,2025-03-04 03:00:00,3,27,4,1
1282,HCM District 1,Electric Scooter,2025-10-12,2025-10-14 03:00:00,51,561,2,1
1283,HCM District 1,Electric Scooter,2025-03-07,2025-03-07 14:00:00,14,196,3,1
1284,Da Nang City,Electric Scooter,2025-09-26,2025-09-26 02:00:00,2,32,4,1
1285,HCM District 1,Car,2025-06-20,2025-06-20 12:00:00,12,156,1,1
1286,Da Nang City,Car,2025-03-10,2025-03-12 07:00:00,55,385,2,1
1287,HCM District 1,Bike,2025-10-09,2025-10-10 12:00:00,36,504,1,0
1288,HCM District 1,Bike,2025-03-18,2025-03-19 02:00:00,26,312,1,0
1289,HCM District 1,Electric Scooter,2025-09-02,2025-09-04 20:00:00,68,1088,3,1
1290,Hanoi Center,Electric Scooter,2025-03-23,2025-03-24 13:00:00,37,666,4,1
1291,Hanoi Center,Bike,2025-09-24,2025-09-25 09:00:00,33,264,1,1
1292,Da Nang City,Electric Scooter,2025-03-15,2025-03-15 19:00:00,19,152,2,1
1293,HCM District 1,Bike,2025-06-22,2025-06-24 07:00:00,55,550,2,0
1294,HCM District 1,Car,2025-05-25,2025-05-25 22:00:00,22,242,1,0
1295,Da Nang City,Electric Scooter,2025-06-18,2025-06-18 12:00:00,12,108,4,0
1296,Hanoi Center,Electric Scooter,2025-01-15,2025-01-16 18:00:00,42,546,4,0
1297,Hanoi Center,Electric Scooter,2025-10-01,2025-10-01 15:00:00,15,90,1,0
1298,Hanoi Center,Electric Scooter,2025-04-13,2025-04-13 05:00:00,5,50,5,0
1299,Hanoi Center,Electric Scooter,2025-10-06,2025-10-06 21:00:00,21,399,1,1
1300,Da Nang City,Bike,2025-09-20,2025-09-20 20:00:00,20,260,2,0
1301,HCM District 1,Electric Scooter,2025-10-05,2025-10-05 12:00:00,12,228,3,1
1302,HCM District 1,Car,2025-01-11,2025-01-13 07:00:00,55,825,3,0
1303,HCM District 1,Car,2025-06-17,2025-06-18 20:00:00,44,220,4,1
1304,HCM District 1,Electric Scooter,2025-05-15,2025-05-17 17:00:00,65,1300,3,1
1305,Hanoi Center,Bike,2025-02-25,2025-02-27 19:00:00,67,804,5,0
1306,HCM District 1,Bike,2025-05-12,2025-05-14 15:00:00,63,504,5,1
1307,HCM District 1,Electric Scooter,2025-01-13,2025-01-14 22:00:00,46,230,1,1
1308,Hanoi Center,Electric Scooter,2025-06-17,2025-06-19 03:00:00,51,561,5,0
1309,Hanoi Center,Electric Scooter,2025-09-19,2025-09-20 12:00:00,36,468,5,1
1310,HCM District 1,Electric Scooter,2025-08-14,2025-08-15 00:00:00,24,336,4,0
1311,Hanoi Center,Car,2025-07-04,2025-07-06 03:00:00,51,510,1,1
1312,Hanoi Center,Electric Scooter,2025-06-11,2025-06-11 17:00:00,17,221,2,1
1313,Da Nang City,Car,2025-07-24,2025-07-25 14:00:00,38,228,3,0
1314,Da Nang City,Electric Scooter,2025-07-24,2025-07-24 12:00:00,12,192,2,1
1315,HCM District 1,Bike,2025-01-13,2025-01-15 21:00:00,69,1104,5,1
1316,Da Nang City,Car,2025-05-03,2025-05-03 16:00:00,16,192,3,0
1317,HCM District 1,Car,2025-04-19,2025-04-20 03:00:00,27,540,1,1
1318,HCM District 1,Electric Scooter,2025-07-01,2025-07-02 18:00:00,42,714,2,0
1319,HCM District 1,Car,2025-09-06,2025-09-06 18:00:00,18,360,3,1
1320,Hanoi Center,Car,2025-06-14,2025-06-16 23:00:00,71,1420,1,0
1321,Hanoi Center,Car,2025-04-16,2025-04-17 15:00:00,39,663,1,1
1322,Hanoi Center,Car,2025-08-01,2025-08-03 02:00:00,50,300,4,1
1323,Hanoi Center,Bike,2025-06-29,2025-06-30 18:00:00,42,378,5,0
1324,HCM District 1,Car,2025-07-25,2025-07-25 11:00:00,11,110,3,1
1325,HCM District 1,Bike,2025-01-06,2025-01-07 17:00:00,41,533,2,1
1326,Hanoi Center,Car,2025-01-26,2025-01-28 01:00:00,49,735,5,1
1327,HCM District 1,Electric Scooter,2025-04-23,2025-04-24 00:00:00,24,216,2,0
1328,Da Nang City,Car,2025-06-02,2025-06-04 02:00:00,50,800,2,1
1329,Hanoi Center,Car,2025-04-12,2025-04-13 13:00:00,37,259,2,1
1330,Da Nang City,Bike,2025-09-11,2025-09-13 21:00:00,69,621,4,0
1331,Da Nang City,Car,2025-07-26,2025-07-26 16:00:00,16,176,2,0
1332,Da Nang City,Electric Scooter,2025-02-14,2025-02-15 10:00:00,34,680,3,1
1333,Da Nang City,Car,2025-04-01,2025-04-03 10:00:00,58,522,5,0
1334,HCM District 1,Car,2025-06-22,2025-06-23 04:00:00,28,532,1,0
1335,Da Nang City,Electric Scooter,2025-10-06,2025-10-07 22:00:00,46,828,3,1
1336,Da Nang City,Electric Scooter,2025-03-21,2025-03-23 00:00:00,48,240,2,0
1337,HCM District 1,Car,2025-02-11,2025-02-11 03:00:00,3,42,5,0
1338,Hanoi Center,Car,2025-03-10,2025-03-10 07:00:00,7,98,5,0
1339,Hanoi Center,Electric Scooter,2025-08-27,2025-08-28 11:00:00,35,315,1,0
1340,Hanoi Center,Bike,2025-07-17,2025-07-18 06:00:00,30,420,4,0
1341,HCM District 1,Electric Scooter,2025-01-20,2025-01-20 22:00:00,22,176,2,1
1342,Da Nang City,Bike,2025-08-16,2025-08-16 19:00:00,19,95,2,1
1343,Da Nang City,Car,2025-01-28,2025-01-28 20:00:00,20,180,3,1
1344,Hanoi Center,Electric Scooter,2025-03-27,2025-03-28 04:00:00,28,224,2,0
1345,HCM District 1,Car,2025-09-23,2025-09-25 01:00:00,49,245,1,0
1346,Da Nang City,Bike,2025-09-13,2025-09-15 17:00:00,65,650,2,0
1347,HCM District 1,Car,2025-07-17,2025-07-17 16:00:00,16,320,3,1
1348,Hanoi Center,Electric Scooter,2025-01-23,2025-01-25 13:00:00,61,366,4,0
1349,HCM District 1,Bike,2025-07-24,2025-07-24 03:00:00,3,27,5,0
1350,Hanoi Center,Electric Scooter,2025-09-15,2025-09-16 17:00:00,41,656,2,1
1351,Da Nang City,Car,2025-10-16,2025-10-18 18:00:00,66,990,5,1
1352,HCM District 1,Electric Scooter,2025-09-25,2025-09-26 16:00:00,40,520,2,0
1353,Hanoi Center,Car,2025-07-05,2025-07-05 12:00:00,12,108,2,0
1354,Hanoi Center,Electric Scooter,2025-09-05,2025-09-06 21:00:00,45,900,2,0
1355,HCM District 1,Electric Scooter,2025-01-15,2025-01-17 12:00:00,60,420,5,1
1356,HCM District 1,Car,2025-07-15,2025-07-17 19:00:00,67,804,4,0
1357,HCM District 1,Bike,2025-02-21,2025-02-21 19:00:00,19,114,2,0
1358,Da Nang City,Bike,2025-02-06,2025-02-06 11:00:00,11,154,3,1
1359,Da Nang City,Bike,2025-01-04,2025-01-06 09:00:00,57,855,2,0
1360,Hanoi Center,Car,2025-05-21,2025-05-22 23:00:00,47,940,2,1
1361,Da Nang City,Car,2025-08-12,2025-08-14 03:00:00,51,561,2,0
1362,Hanoi Center,Bike,2025-07-03,2025-07-04 02:00:00,26,286,3,0
1363,Da Nang City,Electric Scooter,2025-07-31,2025-08-02 08:00:00,56,672,2,0
1364,HCM District 1,Electric Scooter,2025-06-26,2025-06-27 10:00:00,34,272,2,1
1365,Hanoi Center,Car,2025-03-29,2025-03-30 07:00:00,31,465,3,1
1366,Hanoi Center,Car,2025-07-14,2025-07-14 02:00:00,2,36,1,1
1367,Hanoi Center,Bike,2025-06-28,2025-06-30 14:00:00,62,806,3,0
1368,HCM District 1,Electric Scooter,2025-09-06,2025-09-06 20:00:00,20,120,2,1
1369,HCM District 1,Bike,2025-06-13,2025-06-15 11:00:00,59,1062,1,1
1370,Hanoi Center,Car,2025-04-24,2025-04-24 12:00:00,12,144,1,1
1371,HCM District 1,Car,2025-07-16,2025-07-17 11:00:00,35,490,5,0
1372,Da Nang City,Car,2025-05-21,2025-05-22 13:00:00,37,185,2,1
1373,Hanoi Center,Bike,2025-09-22,2025-09-24 01:00:00,49,588,4,0
1374,Hanoi Center,Car,2025-01-07,2025-01-09 11:00:00,59,826,2,1
1375,Hanoi Center,Car,2025-04-11,2025-04-12 03:00:00,27,540,4,0
1376,Hanoi Center,Electric Scooter,2025-01-25,2025-01-26 04:00:00,28,476,2,1
1377,Hanoi Center,Bike,2025-10-01,2025-10-01 05:00:00,5,90,5,0
1378,HCM District 1,Bike,2025-04-13,2025-04-13 02:00:00,2,34,4,1
1379,Da Nang City,Electric Scooter,2025-09-07,2025-09-07 09:00:00,9,99,1,0
1380,Da Nang City,Bike,2025-06-09,2025-06-09 06:00:00,6,90,4,0
1381,Hanoi Center,Car,2025-01-27,2025-01-29 11:00:00,59,472,1,0
1382,HCM District 1,Bike,2025-08-23,2025-08-24 12:00:00,36,288,1,0
1383,Da Nang City,Bike,2025-01-28,2025-01-30 07:00:00,55,1100,4,0
1384,HCM District 1,Bike,2025-06-11,2025-06-12 01:00:00,25,425,3,1
1385,HCM District 1,Bike,2025-08-20,2025-08-22 09:00:00,57,456,5,0
1386,Hanoi Center,Car,2025-04-29,2025-05-01 04:00:00,52,936,4,1
1387,Da Nang City,Electric Scooter,2025-02-11,2025-02-11 14:00:00,14,224,1,1
1388,Hanoi Center,Electric Scooter,2025-10-19,2025-10-21 19:00:00,67,469,5,0
1389,Hanoi Center,Car,2025-04-16,2025-04-16 10:00:00,10,200,4,1
1390,Hanoi Center,Bike,2025-04-30,2025-05-03 00:00:00,72,576,2,0
1391,Da Nang City,Electric Scooter,2025-10-07,2025-10-08 20:00:00,44,528,2,1
1392,Hanoi Center,Car,2025-08-13,2025-08-14 02:00:00,26,442,2,0
1393,Da Nang City,Bike,2025-03-12,2025-03-14 21:00:00,69,690,4,0
1394,HCM District 1,Bike,2025-01-05,2025-01-06 08:00:00,32,320,4,0
1395,HCM District 1,Car,2025-04-01,2025-04-03 13:00:00,61,549,4,1
1396,Hanoi Center,Electric Scooter,2025-05-08,2025-05-09 07:00:00,31,465,3,0
1397,HCM District 1,Car,2025-06-06,2025-06-06 20:00:00,20,160,2,0
1398,HCM District 1,Electric Scooter,2025-01-05,2025-01-05 05:00:00,5,95,5,1
1399,HCM District 1,Bike,2025-04-08,2025-04-10 04:00:00,52,988,1,0
1400,Da Nang City,Car,2025-06-23,2025-06-25 01:00:00,49,392,3,1
1401,Hanoi Center,Car,2025-07-05,2025-07-05 08:00:00,8,160,1,1
1402,Hanoi Center,Car,2025-06-14,2025-06-16 23:00:00,71,923,5,1
1403,Hanoi Center,Car,2025-02-08,2025-02-08 18:00:00,18,108,5,1
1404,HCM District 1,Car,2025-09-14,2025-09-15 04:00:00,28,252,3,0
1405,HCM District 1,Electric Scooter,2025-02-07,2025-02-09 00:00:00,48,624,2,0
1406,Hanoi Center,Car,2025-02-01,2025-02-03 12:00:00,60,660,3,0
1407,Hanoi Center,Bike,2025-07-11,2025-07-12 00:00:00,24,312,3,0
1408,Da Nang City,Car,2025-06-24,2025-06-24 09:00:00,9,126,3,1
1409,HCM District 1,Car,2025-01-23,2025-01-25 09:00:00,57,912,4,1
1410,Hanoi Center,Bike,2025-01-11,2025-01-11 07:00:00,7,119,2,0
1411,Da Nang City,Bike,2025-10-22,2025-10-23 10:00:00,34,578,4,1
1412,Da Nang City,Bike,2025-04-15,2025-04-16 21:00:00,45,765,5,0
1413,Da Nang City,Bike,2025-05-07,2025-05-08 02:00:00,26,182,1,0
1414,Hanoi Center,Car,2025-10-12,2025-10-14 20:00:00,68,1292,4,1
1415,Hanoi Center,Bike,2025-04-24,2025-04-25 16:00:00,40,520,3,1
1416,Hanoi Center,Electric Scooter,2025-07-19,2025-07-21 02:00:00,50,350,2,1
1417,HCM District 1,Electric Scooter,2025-10-16,2025-10-17 16:00:00,40,800,1,1
1418,HCM District 1,Car,2025-10-23,2025-10-23 22:00:00,22,286,4,0
1419,Hanoi Center,Car,2025-07-18,2025-07-20 08:00:00,56,784,4,0
1420,Hanoi Center,Electric Scooter,2025-03-09,2025-03-10 03:00:00,27,540,5,1
1421,Da Nang City,Electric Scooter,2025-04-19,2025-04-19 11:00:00,11,66,4,0
1422,HCM District 1,Car,2025-06-27,2025-06-27 17:00:00,17,153,5,0
1423,Hanoi Center,Electric Scooter,2025-07-21,2025-07-23 05:00:00,53,795,5,0
1424,Hanoi Center,Car,2025-02-10,2025-02-10 17:00:00,17,204,1,1
1425,Da Nang City,Car,2025-09-23,2025-09-24 09:00:00,33,594,4,0
1426,Hanoi Center,Bike,2025-06-27,2025-06-27 14:00:00,14,252,5,0
1427,HCM District 1,Bike,2025-07-25,2025-07-25 02:00:00,2,16,5,0
1428,Hanoi Center,Bike,2025-07-22,2025-07-23 20:00:00,44,792,3,0
1429,Hanoi Center,Car,2025-01-12,2025-01-13 07:00:00,31,248,3,0
1430,Da Nang City,Bike,2025-01-18,2025-01-19 22:00:00,46,874,1,1
1431,Da Nang City,Car,2025-03-02,2025-03-04 13:00:00,61,305,3,0
1432,HCM District 1,Bike,2025-10-03,2025-10-03 21:00:00,21,126,4,1
1433,Da Nang City,Bike,2025-09-04,2025-09-04 20:00:00,20,180,4,0
1434,Hanoi Center,Electric Scooter,2025-03-12,2025-03-12 17:00:00,17,340,5,1
1435,Hanoi Center,Electric Scooter,2025-07-22,2025-07-22 16:00:00,16,96,2,1
1436,HCM District 1,Electric Scooter,2025-10-15,2025-10-16 23:00:00,47,940,4,0
1437,Hanoi Center,Electric Scooter,2025-08-11,2025-08-13 17:00:00,65,455,1,0
1438,Da Nang City,Car,2025-07-21,2025-07-22 17:00:00,41,287,2,0
1439,Hanoi Center,Bike,2025-06-14,2025-06-16 08:00:00,56,784,1,1
1440,HCM District 1,Bike,2025-10-03,2025-10-05 19:00:00,67,1139,4,0
1441,Da Nang City,Car,2025-04-04,2025-04-06 17:00:00,65,520,1,1
1442,Da Nang City,Car,2025-04-29,2025-04-30 09:00:00,33,264,4,1
1443,Hanoi Center,Car,2025-09-03,2025-09-03 16:00:00,16,240,3,1
1444,Da Nang City,Electric Scooter,2025-08-13,2025-08-13 15:00:00,15,105,2,0
1445,Da Nang City,Electric Scooter,2025-01-29,2025-01-30 20:00:00,44,880,5,0
1446,Hanoi Center,Electric Scooter,2025-10-06,2025-10-06 13:00:00,13,156,5,1
1447,Da Nang City,Car,2025-10-20,2025-10-22 11:00:00,59,767,5,0
1448,Hanoi Center,Car,2025-05-11,2025-05-12 18:00:00,42,504,3,1
1449,HCM District 1,Car,2025-01-20,2025-01-20 13:00:00,13,65,3,0
1450,HCM District 1,Bike,2025-02-12,2025-02-15 00:00:00,72,864,5,0
1451,Da Nang City,Car,2025-02-24,2025-02-25 14:00:00,38,722,1,0
1452,Da Nang City,Electric Scooter,2025-10-28,2025-10-28 13:00:00,13,208,1,0
1453,Da Nang City,Electric Scooter,2025-04-10,2025-04-12 22:00:00,70,910,1,0
1454,HCM District 1,Bike,2025-09-16,2025-09-18 19:00:00,67,670,2,0
1455,HCM District 1,Bike,2025-05-29,2025-05-30 07:00:00,31,496,2,1
1456,Hanoi Center,Electric Scooter,2025-08-14,2025-08-16 10:00:00,58,348,1,0
1457,Hanoi Center,Electric Scooter,2025-05-06,2025-05-07 06:00:00,30,450,4,0
1458,Hanoi Center,Bike,2025-09-05,2025-09-07 22:00:00,70,490,5,1
1459,HCM District 1,Car,2025-01-09,2025-01-10 18:00:00,42,672,3,1
1460,HCM District 1,Car,2025-05-16,2025-05-17 20:00:00,44,616,4,1
1461,HCM District 1,Bike,2025-09-18,2025-09-20 18:00:00,66,528,4,1
1462,Da Nang City,Electric Scooter,2025-02-13,2025-02-13 01:00:00,1,10,5,0
1463,HCM District 1,Car,2025-10-21,2025-10-23 01:00:00,49,784,4,0
1464,HCM District 1,Electric Scooter,2025-03-10,2025-03-11 12:00:00,36,180,4,0
1465,HCM District 1,Electric Scooter,2025-08-31,2025-09-02 09:00:00,57,627,3,0
1466,HCM District 1,Bike,2025-07-09,2025-07-11 21:00:00,69,414,4,1
1467,Da Nang City,Car,2025-10-18,2025-10-20 10:00:00,58,812,1,0
1468,HCM District 1,Electric Scooter,2025-07-19,2025-07-19 03:00:00,3,27,4,0
1469,Da Nang City,Bike,2025-09-24,2025-09-26 12:00:00,60,1080,2,0
1470,Da Nang City,Bike,2025-05-05,2025-05-06 00:00:00,24,168,3,1
1471,Da Nang City,Bike,2025-08-27,2025-08-27 08:00:00,8,112,2,1
1472,HCM District 1,Bike,2025-04-28,2025-04-30 03:00:00,51,867,1,0
1473,HCM District 1,Bike,2025-02-22,2025-02-23 08:00:00,32,576,3,1
1474,Da Nang City,Bike,2025-05-07,2025-05-07 23:00:00,23,345,1,0
1475,Hanoi Center,Bike,2025-03-15,2025-03-16 08:00:00,32,544,4,0
1476,HCM District 1,Electric Scooter,2025-06-06,2025-06-07 00:00:00,24,168,5,1
1477,Da Nang City,Bike,2025-09-23,2025-09-24 00:00:00,24,144,3,0
1478,HCM District 1,Electric Scooter,2025-06-16,2025-06-17 01:00:00,25,125,1,0
1479,HCM District 1,Electric Scooter,2025-08-23,2025-08-23 05:00:00,5,35,2,0
1480,Da Nang City,Electric Scooter,2025-08-01,2025-08-01 12:00:00,12,240,5,1
1481,Hanoi Center,Car,2025-07-28,2025-07-30 02:00:00,50,450,3,1
1482,HCM District 1,Electric Scooter,2025-05-31,2025-06-02 08:00:00,56,336,5,1
1483,HCM District 1,Bike,2025-01-15,2025-01-17 06:00:00,54,540,4,1
1484,HCM District 1,Car,2025-04-10,2025-04-10 03:00:00,3,36,5,0
1485,Da Nang City,Bike,2025-04-11,2025-04-12 05:00:00,29,145,2,0
1486,Hanoi Center,Car,2025-03-28,2025-03-29 22:00:00,46,552,3,1
1487,Hanoi Center,Bike,2025-10-08,2025-10-08 16:00:00,16,224,1,1
1488,HCM District 1,Electric Scooter,2025-06-13,2025-06-13 10:00:00,10,160,1,0
1489,Da Nang City,Bike,2025-01-23,2025-01-24 15:00:00,39,234,2,0
1490,Da Nang City,Electric Scooter,2025-04-04,2025-04-05 20:00:00,44,836,3,0
1491,Hanoi Center,Bike,2025-04-30,2025-04-30 06:00:00,6,96,5,1
1492,Da Nang City,Bike,2025-08-29,2025-08-29 08:00:00,8,56,5,0
1493,Da Nang City,Bike,2025-04-01,2025-04-02 07:00:00,31,310,4,0
1494,HCM District 1,Electric Scooter,2025-10-14,2025-10-16 00:00:00,48,336,2,1
1495,Da Nang City,Electric Scooter,2025-06-18,2025-06-20 15:00:00,63,1134,2,1
1496,Da Nang City,Electric Scooter,2025-02-11,2025-02-12 15:00:00,39,702,2,0
1497,Da Nang City,Car,2025-05-02,2025-05-05 00:00:00,72,1368,3,0
1498,Da Nang City,Electric Scooter,2025-02-10,2025-02-10 02:00:00,2,24,4,1
1499,Hanoi Center,Car,2025-03-04,2025-03-05 09:00:00,33,165,5,1
1500,HCM District 1,Electric Scooter,2025-06-14,2025-06-15 20:00:00,44,836,4,1
1501,HCM District 1,Car,2025-07-05,2025-07-07 11:00:00,59,354,1,1
1502,Da Nang City,Electric Scooter,2025-01-13,2025-01-13 14:00:00,14,238,1,0
1503,HCM District 1,Electric Scooter,2025-01-06,2025-01-08 16:00:00,64,768,5,1
1504,HCM District 1,Car,2025-07-30,2025-07-30 21:00:00,21,357,2,1
1505,Da Nang City,Electric Scooter,2025-03-10,2025-03-11 04:00:00,28,140,3,0
1506,Hanoi Center,Car,2025-03-06,2025-03-08 13:00:00,61,427,4,0
1507,HCM District 1,Electric Scooter,2025-10-18,2025-10-18 09:00:00,9,99,5,0
1508,HCM District 1,Bike,2025-02-17,2025-02-17 10:00:00,10,60,3,0
1509,Hanoi Center,Electric Scooter,2025-10-17,2025-10-19 07:00:00,55,770,2,0
1510,HCM District 1,Electric Scooter,2025-06-25,2025-06-25 10:00:00,10,180,3,0
1511,Da Nang City,Bike,2025-01-18,2025-01-20 22:00:00,70,560,1,1
1512,Da Nang City,Bike,2025-06-25,2025-06-27 16:00:00,64,320,1,0
1513,Hanoi Center,Car,2025-07-11,2025-07-12 06:00:00,30,210,1,1
1514,Hanoi Center,Bike,2025-05-02,2025-05-03 05:00:00,29,203,2,0
1515,Da Nang City,Bike,2025-04-02,2025-04-04 01:00:00,49,392,2,1
1516,HCM District 1,Bike,2025-02-26,2025-02-28 23:00:00,71,426,3,1
1517,HCM District 1,Bike,2025-10-09,2025-10-09 15:00:00,15,195,5,1
1518,Hanoi Center,Electric Scooter,2025-06-09,2025-06-09 21:00:00,21,210,4,0
1519,Hanoi Center,Car,2025-03-24,2025-03-25 00:00:00,24,480,1,0
1520,Hanoi Center,Bike,2025-04-17,2025-04-18 09:00:00,33,594,4,1
1521,Hanoi Center,Car,2025-08-04,2025-08-05 20:00:00,44,484,1,0
1522,HCM District 1,Bike,2025-10-16,2025-10-19 00:00:00,72,792,4,1
1523,Hanoi Center,Bike,2025-10-21,2025-10-22 23:00:00,47,517,1,0
1524,Hanoi Center,Electric Scooter,2025-04-30,2025-05-01 01:00:00,25,375,5,1
1525,Hanoi Center,Car,2025-01-26,2025-01-26 03:00:00,3,24,5,0
1526,Hanoi Center,Car,2025-08-12,2025-08-14 20:00:00,68,408,3,0
1527,HCM District 1,Car,2025-10-09,2025-10-11 22:00:00,70,770,5,0
1528,HCM District 1,Bike,2025-04-06,2025-04-07 13:00:00,37,222,1,1
1529,Da Nang City,Car,2025-08-02,2025-08-04 21:00:00,69,345,5,0
1530,Hanoi Center,Car,2025-01-22,2025-01-22 17:00:00,17,170,2,0
1531,Da Nang City,Electric Scooter,2025-09-27,2025-09-28 17:00:00,41,779,3,1
1532,Da Nang City,Car,2025-09-08,2025-09-08 03:00:00,3,42,3,0
1533,HCM District 1,Electric Scooter,2025-07-05,2025-07-07 03:00:00,51,255,2,0
1534,Da Nang City,Bike,2025-04-18,2025-04-18 09:00:00,9,171,5,1
1535,HCM District 1,Electric Scooter,2025-05-05,2025-05-05 19:00:00,19,342,2,1
1536,HCM District 1,Car,2025-04-18,2025-04-19 19:00:00,43,602,2,0
1537,Da Nang City,Bike,2025-05-10,2025-05-10 01:00:00,1,19,5,0
1538,Hanoi Center,Bike,2025-07-29,2025-07-31 20:00:00,68,1292,3,0
1539,HCM District 1,Electric Scooter,2025-01-24,2025-01-25 04:00:00,28,532,1,0
1540,Hanoi Center,Electric Scooter,2025-01-20,2025-01-20 20:00:00,20,160,5,1
1541,Hanoi Center,Bike,2025-08-06,2025-08-06 09:00:00,9,180,4,1
1542,HCM District 1,Electric Scooter,2025-07-03,2025-07-04 12:00:00,36,684,1,1
1543,Da Nang City,Car,2025-07-31,2025-08-02 00:00:00,48,912,4,0
1544,Hanoi Center,Bike,2025-05-26,2025-05-28 15:00:00,63,693,2,0
1545,HCM District 1,Bike,2025-06-05,2025-06-05 19:00:00,19,171,2,1
1546,Da Nang City,Bike,2025-04-29,2025-04-30 08:00:00,32,544,5,1
1547,Da Nang City,Electric Scooter,2025-01-18,2025-01-19 03:00:00,27,459,1,1
1548,Da Nang City,Bike,2025-03-05,2025-03-06 15:00:00,39,195,4,0
1549,HCM District 1,Car,2025-06-30,2025-07-01 14:00:00,38,380,3,0
1550,Da Nang City,Electric Scooter,2025-09-13,2025-09-13 09:00:00,9,171,5,0
1551,Da Nang City,Bike,2025-09-14,2025-09-14 23:00:00,23,184,5,1
1552,Hanoi Center,Electric Scooter,2025-02-06,2025-02-07 14:00:00,38,722,5,0
1553,Da Nang City,Bike,2025-08-20,2025-08-21 22:00:00,46,828,3,1
1554,Da Nang City,Bike,2025-08-04,2025-08-05 09:00:00,33,627,4,0
1555,Hanoi Center,Bike,2025-07-28,2025-07-30 20:00:00,68,340,2,0
1556,Da Nang City,Car,2025-10-02,2025-10-02 14:00:00,14,140,4,1
1557,Hanoi Center,Electric Scooter,2025-10-01,2025-10-02 11:00:00,35,560,1,1
1558,Da Nang City,Car,2025-06-10,2025-06-11 20:00:00,44,484,2,1
1559,Da Nang City,Bike,2025-06-02,2025-06-02 16:00:00,16,208,5,1
1560,Da Nang City,Electric Scooter,2025-09-12,2025-09-12 12:00:00,12,132,4,1
1561,Hanoi Center,Car,2025-05-21,2025-05-21 13:00:00,13,260,2,1
1562,HCM District 1,Car,2025-03-19,2025-03-20 16:00:00,40,440,2,0
1563,Da Nang City,Car,2025-08-25,2025-08-25 10:00:00,10,200,1,1
1564,Hanoi Center,Car,2025-08-23,2025-08-25 20:00:00,68,612,1,1
1565,Da Nang City,Bike,2025-03-11,2025-03-13 01:00:00,49,343,2,0
1566,Hanoi Center,Electric Scooter,2025-08-05,2025-08-05 08:00:00,8,56,4,0
1567,HCM District 1,Car,2025-09-10,2025-09-12 06:00:00,54,810,2,1
1568,Hanoi Center,Electric Scooter,2025-02-13,2025-02-14 18:00:00,42,294,4,0
1569,Da Nang City,Electric Scooter,2025-05-18,2025-05-19 06:00:00,30,390,4,0
1570,Da Nang City,Electric Scooter,2025-08-04,2025-08-06 02:00:00,50,650,4,1
1571,HCM District 1,Car,2025-09-27,2025-09-28 02:00:00,26,416,5,0
1572,Hanoi Center,Electric Scooter,2025-08-20,2025-08-20 23:00:00,23,391,5,0
1573,Da Nang City,Bike,2025-06-27,2025-06-28 17:00:00,41,205,3,0
1574,Hanoi Center,Bike,2025-06-22,2025-06-24 04:00:00,52,832,5,1
1575,Da Nang City,Bike,2025-07-27,2025-07-28 07:00:00,31,558,3,1
1576,HCM District 1,Electric Scooter,2025-01-27,2025-01-27 16:00:00,16,160,5,1
1577,HCM District 1,Electric Scooter,2025-01-26,2025-01-27 02:00:00,26,416,3,0
1578,HCM District 1,Bike,2025-06-20,2025-06-22 09:00:00,57,399,4,0
1579,Da Nang City,Car,2025-06-03,2025-06-03 08:00:00,8,136,1,1
1580,Hanoi Center,Bike,2025-02-07,2025-02-09 22:00:00,70,420,1,1
1581,Da Nang City,Bike,2025-03-06,2025-03-08 00:00:00,48,624,1,0
1582,Da Nang City,Car,2025-09-10,2025-09-12 12:00:00,60,900,3,1
1583,HCM District 1,Bike,2025-09-29,2025-10-01 18:00:00,66,594,2,1
1584,Hanoi Center,Bike,2025-10-24,2025-10-25 23:00:00,47,329,2,1
1585,Hanoi Center,Bike,2025-06-12,2025-06-14 23:00:00,71,852,1,0
1586,Da Nang City,Car,2025-03-15,2025-03-17 07:00:00,55,770,2,0
1587,Da Nang City,Electric Scooter,2025-06-22,2025-06-22 20:00:00,20,220,5,1
1588,Da Nang City,Car,2025-01-28,2025-01-28 12:00:00,12,240,3,0
1589,Hanoi Center,Bike,2025-06-26,2025-06-26 19:00:00,19,190,3,1
1590,Da Nang City,Car,2025-03-06,2025-03-08 04:00:00,52,676,3,1
1591,Da Nang City,Electric Scooter,2025-04-30,2025-05-02 06:00:00,54,918,5,1
1592,Da Nang City,Car,2025-07-04,2025-07-06 08:00:00,56,1120,3,1
1593,Hanoi Center,Bike,2025-03-12,2025-03-14 16:00:00,64,512,3,1
1594,HCM District 1,Car,2025-06-18,2025-06-19 03:00:00,27,486,4,1
1595,Hanoi Center,Bike,2025-08-19,2025-08-19 23:00:00,23,368,3,1
1596,HCM District 1,Electric Scooter,2025-03-27,2025-03-29 08:00:00,56,784,5,0
1597,Hanoi Center,Car,2025-08-02,2025-08-04 21:00:00,69,897,3,0
1598,HCM District 1,Bike,2025-02-28,2025-03-01 02:00:00,26,416,4,1
1599,Da Nang City,Car,2025-05-03,2025-05-06 00:00:00,72,648,4,0
1600,HCM District 1,Car,2025-05-25,2025-05-26 15:00:00,39,273,2,1
1601,HCM District 1,Car,2025-04-26,2025-04-26 09:00:00,9,162,1,0
1602,Hanoi Center,Bike,2025-01-30,2025-01-30 16:00:00,16,256,1,0
1603,HCM District 1,Bike,2025-02-24,2025-02-24 14:00:00,14,84,3,1
1604,Da Nang City,Car,2025-08-24,2025-08-24 07:00:00,7,98,1,0
1605,Hanoi Center,Electric Scooter,2025-07-26,2025-07-27 18:00:00,42,840,3,1
1606,Da Nang City,Car,2025-10-14,2025-10-15 01:00:00,25,375,4,1
1607,HCM District 1,Electric Scooter,2025-08-15,2025-08-17 18:00:00,66,660,5,0
1608,Hanoi Center,Bike,2025-05-09,2025-05-09 03:00:00,3,30,2,0
1609,Hanoi Center,Bike,2025-08-27,2025-08-28 17:00:00,41,656,5,0
1610,HCM District 1,Bike,2025-06-27,2025-06-27 02:00:00,2,14,5,0
1611,HCM District 1,Electric Scooter,2025-03-17,2025-03-17 03:00:00,3,24,1,1
1612,HCM District 1,Electric Scooter,2025-01-31,2025-01-31 04:00:00,4,76,5,0
1613,Da Nang City,Bike,2025-09-25,2025-09-25 14:00:00,14,98,3,0
1614,Hanoi Center,Electric Scooter,2025-01-13,2025-01-13 17:00:00,17,306,5,0
1615,Da Nang City,Electric Scooter,2025-07-14,2025-07-16 19:00:00,67,1005,4,1
1616,Da Nang City,Electric Scooter,2025-09-11,2025-09-12 04:00:00,28,308,4,1
1617,HCM District 1,Car,2025-10-19,2025-10-20 20:00:00,44,660,5,0
1618,Hanoi Center,Car,2025-09-23,2025-09-24 18:00:00,42,336,1,0
1619,Da Nang City,Bike,2025-02-26,2025-02-27 09:00:00,33,462,2,0
1620,Hanoi Center,Bike,2025-04-02,2025-04-03 20:00:00,44,440,1,0
1621,Hanoi Center,Bike,2025-04-06,2025-04-07 17:00:00,41,574,3,1
1622,HCM District 1,Car,2025-08-18,2025-08-20 05:00:00,53,636,3,1
1623,Hanoi Center,Car,2025-03-16,2025-03-16 14:00:00,14,196,3,0
1624,HCM District 1,Car,2025-06-06,2025-06-08 16:00:00,64,1152,4,0
1625,HCM District 1,Electric Scooter,2025-03-23,2025-03-24 07:00:00,31,558,5,1
1626,Da Nang City,Electric Scooter,2025-03-03,2025-03-04 18:00:00,42,504,5,1
1627,HCM District 1,Electric Scooter,2025-03-10,2025-03-12 13:00:00,61,671,2,0
1628,Hanoi Center,Bike,2025-01-14,2025-01-17 00:00:00,72,864,2,0
1629,HCM District 1,Car,2025-03-09,2025-03-10 12:00:00,36,324,4,0
1630,Da Nang City,Electric Scooter,2025-02-10,2025-02-11 00:00:00,24,168,1,0
1631,Da Nang City,Electric Scooter,2025-10-23,2025-10-25 04:00:00,52,364,4,0
1632,Hanoi Center,Bike,2025-03-11,2025-03-13 04:00:00,52,520,3,0
1633,HCM District 1,Electric Scooter,2025-08-29,2025-08-31 14:00:00,62,1178,4,0
1634,Hanoi Center,Electric Scooter,2025-03-20,2025-03-22 07:00:00,55,495,4,0
1635,HCM District 1,Electric Scooter,2025-08-03,2025-08-04 04:00:00,28,364,3,1
1636,Da Nang City,Car,2025-04-14,2025-04-15 08:00:00,32,256,2,1
1637,Da Nang City,Bike,2025-06-11,2025-06-12 07:00:00,31,434,3,1
1638,HCM District 1,Bike,2025-04-04,2025-04-05 09:00:00,33,660,2,1
1639,Hanoi Center,Bike,2025-05-07,2025-05-07 15:00:00,15,150,5,1
1640,Da Nang City,Bike,2025-05-04,2025-05-06 23:00:00,71,1065,1,1
1641,Da Nang City,Bike,2025-06-07,2025-06-09 01:00:00,49,490,1,1
1642,HCM District 1,Car,2025-08-02,2025-08-04 18:00:00,66,330,1,0
1643,Da Nang City,Bike,2025-09-15,2025-09-17 15:00:00,63,945,1,0
1644,HCM District 1,Bike,2025-01-15,2025-01-16 22:00:00,46,920,3,0
1645,HCM District 1,Bike,2025-06-01,2025-06-03 12:00:00,60,480,3,0
1646,HCM District 1,Electric Scooter,2025-07-08,2025-07-10 02:00:00,50,400,4,1
1647,HCM District 1,Electric Scooter,2025-09-08,2025-09-09 17:00:00,41,533,1,1
1648,Da Nang City,Electric Scooter,2025-09-04,2025-09-06 12:00:00,60,780,3,0
1649,HCM District 1,Car,2025-04-19,2025-04-20 19:00:00,43,258,3,1
1650,Da Nang City,Electric Scooter,2025-04-01,2025-04-01 03:00:00,3,36,2,1
1651,Hanoi Center,Electric Scooter,2025-02-15,2025-02-17 02:00:00,50,500,3,0
1652,HCM District 1,Car,2025-09-07,2025-09-08 18:00:00,42,336,2,1
1653,HCM District 1,Car,2025-09-05,2025-09-06 03:00:00,27,243,4,1
1654,HCM District 1,Car,2025-07-16,2025-07-16 05:00:00,5,85,3,1
1655,Hanoi Center,Bike,2025-04-28,2025-04-30 16:00:00,64,640,2,0
1656,HCM District 1,Car,2025-01-07,2025-01-09 06:00:00,54,432,4,1
1657,Hanoi Center,Bike,2025-02-27,2025-02-28 14:00:00,38,646,1,1
1658,Da Nang City,Car,2025-04-02,2025-04-04 11:00:00,59,354,4,1
1659,HCM District 1,Car,2025-06-17,2025-06-19 00:00:00,48,864,5,0
1660,Hanoi Center,Bike,2025-06-02,2025-06-04 15:00:00,63,1260,5,1
1661,Hanoi Center,Bike,2025-08-13,2025-08-13 17:00:00,17,204,5,1
1662,Da Nang City,Electric Scooter,2025-05-27,2025-05-29 05:00:00,53,424,3,1
1663,HCM District 1,Car,2025-08-14,2025-08-15 20:00:00,44,220,3,1
1664,Da Nang City,Bike,2025-05-31,2025-06-01 18:00:00,42,588,1,0
1665,Da Nang City,Electric Scooter,2025-07-05,2025-07-06 08:00:00,32,608,1,1
1666,HCM District 1,Bike,2025-02-27,2025-02-27 07:00:00,7,91,1,0
1667,Da Nang City,Car,2025-03-01,2025-03-03 08:00:00,56,672,2,0
1668,Hanoi Center,Car,2025-03-08,2025-03-10 08:00:00,56,1120,1,1
1669,Da Nang City,Electric Scooter,2025-06-22,2025-06-24 16:00:00,64,1088,2,0
1670,HCM District 1,Bike,2025-01-09,2025-01-09 19:00:00,19,152,2,0
1671,Hanoi Center,Car,2025-01-28,2025-01-29 18:00:00,42,840,1,1
1672,HCM District 1,Electric Scooter,2025-05-02,2025-05-04 06:00:00,54,864,1,1
1673,Hanoi Center,Car,2025-09-10,2025-09-11 09:00:00,33,165,3,0
1674,HCM District 1,Electric Scooter,2025-09-24,2025-09-25 23:00:00,47,611,2,1
1675,Hanoi Center,Bike,2025-09-03,2025-09-05 04:00:00,52,988,3,0
1676,Hanoi Center,Electric Scooter,2025-01-12,2025-01-12 11:00:00,11,176,5,1
1677,Hanoi Center,Bike,2025-03-26,2025-03-28 07:00:00,55,825,5,0
1678,Hanoi Center,Electric Scooter,2025-06-09,2025-06-09 14:00:00,14,182,1,0
1679,HCM District 1,Bike,2025-06-22,2025-06-22 20:00:00,20,200,4,1
1680,Hanoi Center,Electric Scooter,2025-04-26,2025-04-26 11:00:00,11,66,3,1
1681,HCM District 1,Electric Scooter,2025-04-05,2025-04-07 09:00:00,57,912,4,0
1682,Da Nang City,Bike,2025-07-12,2025-07-12 07:00:00,7,42,2,1
1683,Da Nang City,Car,2025-01-19,2025-01-21 19:00:00,67,603,5,1
1684,HCM District 1,Car,2025-09-08,2025-09-10 12:00:00,60,1200,3,0
1685,Hanoi Center,Bike,2025-03-05,2025-03-05 08:00:00,8,72,4,0
1686,Da Nang City,Electric Scooter,2025-02-13,2025-02-14 03:00:00,27,297,5,0
1687,Hanoi Center,Electric Scooter,2025-03-31,2025-03-31 07:00:00,7,77,4,1
1688,HCM District 1,Car,2025-06-06,2025-06-08 03:00:00,51,357,2,0
1689,Da Nang City,Electric Scooter,2025-10-09,2025-10-10 23:00:00,47,282,2,0
1690,Hanoi Center,Electric Scooter,2025-05-17,2025-05-17 19:00:00,19,133,2,1
1691,HCM District 1,Car,2025-03-30,2025-03-30 21:00:00,21,126,1,1
1692,HCM District 1,Bike,2025-03-05,2025-03-05 15:00:00,15,90,3,0
1693,HCM District 1,Electric Scooter,2025-03-16,2025-03-18 19:00:00,67,871,3,0
1694,HCM District 1,Car,2025-02-15,2025-02-15 05:00:00,5,35,3,1
1695,HCM District 1,Electric Scooter,2025-08-18,2025-08-20 10:00:00,58,812,5,1
1696,Da Nang City,Electric Scooter,2025-05-30,2025-05-31 08:00:00,32,256,4,0
1697,Da Nang City,Electric Scooter,2025-02-24,2025-02-25 22:00:00,46,690,2,1
1698,Hanoi Center,Bike,2025-09-21,2025-09-23 08:00:00,56,1008,2,0
1699,Da Nang City,Car,2025-01-19,2025-01-21 16:00:00,64,704,1,1
1700,Hanoi Center,Car,2025-10-22,2025-10-23 07:00:00,31,496,4,0
1701,Hanoi Center,Electric Scooter,2025-09-21,2025-09-21 01:00:00,1,14,2,1
1702,Hanoi Center,Electric Scooter,2025-08-14,2025-08-15 19:00:00,43,817,4,1
1703,Hanoi Center,Electric Scooter,2025-04-17,2025-04-18 04:00:00,28,420,4,1
1704,Hanoi Center,Electric Scooter,2025-09-27,2025-09-28 00:00:00,24,384,2,1
1705,HCM District 1,Car,2025-06-27,2025-06-28 09:00:00,33,462,2,0
1706,Da Nang City,Car,2025-03-26,2025-03-28 05:00:00,53,1007,2,1
1707,Da Nang City,Bike,2025-01-31,2025-02-01 18:00:00,42,252,3,0
1708,Da Nang City,Car,2025-06-08,2025-06-08 14:00:00,14,210,2,0
1709,Hanoi Center,Electric Scooter,2025-04-10,2025-04-10 17:00:00,17,170,1,0
1710,Da Nang City,Electric Scooter,2025-01-12,2025-01-14 22:00:00,70,1400,4,0
1711,Da Nang City,Bike,2025-10-16,2025-10-17 11:00:00,35,175,1,0
1712,Hanoi Center,Electric Scooter,2025-04-20,2025-04-22 05:00:00,53,848,1,0
1713,Hanoi Center,Bike,2025-03-13,2025-03-15 08:00:00,56,280,5,0
1714,Da Nang City,Electric Scooter,2025-05-06,2025-05-07 20:00:00,44,352,5,1
1715,Hanoi Center,Bike,2025-07-09,2025-07-11 20:00:00,68,1292,2,1
1716,HCM District 1,Bike,2025-06-22,2025-06-23 11:00:00,35,280,3,1
1717,Hanoi Center,Electric Scooter,2025-04-08,2025-04-10 00:00:00,48,912,1,0
1718,Hanoi Center,Car,2025-02-23,2025-02-24 15:00:00,39,780,3,0
1719,HCM District 1,Car,2025-09-04,2025-09-06 02:00:00,50,500,4,0
1720,HCM District 1,Bike,2025-03-05,2025-03-06 19:00:00,43,258,4,0
1721,Da Nang City,Electric Scooter,2025-07-10,2025-07-11 16:00:00,40,360,5,0
1722,Da Nang City,Electric Scooter,2025-07-01,2025-07-02 16:00:00,40,280,4,0
1723,Hanoi Center,Bike,2025-02-20,2025-02-21 19:00:00,43,774,2,0
1724,Hanoi Center,Electric Scooter,2025-06-12,2025-06-13 12:00:00,36,504,3,1
1725,Da Nang City,Car,2025-06-30,2025-07-02 23:00:00,71,1278,3,1
1726,Hanoi Center,Electric Scooter,2025-10-18,2025-10-18 20:00:00,20,140,1,1
1727,Da Nang City,Car,2025-07-08,2025-07-10 20:00:00,68,544,3,1
1728,Hanoi Center,Electric Scooter,2025-08-31,2025-09-01 08:00:00,32,160,1,1
1729,Hanoi Center,Electric Scooter,2025-05-08,2025-05-09 03:00:00,27,405,1,1
1730,Hanoi Center,Electric Scooter,2025-06-06,2025-06-07 06:00:00,30,420,2,0
1731,Hanoi Center,Bike,2025-05-13,2025-05-15 11:00:00,59,708,5,0
1732,HCM District 1,Bike,2025-09-15,2025-09-16 23:00:00,47,705,4,0
1733,Da Nang City,Electric Scooter,2025-02-03,2025-02-03 08:00:00,8,88,5,1
1734,Hanoi Center,Electric Scooter,2025-09-08,2025-09-08 04:00:00,4,20,5,1
1735,Da Nang City,Electric Scooter,2025-08-23,2025-08-24 13:00:00,37,333,3,1
1736,HCM District 1,Bike,2025-04-01,2025-04-02 20:00:00,44,792,5,0
1737,Hanoi Center,Car,2025-04-12,2025-04-12 14:00:00,14,70,1,1
1738,Da Nang City,Bike,2025-01-26,2025-01-28 18:00:00,66,924,3,1
1739,Da Nang City,Electric Scooter,2025-01-07,2025-01-09 20:00:00,68,1224,2,1
1740,Hanoi Center,Electric Scooter,2025-02-19,2025-02-19 19:00:00,19,95,4,0
1741,HCM District 1,Bike,2025-10-26,2025-10-28 17:00:00,65,975,1,0
1742,Hanoi Center,Car,2025-03-31,2025-04-02 12:00:00,60,720,3,1
1743,Hanoi Center,Car,2025-08-12,2025-08-14 01:00:00,49,882,2,1
1744,HCM District 1,Bike,2025-04-23,2025-04-23 23:00:00,23,207,2,1
1745,HCM District 1,Electric Scooter,2025-05-17,2025-05-19 15:00:00,63,567,2,0
1746,Hanoi Center,Bike,2025-01-07,2025-01-09 11:00:00,59,767,1,0
1747,HCM District 1,Bike,2025-06-28,2025-06-28 11:00:00,11,209,3,1
1748,Da Nang City,Electric Scooter,2025-07-21,2025-07-21 13:00:00,13,143,4,0
1749,Hanoi Center,Electric Scooter,2025-07-10,2025-07-11 03:00:00,27,162,2,0
1750,Da Nang City,Bike,2025-08-22,2025-08-22 14:00:00,14,210,4,1
1751,HCM District 1,Electric Scooter,2025-05-29,2025-05-30 03:00:00,27,243,2,0
1752,HCM District 1,Car,2025-08-10,2025-08-11 07:00:00,31,217,4,0
1753,HCM District 1,Car,2025-07-07,2025-07-07 21:00:00,21,336,5,1
1754,HCM District 1,Car,2025-03-31,2025-04-01 14:00:00,38,418,5,1
1755,Da Nang City,Bike,2025-05-11,2025-05-11 23:00:00,23,184,2,0
1756,Da Nang City,Electric Scooter,2025-06-23,2025-06-24 05:00:00,29,493,5,0
1757,Da Nang City,Bike,2025-03-06,2025-03-06 14:00:00,14,154,4,1
1758,Da Nang City,Car,2025-02-09,2025-02-09 08:00:00,8,96,4,0
1759,Da Nang City,Car,2025-02-19,2025-02-20 04:00:00,28,476,4,1
1760,Da Nang City,Electric Scooter,2025-05-19,2025-05-20 23:00:00,47,705,4,0
1761,Hanoi Center,Car,2025-02-09,2025-02-11 23:00:00,71,710,5,1
1762,Hanoi Center,Car,2025-01-09,2025-01-10 01:00:00,25,150,4,0
1763,Hanoi Center,Electric Scooter,2025-06-02,2025-06-03 23:00:00,47,376,5,0
1764,Da Nang City,Bike,2025-04-22,2025-04-23 08:00:00,32,448,2,0
1765,HCM District 1,Bike,2025-05-23,2025-05-24 07:00:00,31,558,4,1
1766,Hanoi Center,Bike,2025-02-05,2025-02-07 10:00:00,58,754,3,0
1767,Da Nang City,Car,2025-03-07,2025-03-09 02:00:00,50,950,3,1
1768,HCM District 1,Car,2025-01-19,2025-01-19 23:00:00,23,299,3,1
1769,Da Nang City,Bike,2025-02-01,2025-02-03 16:00:00,64,320,1,1
1770,Da Nang City,Car,2025-04-11,2025-04-11 07:00:00,7,91,5,0
1771,Hanoi Center,Car,2025-08-22,2025-08-24 05:00:00,53,477,2,0
1772,HCM District 1,Electric Scooter,2025-03-16,2025-03-17 19:00:00,43,387,2,0
1773,Da Nang City,Car,2025-03-06,2025-03-06 20:00:00,20,140,1,1
1774,Hanoi Center,Electric Scooter,2025-04-28,2025-04-30 19:00:00,67,1273,2,1
1775,Da Nang City,Car,2025-04-03,2025-04-03 23:00:00,23,184,2,1
1776,Da Nang City,Car,2025-05-16,2025-05-16 03:00:00,3,60,2,1
1777,Hanoi Center,Car,2025-05-22,2025-05-24 03:00:00,51,969,1,0
1778,Hanoi Center,Bike,2025-02-23,2025-02-24 06:00:00,30,390,3,1
1779,Da Nang City,Bike,2025-05-13,2025-05-14 14:00:00,38,380,2,0
1780,Da Nang City,Electric Scooter,2025-06-06,2025-06-07 15:00:00,39,624,5,1
1781,Hanoi Center,Electric Scooter,2025-09-22,2025-09-22 03:00:00,3,27,1,1
1782,HCM District 1,Car,2025-01-08,2025-01-09 21:00:00,45,225,5,0
1783,Da Nang City,Electric Scooter,2025-07-12,2025-07-12 22:00:00,22,264,2,1
1784,Hanoi Center,Car,2025-04-29,2025-04-29 11:00:00,11,176,3,1
1785,HCM District 1,Bike,2025-04-14,2025-04-16 15:00:00,63,441,1,0
1786,HCM District 1,Bike,2025-03-07,2025-03-08 23:00:00,47,329,1,0
1787,Hanoi Center,Electric Scooter,2025-04-11,2025-04-11 11:00:00,11,55,1,0
1788,Hanoi Center,Electric Scooter,2025-07-03,2025-07-03 05:00:00,5,95,4,1
1789,Da Nang City,Car,2025-02-21,2025-02-23 17:00:00,65,455,2,0
1790,Da Nang City,Electric Scooter,2025-03-10,2025-03-11 06:00:00,30,150,2,1
1791,Da Nang City,Car,2025-01-20,2025-01-22 11:00:00,59,1121,1,1
1792,HCM District 1,Bike,2025-09-17,2025-09-17 06:00:00,6,30,5,1
1793,HCM District 1,Bike,2025-09-20,2025-09-20 22:00:00,22,418,3,0
1794,Hanoi Center,Electric Scooter,2025-10-26,2025-10-27 12:00:00,36,720,4,0
1795,Hanoi Center,Bike,2025-05-31,2025-05-31 15:00:00,15,105,5,1
1796,Hanoi Center,Car,2025-08-12,2025-08-12 07:00:00,7,49,2,1
1797,HCM District 1,Bike,2025-08-03,2025-08-05 14:00:00,62,868,5,0
1798,Hanoi Center,Bike,2025-08-03,2025-08-05 22:00:00,70,840,3,0
1799,HCM District 1,Car,2025-01-21,2025-01-22 16:00:00,40,320,5,0
1800,Da Nang City,Car,2025-03-22,2025-03-24 19:00:00,67,938,4,1
1801,Da Nang City,Car,2025-06-30,2025-07-02 10:00:00,58,580,3,0
1802,Da Nang City,Bike,2025-05-12,2025-05-13 17:00:00,41,246,3,1
1803,Hanoi Center,Car,2025-01-02,2025-01-03 16:00:00,40,600,4,0
1804,Hanoi Center,Electric Scooter,2025-01-24,2025-01-26 22:00:00,70,1330,2,1
1805,Da Nang City,Car,2025-02-05,2025-02-07 09:00:00,57,570,4,1
1806,Da Nang City,Bike,2025-06-16,2025-06-17 21:00:00,45,450,2,1
1807,HCM District 1,Electric Scooter,2025-08-11,2025-08-12 21:00:00,45,675,2,1
1808,Hanoi Center,Electric Scooter,2025-02-13,2025-02-13 14:00:00,14,112,4,0
1809,Hanoi Center,Bike,2025-04-26,2025-04-26 19:00:00,19,209,5,1
1810,Da Nang City,Electric Scooter,2025-02-26,2025-02-28 10:00:00,58,406,3,0
1811,Da Nang City,Bike,2025-10-09,2025-10-10 08:00:00,32,160,1,0
1812,Da Nang City,Car,2025-10-09,2025-10-10 09:00:00,33,594,5,0
1813,HCM District 1,Electric Scooter,2025-01-30,2025-02-01 08:00:00,56,616,4,1
1814,HCM District 1,Car,2025-07-27,2025-07-28 03:00:00,27,135,2,1
1815,HCM District 1,Car,2025-01-29,2025-01-31 13:00:00,61,1098,2,0
1816,Da Nang City,Car,2025-06-22,2025-06-23 12:00:00,36,504,2,0
1817,HCM District 1,Bike,2025-05-24,2025-05-24 16:00:00,16,80,2,0
1818,HCM District 1,Bike,2025-01-23,2025-01-23 19:00:00,19,304,4,1
1819,HCM District 1,Bike,2025-08-25,2025-08-27 09:00:00,57,570,5,0
1820,Da Nang City,Car,2025-03-11,2025-03-12 02:00:00,26,468,2,1
1821,HCM District 1,Bike,2025-02-09,2025-02-09 19:00:00,19,247,4,1
1822,HCM District 1,Car,2025-10-19,2025-10-21 04:00:00,52,624,3,1
1823,Hanoi Center,Car,2025-10-16,2025-10-16 13:00:00,13,169,1,1
1824,HCM District 1,Electric Scooter,2025-01-30,2025-01-30 19:00:00,19,171,3,0
1825,Hanoi Center,Bike,2025-07-05,2025-07-05 18:00:00,18,126,4,1
1826,HCM District 1,Bike,2025-01-25,2025-01-25 06:00:00,6,54,4,0
1827,Hanoi Center,Electric Scooter,2025-07-21,2025-07-21 02:00:00,2,30,5,0
1828,Da Nang City,Bike,2025-10-16,2025-10-16 22:00:00,22,330,2,0
1829,Hanoi Center,Car,2025-02-10,2025-02-12 17:00:00,65,455,2,0
1830,Da Nang City,Car,2025-10-13,2025-10-13 21:00:00,21,231,4,1
1831,Hanoi Center,Electric Scooter,2025-01-22,2025-01-23 01:00:00,25,300,3,0
1832,Da Nang City,Electric Scooter,2025-05-29,2025-05-30 00:00:00,24,168,3,1
1833,Hanoi Center,Electric Scooter,2025-08-13,2025-08-14 23:00:00,47,893,2,1
1834,Hanoi Center,Electric Scooter,2025-07-06,2025-07-06 19:00:00,19,228,3,1
1835,Da Nang City,Bike,2025-03-19,2025-03-20 07:00:00,31,403,4,1
1836,Hanoi Center,Bike,2025-09-19,2025-09-19 01:00:00,1,7,3,0
1837,Hanoi Center,Bike,2025-03-04,2025-03-05 21:00:00,45,585,3,1
1838,Da Nang City,Car,2025-10-23,2025-10-24 04:00:00,28,336,1,1
1839,Da Nang City,Electric Scooter,2025-07-06,2025-07-08 15:00:00,63,945,2,0
1840,Da Nang City,Car,2025-09-27,2025-09-29 06:00:00,54,324,1,1
1841,Da Nang City,Car,2025-01-14,2025-01-16 17:00:00,65,975,5,1
1842,Hanoi Center,Electric Scooter,2025-06-07,2025-06-07 22:00:00,22,242,5,0
1843,HCM District 1,Bike,2025-07-29,2025-07-31 16:00:00,64,640,2,0
1844,Da Nang City,Bike,2025-10-27,2025-10-27 16:00:00,16,96,3,1
1845,HCM District 1,Electric Scooter,2025-04-18,2025-04-19 03:00:00,27,351,1,0
1846,HCM District 1,Car,2025-07-09,2025-07-11 01:00:00,49,441,4,1
1847,HCM District 1,Bike,2025-01-10,2025-01-12 16:00:00,64,704,3,0
1848,Hanoi Center,Bike,2025-03-17,2025-03-18 18:00:00,42,294,4,0
1849,Hanoi Center,Bike,2025-03-08,2025-03-09 10:00:00,34,442,2,1
1850,Da Nang City,Electric Scooter,2025-05-14,2025-05-14 12:00:00,12,144,5,0
1851,HCM District 1,Bike,2025-04-10,2025-04-10 19:00:00,19,247,5,0
1852,Da Nang City,Bike,2025-10-28,2025-10-29 12:00:00,36,252,2,1
1853,Hanoi Center,Car,2025-03-22,2025-03-24 10:00:00,58,522,2,0
1854,Hanoi Center,Electric Scooter,2025-06-13,2025-06-15 08:00:00,56,448,4,1
1855,Hanoi Center,Electric Scooter,2025-02-16,2025-02-17 23:00:00,47,611,4,0
1856,HCM District 1,Car,2025-02-18,2025-02-18 10:00:00,10,200,1,0
1857,HCM District 1,Bike,2025-07-24,2025-07-26 13:00:00,61,732,1,1
1858,Hanoi Center,Bike,2025-06-16,2025-06-18 19:00:00,67,1139,5,0
1859,Da Nang City,Electric Scooter,2025-04-30,2025-05-02 16:00:00,64,448,2,0
1860,Hanoi Center,Bike,2025-03-10,2025-03-10 12:00:00,12,120,5,0
1861,HCM District 1,Car,2025-08-01,2025-08-02 00:00:00,24,192,3,0
1862,HCM District 1,Electric Scooter,2025-02-20,2025-02-21 15:00:00,39,195,1,1
1863,Hanoi Center,Electric Scooter,2025-09-06,2025-09-07 17:00:00,41,205,2,1
1864,HCM District 1,Electric Scooter,2025-07-31,2025-08-01 06:00:00,30,450,4,1
1865,Hanoi Center,Bike,2025-01-16,2025-01-17 13:00:00,37,740,3,0
1866,HCM District 1,Car,2025-09-22,2025-09-23 20:00:00,44,836,2,0
1867,Hanoi Center,Electric Scooter,2025-10-05,2025-10-07 14:00:00,62,434,3,1
1868,Da Nang City,Car,2025-09-19,2025-09-20 02:00:00,26,234,4,0
1869,Hanoi Center,Bike,2025-05-18,2025-05-18 23:00:00,23,253,1,1
1870,Hanoi Center,Car,2025-03-14,2025-03-16 13:00:00,61,793,1,1
1871,Hanoi Center,Electric Scooter,2025-09-30,2025-09-30 16:00:00,16,240,2,0
1872,Hanoi Center,Electric Scooter,2025-01-24,2025-01-24 15:00:00,15,300,5,0
1873,HCM District 1,Bike,2025-04-12,2025-04-12 17:00:00,17,85,5,0
1874,Da Nang City,Electric Scooter,2025-08-27,2025-08-29 06:00:00,54,486,3,1
1875,Da Nang City,Electric Scooter,2025-02-16,2025-02-16 03:00:00,3,45,3,1
1876,Da Nang City,Electric Scooter,2025-10-09,2025-10-10 09:00:00,33,495,5,1
1877,HCM District 1,Bike,2025-07-09,2025-07-09 20:00:00,20,220,2,0
1878,HCM District 1,Bike,2025-09-07,2025-09-08 09:00:00,33,264,4,1
1879,Hanoi Center,Electric Scooter,2025-02-02,2025-02-02 11:00:00,11,209,2,1
1880,Da Nang City,Car,2025-08-14,2025-08-16 17:00:00,65,390,1,0
1881,Da Nang City,Electric Scooter,2025-08-21,2025-08-22 08:00:00,32,416,2,1
1882,Hanoi Center,Car,2025-01-08,2025-01-08 23:00:00,23,207,4,1
1883,Da Nang City,Bike,2025-08-25,2025-08-27 22:00:00,70,1330,1,0
1884,HCM District 1,Bike,2025-01-25,2025-01-26 10:00:00,34,170,2,1
1885,Da Nang City,Electric Scooter,2025-03-28,2025-03-29 06:00:00,30,390,2,0
1886,Hanoi Center,Electric Scooter,2025-10-06,2025-10-08 23:00:00,71,923,2,0
1887,Da Nang City,Car,2025-06-29,2025-06-29 19:00:00,19,171,4,0
1888,Da Nang City,Bike,2025-10-25,2025-10-25 03:00:00,3,54,2,1
1889,HCM District 1,Bike,2025-01-23,2025-01-24 07:00:00,31,465,1,1
1890,Da Nang City,Bike,2025-05-17,2025-05-17 08:00:00,8,112,2,1
1891,Da Nang City,Car,2025-07-30,2025-07-31 01:00:00,25,275,2,0
1892,Hanoi Center,Car,2025-01-27,2025-01-29 03:00:00,51,969,2,1
1893,Da Nang City,Bike,2025-03-17,2025-03-17 03:00:00,3,42,2,0
1894,Hanoi Center,Bike,2025-02-23,2025-02-25 17:00:00,65,1040,1,0
1895,Da Nang City,Car,2025-05-21,2025-05-22 14:00:00,38,266,3,0
1896,HCM District 1,Bike,2025-07-27,2025-07-29 07:00:00,55,495,2,0
1897,Da Nang City,Car,2025-05-06,2025-05-07 08:00:00,32,576,5,0
1898,Da Nang City,Car,2025-09-08,2025-09-10 11:00:00,59,1062,2,0
1899,Hanoi Center,Car,2025-04-23,2025-04-24 23:00:00,47,940,2,1
1900,Da Nang City,Bike,2025-01-02,2025-01-04 05:00:00,53,1060,4,1
1901,Da Nang City,Electric Scooter,2025-01-20,2025-01-21 03:00:00,27,378,3,0
1902,Hanoi Center,Electric Scooter,2025-02-17,2025-02-18 03:00:00,27,513,1,0
1903,HCM District 1,Electric Scooter,2025-01-09,2025-01-11 15:00:00,63,630,5,0
1904,HCM District 1,Electric Scooter,2025-06-10,2025-06-12 11:00:00,59,944,3,0
1905,HCM District 1,Electric Scooter,2025-03-11,2025-03-13 12:00:00,60,780,5,0
1906,Da Nang City,Car,2025-10-07,2025-10-09 00:00:00,48,576,3,1
1907,Da Nang City,Bike,2025-06-01,2025-06-01 05:00:00,5,70,2,1
1908,HCM District 1,Bike,2025-03-15,2025-03-15 14:00:00,14,280,1,1
1909,Da Nang City,Car,2025-05-24,2025-05-25 18:00:00,42,588,5,1
1910,Da Nang City,Car,2025-03-07,2025-03-07 08:00:00,8,48,4,0
1911,HCM District 1,Car,2025-10-17,2025-10-19 06:00:00,54,810,5,1
1912,Hanoi Center,Car,2025-05-17,2025-05-18 20:00:00,44,308,3,1
1913,Da Nang City,Bike,2025-08-30,2025-09-01 00:00:00,48,720,2,0
1914,HCM District 1,Bike,2025-03-04,2025-03-05 08:00:00,32,352,1,1
1915,Da Nang City,Car,2025-06-16,2025-06-17 05:00:00,29,551,3,0
1916,Da Nang City,Electric Scooter,2025-09-16,2025-09-19 00:00:00,72,1296,4,0
1917,Da Nang City,Car,2025-05-26,2025-05-26 17:00:00,17,153,3,0
1918,HCM District 1,Electric Scooter,2025-07-08,2025-07-10 15:00:00,63,378,5,0
1919,Da Nang City,Bike,2025-09-23,2025-09-24 12:00:00,36,432,5,0
1920,Da Nang City,Bike,2025-08-27,2025-08-27 23:00:00,23,138,3,1
1921,HCM District 1,Bike,2025-08-18,2025-08-18 23:00:00,23,230,5,0
1922,Hanoi Center,Bike,2025-04-08,2025-04-09 15:00:00,39,780,3,0
1923,HCM District 1,Bike,2025-10-06,2025-10-07 18:00:00,42,210,4,1
1924,Da Nang City,Electric Scooter,2025-10-16,2025-10-16 21:00:00,21,126,3,1
1925,Da Nang City,Car,2025-07-31,2025-08-02 16:00:00,64,640,2,1
1926,Hanoi Center,Car,2025-01-18,2025-01-18 13:00:00,13,117,2,1
1927,HCM District 1,Bike,2025-06-04,2025-06-06 02:00:00,50,650,5,1
1928,Hanoi Center,Car,2025-03-07,2025-03-09 02:00:00,50,850,2,0
1929,Da Nang City,Bike,2025-02-09,2025-02-11 17:00:00,65,455,4,0
1930,Hanoi Center,Bike,2025-08-02,2025-08-03 20:00:00,44,704,2,1
1931,HCM District 1,Bike,2025-06-07,2025-06-07 03:00:00,3,21,5,0
1932,Hanoi Center,Bike,2025-02-23,2025-02-25 20:00:00,68,612,1,0
1933,HCM District 1,Car,2025-02-08,2025-02-09 06:00:00,30,270,4,0
1934,Hanoi Center,Electric Scooter,2025-05-21,2025-05-21 16:00:00,16,208,2,0
1935,Hanoi Center,Electric Scooter,2025-05-21,2025-05-21 20:00:00,20,200,3,1
1936,Da Nang City,Bike,2025-09-03,2025-09-04 19:00:00,43,344,3,0
1937,HCM District 1,Electric Scooter,2025-02-11,2025-02-12 01:00:00,25,300,4,1
1938,Da Nang City,Electric Scooter,2025-05-14,2025-05-15 17:00:00,41,533,2,1
1939,HCM District 1,Car,2025-05-03,2025-05-03 22:00:00,22,330,5,1
1940,HCM District 1,Bike,2025-07-26,2025-07-26 05:00:00,5,35,1,1
1941,Hanoi Center,Bike,2025-07-07,2025-07-07 07:00:00,7,84,3,1
1942,Da Nang City,Car,2025-01-12,2025-01-12 04:00:00,4,32,2,0
1943,Da Nang City,Car,2025-02-01,2025-02-03 08:00:00,56,1008,4,0
1944,Da Nang City,Electric Scooter,2025-08-13,2025-08-14 16:00:00,40,560,5,0
1945,Da Nang City,Electric Scooter,2025-02-15,2025-02-17 21:00:00,69,483,2,0
1946,Hanoi Center,Electric Scooter,2025-06-11,2025-06-13 10:00:00,58,870,3,0
1947,Da Nang City,Electric Scooter,2025-02-28,2025-03-02 23:00:00,71,426,1,0
1948,HCM District 1,Bike,2025-04-06,2025-04-08 21:00:00,69,621,1,0
1949,Da Nang City,Electric Scooter,2025-09-03,2025-09-04 18:00:00,42,462,3,1
1950,Hanoi Center,Electric Scooter,2025-01-30,2025-01-31 23:00:00,47,846,4,0
1951,Hanoi Center,Car,2025-05-20,2025-05-23 00:00:00,72,792,1,0
1952,Da Nang City,Car,2025-07-28,2025-07-29 14:00:00,38,494,1,1
1953,Da Nang City,Car,2025-08-08,2025-08-09 14:00:00,38,532,4,0
1954,Hanoi Center,Bike,2025-09-30,2025-09-30 13:00:00,13,156,2,1
1955,HCM District 1,Bike,2025-01-13,2025-01-13 07:00:00,7,98,5,0
1956,Hanoi Center,Car,2025-02-02,2025-02-03 04:00:00,28,168,3,0
1957,Da Nang City,Car,2025-02-12,2025-02-13 05:00:00,29,145,4,1
1958,Da Nang City,Bike,2025-08-15,2025-08-17 15:00:00,63,1008,3,0
1959,Hanoi Center,Bike,2025-06-30,2025-07-02 21:00:00,69,759,3,1
1960,HCM District 1,Bike,2025-01-12,2025-01-14 08:00:00,56,728,4,0
1961,HCM District 1,Bike,2025-09-01,2025-09-01 01:00:00,1,15,3,0
1962,Da Nang City,Electric Scooter,2025-02-12,2025-02-12 11:00:00,11,198,5,1
1963,Hanoi Center,Car,2025-02-15,2025-02-15 23:00:00,23,253,2,0
1964,Hanoi Center,Electric Scooter,2025-04-07,2025-04-09 11:00:00,59,354,4,1
1965,Hanoi Center,Bike,2025-03-22,2025-03-22 22:00:00,22,220,4,1
1966,Da Nang City,Car,2025-07-04,2025-07-05 12:00:00,36,468,5,1
1967,Hanoi Center,Car,2025-09-12,2025-09-12 18:00:00,18,234,5,0
1968,HCM District 1,Bike,2025-09-09,2025-09-11 07:00:00,55,935,4,1
1969,HCM District 1,Car,2025-05-27,2025-05-28 13:00:00,37,296,4,0
1970,Hanoi Center,Car,2025-05-08,2025-05-10 05:00:00,53,371,1,0
1971,Da Nang City,Electric Scooter,2025-04-19,2025-04-21 07:00:00,55,715,3,0
1972,Da Nang City,Bike,2025-07-27,2025-07-27 18:00:00,18,306,1,0
1973,Hanoi Center,Bike,2025-03-05,2025-03-05 19:00:00,19,323,1,0
1974,HCM District 1,Electric Scooter,2025-05-24,2025-05-27 00:00:00,72,1152,4,0
1975,Hanoi Center,Electric Scooter,2025-09-27,2025-09-27 05:00:00,5,40,4,1
1976,Hanoi Center,Electric Scooter,2025-07-21,2025-07-23 16:00:00,64,448,2,0
1977,Da Nang City,Car,2025-03-01,2025-03-03 20:00:00,68,408,2,1
1978,Hanoi Center,Electric Scooter,2025-02-14,2025-02-14 10:00:00,10,60,2,0
1979,Hanoi Center,Car,2025-08-26,2025-08-28 19:00:00,67,1005,1,1
1980,Da Nang City,Car,2025-10-02,2025-10-03 10:00:00,34,204,4,0
1981,HCM District 1,Bike,2025-07-02,2025-07-02 22:00:00,22,286,2,1
1982,Da Nang City,Car,2025-05-20,2025-05-22 03:00:00,51,255,2,1
1983,Da Nang City,Bike,2025-05-10,2025-05-10 10:00:00,10,50,5,1
1984,Da Nang City,Car,2025-10-24,2025-10-25 07:00:00,31,217,4,0
1985,HCM District 1,Electric Scooter,2025-10-28,2025-10-30 00:00:00,48,288,4,0
1986,HCM District 1,Bike,2025-07-31,2025-07-31 13:00:00,13,65,2,0
1987,Hanoi Center,Bike,2025-05-31,2025-06-02 14:00:00,62,620,5,0
1988,HCM District 1,Car,2025-01-22,2025-01-23 07:00:00,31,527,1,1
1989,Da Nang City,Car,2025-05-29,2025-05-29 22:00:00,22,132,2,1
1990,Da Nang City,Electric Scooter,2025-10-15,2025-10-16 11:00:00,35,560,5,0
1991,HCM District 1,Car,2025-02-17,2025-02-17 06:00:00,6,114,1,0
1992,Da Nang City,Bike,2025-05-10,2025-05-11 14:00:00,38,418,3,1
1993,Da Nang City,Bike,2025-03-09,2025-03-09 04:00:00,4,44,2,0
1994,HCM District 1,Car,2025-10-28,2025-10-30 23:00:00,71,1207,3,1
1995,Hanoi Center,Bike,2025-08-07,2025-08-08 19:00:00,43,344,5,1
1996,HCM District 1,Electric Scooter,2025-02-15,2025-02-16 06:00:00,30,600,3,1
1997,HCM District 1,Car,2025-04-03,2025-04-05 15:00:00,63,882,5,0
1998,HCM District 1,Electric Scooter,2025-05-25,2025-05-27 09:00:00,57,912,5,1
1999,HCM District 1,Car,2025-01-25,2025-01-27 05:00:00,53,954,4,0
2000,Hanoi Center,Bike,2025-01-23,2025-01-25 16:00:00,64,576,3,0
2001,Hanoi Center,Electric Scooter,2025-05-09,2025-05-11 11:00:00,59,826,5,0
2002,Da Nang City,Bike,2025-09-02,2025-09-03 12:00:00,36,432,2,1
2003,HCM District 1,Car,2025-09-06,2025-09-07 04:00:00,28,224,1,1
2004,Hanoi Center,Electric Scooter,2025-01-16,2025-01-16 19:00:00,19,247,4,1
2005,HCM District 1,Car,2025-02-10,2025-02-12 18:00:00,66,594,2,1
2006,Hanoi Center,Electric Scooter,2025-02-08,2025-02-10 06:00:00,54,432,1,0
2007,Da Nang City,Bike,2025-04-22,2025-04-23 11:00:00,35,420,3,0
2008,HCM District 1,Bike,2025-08-01,2025-08-03 01:00:00,49,784,4,1
2009,HCM District 1,Bike,2025-04-06,2025-04-08 16:00:00,64,1088,1,1
2010,Hanoi Center,Electric Scooter,2025-07-19,2025-07-20 05:00:00,29,145,2,1
2011,Hanoi Center,Bike,2025-03-13,2025-03-15 19:00:00,67,1139,1,0
2012,Hanoi Center,Electric Scooter,2025-07-14,2025-07-14 20:00:00,20,140,3,1
2013,Hanoi Center,Bike,2025-10-08,2025-10-10 15:00:00,63,945,5,1
2014,Hanoi Center,Bike,2025-08-11,2025-08-13 16:00:00,64,768,3,0
2015,HCM District 1,Bike,2025-02-02,2025-02-03 07:00:00,31,279,4,0
2016,HCM District 1,Electric Scooter,2025-06-10,2025-06-10 09:00:00,9,90,5,1
2017,HCM District 1,Bike,2025-06-29,2025-06-30 00:00:00,24,240,3,0
2018,Da Nang City,Electric Scooter,2025-06-08,2025-06-09 17:00:00,41,369,5,1
2019,HCM District 1,Car,2025-08-03,2025-08-05 04:00:00,52,832,5,1
2020,HCM District 1,Electric Scooter,2025-08-01,2025-08-03 13:00:00,61,976,5,1
2021,HCM District 1,Bike,2025-08-30,2025-09-01 10:00:00,58,812,2,0
2022,Da Nang City,Electric Scooter,2025-06-20,2025-06-21 07:00:00,31,558,4,1
2023,Hanoi Center,Bike,2025-04-23,2025-04-23 12:00:00,12,84,4,0
2024,Hanoi Center,Bike,2025-01-26,2025-01-26 07:00:00,7,49,4,1
2025,HCM District 1,Bike,2025-01-21,2025-01-22 18:00:00,42,294,1,1
2026,Da Nang City,Car,2025-01-03,2025-01-04 17:00:00,41,656,2,0
2027,HCM District 1,Bike,2025-05-21,2025-05-21 22:00:00,22,440,5,0
2028,Hanoi Center,Car,2025-01-14,2025-01-16 21:00:00,69,621,1,1
2029,Da Nang City,Electric Scooter,2025-04-01,2025-04-03 20:00:00,68,340,5,0
2030,Da Nang City,Bike,2025-04-02,2025-04-05 00:00:00,72,1368,1,1
2031,Hanoi Center,Electric Scooter,2025-04-19,2025-04-21 23:00:00,71,852,4,0
2032,HCM District 1,Electric Scooter,2025-07-06,2025-07-06 23:00:00,23,322,3,0
2033,HCM District 1,Bike,2025-10-18,2025-10-18 09:00:00,9,72,5,1
2034,HCM District 1,Car,2025-08-02,2025-08-02 22:00:00,22,440,4,0
2035,HCM District 1,Bike,2025-05-15,2025-05-16 19:00:00,43,473,1,0
2036,Hanoi Center,Bike,2025-07-07,2025-07-07 21:00:00,21,273,1,0
2037,HCM District 1,Car,2025-03-02,2025-03-02 03:00:00,3,30,1,0
2038,Da Nang City,Bike,2025-08-13,2025-08-14 09:00:00,33,429,5,1
2039,Hanoi Center,Electric Scooter,2025-09-02,2025-09-03 19:00:00,43,559,3,1
2040,Hanoi Center,Bike,2025-08-21,2025-08-22 22:00:00,46,782,3,0
2041,Hanoi Center,Car,2025-09-06,2025-09-08 02:00:00,50,250,3,1
2042,Hanoi Center,Car,2025-03-01,2025-03-03 17:00:00,65,845,2,1
2043,HCM District 1,Bike,2025-06-07,2025-06-08 08:00:00,32,192,5,0
2044,Hanoi Center,Bike,2025-06-18,2025-06-19 19:00:00,43,301,1,0
2045,HCM District 1,Car,2025-03-11,2025-03-13 20:00:00,68,1224,5,1
2046,Da Nang City,Bike,2025-04-16,2025-04-16 08:00:00,8,144,2,1
2047,HCM District 1,Electric Scooter,2025-02-24,2025-02-25 16:00:00,40,440,4,1
2048,Hanoi Center,Electric Scooter,2025-04-04,2025-04-05 22:00:00,46,644,3,0
2049,Hanoi Center,Car,2025-10-27,2025-10-28 04:00:00,28,420,2,1
2050,Da Nang City,Bike,2025-07-01,2025-07-02 05:00:00,29,145,2,0
2051,Da Nang City,Car,2025-04-16,2025-04-17 14:00:00,38,608,2,1
2052,HCM District 1,Car,2025-05-08,2025-05-10 15:00:00,63,378,2,1
2053,Hanoi Center,Bike,2025-01-27,2025-01-29 23:00:00,71,426,5,1
2054,Da Nang City,Car,2025-02-07,2025-02-09 05:00:00,53,1007,2,1
2055,Da Nang City,Car,2025-03-29,2025-03-30 06:00:00,30,420,4,0
2056,Hanoi Center,Bike,2025-01-21,2025-01-22 10:00:00,34,612,2,1
2057,Hanoi Center,Electric Scooter,2025-05-16,2025-05-16 03:00:00,3,42,1,1
2058,Hanoi Center,Bike,2025-08-27,2025-08-29 22:00:00,70,910,1,0
2059,Da Nang City,Bike,2025-07-22,2025-07-24 05:00:00,53,795,2,1
2060,Hanoi Center,Bike,2025-01-09,2025-01-09 05:00:00,5,65,3,0
2061,HCM District 1,Electric Scooter,2025-07-27,2025-07-28 00:00:00,24,336,4,0
2062,Da Nang City,Car,2025-07-12,2025-07-13 16:00:00,40,440,3,0
2063,Da Nang City,Bike,2025-07-16,2025-07-18 20:00:00,68,1088,4,1
2064,Hanoi Center,Bike,2025-04-18,2025-04-19 00:00:00,24,384,1,0
2065,Da Nang City,Electric Scooter,2025-06-12,2025-06-14 06:00:00,54,324,3,1
2066,Da Nang City,Electric Scooter,2025-09-15,2025-09-16 15:00:00,39,351,1,0
2067,Da Nang City,Bike,2025-01-22,2025-01-22 23:00:00,23,437,1,1
2068,Hanoi Center,Electric Scooter,2025-06-12,2025-06-14 01:00:00,49,588,4,1
2069,HCM District 1,Electric Scooter,2025-06-16,2025-06-17 09:00:00,33,198,4,1
2070,Hanoi Center,Electric Scooter,2025-08-27,2025-08-28 10:00:00,34,476,4,1
2071,Hanoi Center,Bike,2025-08-17,2025-08-19 21:00:00,69,690,4,1
2072,Hanoi Center,Car,2025-01-07,2025-01-09 01:00:00,49,735,1,0
2073,Da Nang City,Car,2025-08-30,2025-09-01 04:00:00,52,364,1,1
2074,Da Nang City,Car,2025-06-25,2025-06-25 19:00:00,19,285,5,0
2075,Da Nang City,Bike,2025-07-28,2025-07-29 19:00:00,43,559,1,1
2076,Da Nang City,Car,2025-09-03,2025-09-04 04:00:00,28,168,3,1
2077,Da Nang City,Car,2025-07-27,2025-07-28 18:00:00,42,630,4,0
2078,HCM District 1,Bike,2025-05-22,2025-05-22 12:00:00,12,120,5,1
2079,HCM District 1,Bike,2025-02-07,2025-02-09 04:00:00,52,260,3,1
2080,Hanoi Center,Electric Scooter,2025-02-15,2025-02-15 21:00:00,21,315,2,0
2081,HCM District 1,Car,2025-06-17,2025-06-19 11:00:00,59,354,5,1
2082,Da Nang City,Car,2025-04-28,2025-04-29 06:00:00,30,150,3,1
2083,Hanoi Center,Bike,2025-02-27,2025-02-28 18:00:00,42,462,4,1
2084,Hanoi Center,Car,2025-09-11,2025-09-12 18:00:00,42,714,2,0
2085,Da Nang City,Car,2025-10-02,2025-10-04 20:00:00,68,1156,3,1
2086,HCM District 1,Car,2025-03-04,2025-03-04 06:00:00,6,60,4,0
2087,HCM District 1,Electric Scooter,2025-07-21,2025-07-22 00:00:00,24,168,4,1
2088,HCM District 1,Electric Scooter,2025-06-04,2025-06-06 12:00:00,60,600,3,0
2089,Da Nang City,Car,2025-06-14,2025-06-15 16:00:00,40,200,1,1
2090,HCM District 1,Bike,2025-10-08,2025-10-08 16:00:00,16,208,5,0
2091,Hanoi Center,Bike,2025-05-20,2025-05-21 12:00:00,36,216,3,1
2092,Hanoi Center,Electric Scooter,2025-08-27,2025-08-28 03:00:00,27,378,4,0
2093,Hanoi Center,Electric Scooter,2025-05-05,2025-05-06 00:00:00,24,264,5,0
2094,HCM District 1,Car,2025-01-03,2025-01-05 04:00:00,52,468,1,0
2095,Hanoi Center,Electric Scooter,2025-05-05,2025-05-06 15:00:00,39,780,4,0
2096,HCM District 1,Electric Scooter,2025-06-03,2025-06-04 19:00:00,43,559,1,0
2097,HCM District 1,Electric Scooter,2025-04-24,2025-04-26 03:00:00,51,510,5,0
2098,Hanoi Center,Electric Scooter,2025-01-02,2025-01-02 21:00:00,21,273,3,0
2099,HCM District 1,Electric Scooter,2025-06-26,2025-06-26 08:00:00,8,136,2,0
2100,Hanoi Center,Electric Scooter,2025-06-17,2025-06-18 18:00:00,42,546,1,0
2101,HCM District 1,Bike,2025-07-24,2025-07-26 08:00:00,56,336,2,0
2102,Da Nang City,Car,2025-03-02,2025-03-02 06:00:00,6,120,3,0
2103,HCM District 1,Car,2025-09-06,2025-09-07 20:00:00,44,220,5,1
2104,Da Nang City,Car,2025-03-12,2025-03-12 08:00:00,8,48,4,1
2105,HCM District 1,Bike,2025-05-05,2025-05-07 23:00:00,71,1278,4,1
2106,Hanoi Center,Electric Scooter,2025-04-09,2025-04-09 08:00:00,8,64,2,0
2107,Hanoi Center,Car,2025-04-28,2025-04-29 07:00:00,31,589,1,1
2108,Hanoi Center,Electric Scooter,2025-06-16,2025-06-16 15:00:00,15,270,5,1
2109,Da Nang City,Bike,2025-03-25,2025-03-25 21:00:00,21,420,4,0
2110,Da Nang City,Bike,2025-09-19,2025-09-20 01:00:00,25,450,1,1
2111,Hanoi Center,Bike,2025-01-19,2025-01-20 14:00:00,38,532,5,0
2112,HCM District 1,Car,2025-07-29,2025-07-31 20:00:00,68,408,2,0
2113,Hanoi Center,Car,2025-10-13,2025-10-14 18:00:00,42,504,5,1
2114,Da Nang City,Bike,2025-05-31,2025-05-31 21:00:00,21,315,2,0
2115,HCM District 1,Car,2025-04-06,2025-04-08 23:00:00,71,923,4,0
2116,Hanoi Center,Car,2025-09-30,2025-10-01 08:00:00,32,320,3,0
2117,HCM District 1,Electric Scooter,2025-10-05,2025-10-05 14:00:00,14,112,3,0
2118,Hanoi Center,Car,2025-03-20,2025-03-21 16:00:00,40,680,3,1
2119,Da Nang City,Electric Scooter,2025-08-04,2025-08-06 19:00:00,67,1072,4,0
2120,Hanoi Center,Bike,2025-03-24,2025-03-24 22:00:00,22,264,2,0
2121,Da Nang City,Bike,2025-10-08,2025-10-08 08:00:00,8,40,4,0
2122,Hanoi Center,Bike,2025-08-09,2025-08-10 11:00:00,35,700,5,0
2123,Hanoi Center,Car,2025-07-06,2025-07-07 06:00:00,30,150,4,0
2124,Hanoi Center,Bike,2025-09-02,2025-09-03 06:00:00,30,540,2,0
2125,HCM District 1,Electric Scooter,2025-10-18,2025-10-18 08:00:00,8,56,4,1
2126,Hanoi Center,Electric Scooter,2025-10-27,2025-10-28 04:00:00,28,476,3,1
2127,HCM District 1,Car,2025-10-24,2025-10-25 05:00:00,29,522,2,0
2128,Hanoi Center,Bike,2025-06-27,2025-06-28 09:00:00,33,660,2,0
2129,Hanoi Center,Electric Scooter,2025-04-23,2025-04-25 08:00:00,56,1120,4,0
2130,Da Nang City,Car,2025-07-31,2025-08-02 02:00:00,50,250,5,1
2131,Hanoi Center,Electric Scooter,2025-08-13,2025-08-13 08:00:00,8,112,4,1
2132,HCM District 1,Electric Scooter,2025-07-19,2025-07-20 10:00:00,34,272,3,0
2133,Da Nang City,Electric Scooter,2025-03-15,2025-03-16 20:00:00,44,572,3,0
2134,HCM District 1,Car,2025-08-16,2025-08-16 14:00:00,14,168,5,1
2135,Da Nang City,Electric Scooter,2025-09-28,2025-09-30 14:00:00,62,682,1,0
2136,HCM District 1,Car,2025-05-16,2025-05-16 13:00:00,13,208,3,0
2137,Da Nang City,Car,2025-04-30,2025-04-30 19:00:00,19,95,3,0
2138,Hanoi Center,Car,2025-02-24,2025-02-26 14:00:00,62,310,2,1
2139,HCM District 1,Electric Scooter,2025-07-21,2025-07-22 13:00:00,37,333,4,0
2140,Da Nang City,Electric Scooter,2025-07-20,2025-07-20 15:00:00,15,240,5,0
2141,Hanoi Center,Car,2025-10-11,2025-10-12 05:00:00,29,203,2,0
2142,Hanoi Center,Bike,2025-09-24,2025-09-24 02:00:00,2,24,1,1
2143,HCM District 1,Car,2025-02-15,2025-02-15 06:00:00,6,60,3,0
2144,Hanoi Center,Car,2025-09-26,2025-09-27 20:00:00,44,440,3,0
2145,Da Nang City,Electric Scooter,2025-02-07,2025-02-07 10:00:00,10,60,4,0
2146,HCM District 1,Bike,2025-03-25,2025-03-27 23:00:00,71,1278,1,1
2147,Hanoi Center,Electric Scooter,2025-08-26,2025-08-27 02:00:00,26,130,5,0
2148,HCM District 1,Bike,2025-08-22,2025-08-23 09:00:00,33,264,2,1
2149,Da Nang City,Car,2025-02-21,2025-02-24 00:00:00,72,360,5,0
2150,Hanoi Center,Bike,2025-09-26,2025-09-26 01:00:00,1,13,4,1
2151,Hanoi Center,Car,2025-08-19,2025-08-21 05:00:00,53,848,3,0
2152,Da Nang City,Bike,2025-01-04,2025-01-04 15:00:00,15,285,5,1
2153,Hanoi Center,Car,2025-01-06,2025-01-06 16:00:00,16,208,1,1
2154,HCM District 1,Electric Scooter,2025-09-14,2025-09-16 16:00:00,64,448,4,0
2155,Hanoi Center,Electric Scooter,2025-01-03,2025-01-05 00:00:00,48,576,3,1
2156,HCM District 1,Bike,2025-03-23,2025-03-25 01:00:00,49,784,1,0
2157,HCM District 1,Electric Scooter,2025-10-08,2025-10-09 05:00:00,29,348,1,1
2158,Hanoi Center,Electric Scooter,2025-04-30,2025-04-30 16:00:00,16,96,1,0
2159,Da Nang City,Car,2025-09-14,2025-09-16 09:00:00,57,741,1,1
2160,Da Nang City,Bike,2025-01-03,2025-01-04 13:00:00,37,481,3,0
2161,Hanoi Center,Car,2025-01-25,2025-01-27 12:00:00,60,960,4,1
2162,HCM District 1,Electric Scooter,2025-06-23,2025-06-24 03:00:00,27,459,2,1
2163,Hanoi Center,Electric Scooter,2025-05-11,2025-05-11 18:00:00,18,306,4,0
2164,Hanoi Center,Electric Scooter,2025-05-22,2025-05-23 09:00:00,33,594,5,0
2165,Hanoi Center,Car,2025-03-29,2025-03-30 16:00:00,40,720,4,0
2166,Da Nang City,Car,2025-07-28,2025-07-30 02:00:00,50,300,4,1
2167,HCM District 1,Bike,2025-05-04,2025-05-06 04:00:00,52,312,2,0
2168,Hanoi Center,Electric Scooter,2025-04-07,2025-04-08 10:00:00,34,272,1,1
2169,Hanoi Center,Bike,2025-02-12,2025-02-12 05:00:00,5,100,4,0
2170,Hanoi Center,Car,2025-10-22,2025-10-23 16:00:00,40,800,1,0
2171,HCM District 1,Car,2025-02-05,2025-02-05 16:00:00,16,96,4,1
2172,Da Nang City,Electric Scooter,2025-10-28,2025-10-30 22:00:00,70,1050,2,0
2173,Da Nang City,Car,2025-09-17,2025-09-17 23:00:00,23,276,4,0
2174,HCM District 1,Car,2025-08-17,2025-08-17 10:00:00,10,100,2,1
2175,Hanoi Center,Bike,2025-04-01,2025-04-02 11:00:00,35,630,4,0
2176,Da Nang City,Car,2025-08-31,2025-09-01 03:00:00,27,297,4,0
2177,Hanoi Center,Bike,2025-05-17,2025-05-17 15:00:00,15,210,1,1
2178,Da Nang City,Car,2025-06-03,2025-06-04 19:00:00,43,645,3,1
2179,HCM District 1,Bike,2025-04-22,2025-04-23 17:00:00,41,779,2,1
2180,HCM District 1,Car,2025-09-10,2025-09-10 20:00:00,20,400,3,1
2181,Da Nang City,Bike,2025-04-21,2025-04-22 16:00:00,40,800,1,1
2182,Da Nang City,Car,2025-02-17,2025-02-17 03:00:00,3,54,1,0
2183,Da Nang City,Car,2025-09-02,2025-09-05 00:00:00,72,864,4,1
2184,HCM District 1,Electric Scooter,2025-01-15,2025-01-15 04:00:00,4,56,4,0
2185,Hanoi Center,Electric Scooter,2025-10-11,2025-10-12 17:00:00,41,656,1,0
2186,Hanoi Center,Bike,2025-04-03,2025-04-03 18:00:00,18,306,5,0
2187,Hanoi Center,Car,2025-05-19,2025-05-20 02:00:00,26,234,5,0
2188,Da Nang City,Car,2025-02-16,2025-02-18 16:00:00,64,896,1,0
2189,HCM District 1,Car,2025-09-06,2025-09-08 12:00:00,60,600,5,1
2190,Hanoi Center,Bike,2025-02-10,2025-02-12 21:00:00,69,1104,2,1
2191,Hanoi Center,Bike,2025-03-04,2025-03-06 17:00:00,65,1105,4,0
2192,HCM District 1,Car,2025-03-08,2025-03-08 09:00:00,9,108,5,0
2193,Da Nang City,Bike,2025-10-03,2025-10-04 16:00:00,40,240,3,0
2194,Da Nang City,Car,2025-03-07,2025-03-07 23:00:00,23,460,4,0
2195,Hanoi Center,Car,2025-03-01,2025-03-03 09:00:00,57,399,5,0
2196,HCM District 1,Car,2025-04-15,2025-04-16 00:00:00,24,120,1,0
2197,Da Nang City,Electric Scooter,2025-02-07,2025-02-09 05:00:00,53,477,4,1
2198,Da Nang City,Car,2025-03-19,2025-03-21 09:00:00,57,912,1,0
2199,HCM District 1,Electric Scooter,2025-07-11,2025-07-13 19:00:00,67,469,1,1
2200,HCM District 1,Bike,2025-08-04,2025-08-04 11:00:00,11,198,2,1
2201,Hanoi Center,Bike,2025-05-13,2025-05-14 01:00:00,25,450,2,0
2202,Hanoi Center,Bike,2025-07-31,2025-07-31 01:00:00,1,11,5,1
2203,HCM District 1,Electric Scooter,2025-10-04,2025-10-06 00:00:00,48,912,3,1
2204,Da Nang City,Bike,2025-07-30,2025-07-30 11:00:00,11,66,3,1
2205,Hanoi Center,Electric Scooter,2025-03-26,2025-03-27 16:00:00,40,560,3,0
2206,Da Nang City,Car,2025-08-22,2025-08-22 16:00:00,16,288,2,1
2207,Da Nang City,Bike,2025-07-28,2025-07-28 03:00:00,3,57,3,1
2208,Da Nang City,Bike,2025-09-16,2025-09-16 18:00:00,18,342,5,0
2209,Hanoi Center,Car,2025-05-17,2025-05-17 03:00:00,3,27,1,1
2210,HCM District 1,Car,2025-02-19,2025-02-21 21:00:00,69,621,1,0
2211,Da Nang City,Car,2025-02-19,2025-02-20 06:00:00,30,600,3,0
2212,Da Nang City,Electric Scooter,2025-03-14,2025-03-16 07:00:00,55,770,3,1
2213,Hanoi Center,Bike,2025-06-22,2025-06-23 03:00:00,27,135,3,1
2214,HCM District 1,Car,2025-08-06,2025-08-08 01:00:00,49,294,4,0
2215,Hanoi Center,Bike,2025-05-08,2025-05-08 10:00:00,10,60,1,0
2216,Hanoi Center,Bike,2025-01-21,2025-01-22 22:00:00,46,920,4,1
2217,Hanoi Center,Electric Scooter,2025-05-23,2025-05-23 04:00:00,4,76,5,1
2218,Da Nang City,Bike,2025-05-09,2025-05-09 21:00:00,21,357,5,0
2219,Hanoi Center,Bike,2025-04-26,2025-04-26 20:00:00,20,140,5,0
2220,HCM District 1,Bike,2025-08-03,2025-08-03 18:00:00,18,270,1,0
2221,HCM District 1,Bike,2025-07-13,2025-07-13 14:00:00,14,140,3,1
2222,Da Nang City,Car,2025-05-18,2025-05-18 02:00:00,2,26,3,0
2223,Da Nang City,Bike,2025-10-24,2025-10-27 00:00:00,72,1296,4,0
2224,Da Nang City,Electric Scooter,2025-03-22,2025-03-24 23:00:00,71,781,3,0
2225,Da Nang City,Electric Scooter,2025-04-28,2025-04-28 02:00:00,2,12,3,0
2226,HCM District 1,Car,2025-03-27,2025-03-28 06:00:00,30,300,2,1
2227,Hanoi Center,Bike,2025-05-15,2025-05-17 10:00:00,58,1102,3,0
2228,Hanoi Center,Car,2025-07-27,2025-07-28 17:00:00,41,205,3,0
2229,HCM District 1,Car,2025-01-26,2025-01-27 22:00:00,46,276,1,0
2230,Da Nang City,Bike,2025-08-17,2025-08-19 08:00:00,56,504,3,1
2231,Da Nang City,Car,2025-04-04,2025-04-04 15:00:00,15,180,5,0
2232,Hanoi Center,Bike,2025-04-06,2025-04-07 08:00:00,32,544,2,0
2233,HCM District 1,Car,2025-04-13,2025-04-15 19:00:00,67,938,4,0
2234,Da Nang City,Bike,2025-06-01,2025-06-03 15:00:00,63,1071,2,0
2235,Hanoi Center,Bike,2025-07-21,2025-07-21 18:00:00,18,198,4,0
2236,Hanoi Center,Bike,2025-05-10,2025-05-11 20:00:00,44,396,1,1
2237,HCM District 1,Bike,2025-06-13,2025-06-15 04:00:00,52,780,4,0
2238,Hanoi Center,Bike,2025-05-19,2025-05-21 23:00:00,71,994,5,0
2239,Da Nang City,Bike,2025-10-14,2025-10-14 05:00:00,5,35,5,1
2240,Hanoi Center,Car,2025-09-07,2025-09-07 01:00:00,1,16,3,0
2241,HCM District 1,Electric Scooter,2025-04-21,2025-04-22 10:00:00,34,272,1,0
2242,HCM District 1,Car,2025-01-04,2025-01-05 07:00:00,31,527,3,0
2243,Da Nang City,Bike,2025-01-08,2025-01-08 06:00:00,6,66,1,1
2244,HCM District 1,Electric Scooter,2025-06-26,2025-06-26 08:00:00,8,120,2,0
2245,Da Nang City,Electric Scooter,2025-01-21,2025-01-22 16:00:00,40,200,3,1
2246,Hanoi Center,Bike,2025-07-06,2025-07-06 17:00:00,17,272,4,1
2247,Hanoi Center,Car,2025-09-09,2025-09-12 00:00:00,72,648,4,1
2248,Hanoi Center,Bike,2025-01-05,2025-01-06 12:00:00,36,432,1,1
2249,Da Nang City,Car,2025-03-04,2025-03-05 10:00:00,34,544,3,0
2250,HCM District 1,Electric Scooter,2025-03-08,2025-03-09 04:00:00,28,252,5,0
2251,HCM District 1,Electric Scooter,2025-09-19,2025-09-19 16:00:00,16,224,4,0
2252,Da Nang City,Electric Scooter,2025-08-04,2025-08-06 10:00:00,58,348,5,1
2253,Hanoi Center,Electric Scooter,2025-04-22,2025-04-23 12:00:00,36,252,1,0
2254,Hanoi Center,Electric Scooter,2025-06-09,2025-06-09 14:00:00,14,210,5,0
2255,Da Nang City,Electric Scooter,2025-03-21,2025-03-23 18:00:00,66,1122,1,1
2256,HCM District 1,Electric Scooter,2025-05-16,2025-05-17 06:00:00,30,450,4,1
2257,HCM District 1,Bike,2025-06-11,2025-06-12 15:00:00,39,273,2,0
2258,HCM District 1,Bike,2025-08-17,2025-08-17 12:00:00,12,144,2,0
2259,Da Nang City,Car,2025-04-13,2025-04-14 23:00:00,47,376,5,1
2260,Da Nang City,Car,2025-08-15,2025-08-16 15:00:00,39,390,2,1
2261,Hanoi Center,Bike,2025-10-01,2025-10-03 03:00:00,51,510,2,0
2262,Hanoi Center,Electric Scooter,2025-01-03,2025-01-05 21:00:00,69,1173,5,0
2263,Hanoi Center,Car,2025-07-11,2025-07-13 06:00:00,54,324,2,0
2264,HCM District 1,Car,2025-01-17,2025-01-17 03:00:00,3,36,1,0
2265,Da Nang City,Car,2025-05-13,2025-05-14 05:00:00,29,464,5,1
2266,Hanoi Center,Car,2025-10-14,2025-10-16 20:00:00,68,612,2,1
2267,Hanoi Center,Bike,2025-01-09,2025-01-11 13:00:00,61,854,3,0
2268,HCM District 1,Car,2025-10-11,2025-10-12 00:00:00,24,168,2,1
2269,HCM District 1,Electric Scooter,2025-03-29,2025-03-29 01:00:00,1,14,5,1
2270,Hanoi Center,Electric Scooter,2025-07-03,2025-07-03 22:00:00,22,440,5,1
2271,Hanoi Center,Electric Scooter,2025-01-11,2025-01-12 12:00:00,36,216,5,1
2272,Da Nang City,Bike,2025-07-03,2025-07-03 15:00:00,15,225,4,1
2273,HCM District 1,Bike,2025-01-14,2025-01-15 18:00:00,42,336,1,1
2274,Da Nang City,Bike,2025-09-19,2025-09-21 12:00:00,60,1020,3,0
2275,Hanoi Center,Bike,2025-06-15,2025-06-16 11:00:00,35,700,3,0
2276,Hanoi Center,Bike,2025-10-04,2025-10-05 23:00:00,47,423,5,0
2277,Hanoi Center,Car,2025-05-08,2025-05-08 18:00:00,18,252,5,0
2278,Da Nang City,Electric Scooter,2025-10-26,2025-10-26 18:00:00,18,234,3,1
2279,Hanoi Center,Car,2025-08-03,2025-08-03 14:00:00,14,168,5,1
2280,HCM District 1,Bike,2025-05-27,2025-05-30 00:00:00,72,1152,3,1
2281,Da Nang City,Bike,2025-06-04,2025-06-04 18:00:00,18,270,5,1
2282,HCM District 1,Bike,2025-04-27,2025-04-27 21:00:00,21,336,2,1
2283,Da Nang City,Electric Scooter,2025-08-15,2025-08-16 12:00:00,36,684,2,0
2284,Da Nang City,Car,2025-01-29,2025-01-30 01:00:00,25,375,3,1
2285,HCM District 1,Car,2025-06-08,2025-06-08 18:00:00,18,90,5,0
2286,Hanoi Center,Bike,2025-09-11,2025-09-13 03:00:00,51,612,4,0
2287,Hanoi Center,Car,2025-03-19,2025-03-20 15:00:00,39,390,5,0
2288,Hanoi Center,Car,2025-10-28,2025-10-29 11:00:00,35,560,4,1
2289,Hanoi Center,Electric Scooter,2025-05-28,2025-05-30 00:00:00,48,336,5,1
2290,Da Nang City,Car,2025-03-16,2025-03-17 20:00:00,44,880,1,1
2291,Hanoi Center,Car,2025-10-25,2025-10-27 13:00:00,61,610,5,0
2292,Da Nang City,Bike,2025-05-17,2025-05-17 02:00:00,2,14,4,1
2293,Hanoi Center,Bike,2025-05-09,2025-05-11 17:00:00,65,780,5,0
2294,Hanoi Center,Car,2025-09-23,2025-09-25 03:00:00,51,255,1,1
2295,Hanoi Center,Electric Scooter,2025-08-28,2025-08-28 13:00:00,13,208,5,1
2296,HCM District 1,Electric Scooter,2025-02-05,2025-02-05 22:00:00,22,132,1,1
2297,Da Nang City,Electric Scooter,2025-04-26,2025-04-26 09:00:00,9,63,3,0
2298,Da Nang City,Bike,2025-03-25,2025-03-25 08:00:00,8,152,2,1
2299,Hanoi Center,Car,2025-02-14,2025-02-15 15:00:00,39,195,5,1
2300,Da Nang City,Car,2025-07-05,2025-07-06 06:00:00,30,240,4,1
2301,Da Nang City,Electric Scooter,2025-08-02,2025-08-04 18:00:00,66,858,5,0
2302,Hanoi Center,Electric Scooter,2025-06-21,2025-06-21 23:00:00,23,299,2,1
2303,HCM District 1,Electric Scooter,2025-10-21,2025-10-23 09:00:00,57,456,3,1
2304,Hanoi Center,Electric Scooter,2025-06-23,2025-06-24 00:00:00,24,192,3,0
2305,Hanoi Center,Electric Scooter,2025-02-23,2025-02-25 22:00:00,70,560,5,1
2306,Hanoi Center,Electric Scooter,2025-04-10,2025-04-11 06:00:00,30,300,5,0
2307,Hanoi Center,Electric Scooter,2025-10-24,2025-10-25 20:00:00,44,352,5,1
2308,Da Nang City,Bike,2025-04-30,2025-05-02 21:00:00,69,897,2,0
2309,Da Nang City,Car,2025-01-07,2025-01-10 00:00:00,72,1368,3,0
2310,Da Nang City,Car,2025-01-16,2025-01-18 07:00:00,55,440,3,1
2311,Da Nang City,Car,2025-06-25,2025-06-27 03:00:00,51,561,3,1
2312,Hanoi Center,Bike,2025-08-17,2025-08-19 18:00:00,66,1122,2,0
2313,Da Nang City,Electric Scooter,2025-04-15,2025-04-16 04:00:00,28,224,5,1
2314,Da Nang City,Bike,2025-03-08,2025-03-08 08:00:00,8,120,5,1
2315,Da Nang City,Car,2025-07-28,2025-07-30 06:00:00,54,594,4,1
2316,HCM District 1,Car,2025-03-30,2025-04-01 01:00:00,49,392,1,0
2317,Da Nang City,Bike,2025-08-12,2025-08-14 11:00:00,59,472,4,0
2318,Hanoi Center,Bike,2025-06-01,2025-06-03 06:00:00,54,702,1,1
2319,Da Nang City,Electric Scooter,2025-05-19,2025-05-19 05:00:00,5,80,4,1
2320,HCM District 1,Bike,2025-05-26,2025-05-26 10:00:00,10,200,3,0
2321,Da Nang City,Bike,2025-06-23,2025-06-23 03:00:00,3,15,2,1
2322,Da Nang City,Car,2025-01-16,2025-01-17 21:00:00,45,225,5,1
2323,Hanoi Center,Bike,2025-01-22,2025-01-23 18:00:00,42,756,1,1
2324,Da Nang City,Electric Scooter,2025-09-23,2025-09-24 16:00:00,40,320,1,1
2325,HCM District 1,Car,2025-03-30,2025-03-30 23:00:00,23,414,1,1
2326,HCM District 1,Electric Scooter,2025-08-25,2025-08-25 08:00:00,8,72,3,0
2327,Hanoi Center,Car,2025-05-05,2025-05-07 08:00:00,56,616,1,1
2328,HCM District 1,Car,2025-04-25,2025-04-25 16:00:00,16,112,4,0
2329,HCM District 1,Bike,2025-06-11,2025-06-11 09:00:00,9,54,5,0
2330,HCM District 1,Bike,2025-06-07,2025-06-09 08:00:00,56,896,4,0
2331,Da Nang City,Bike,2025-07-05,2025-07-07 19:00:00,67,536,1,0
2332,Hanoi Center,Car,2025-08-01,2025-08-02 05:00:00,29,493,2,0
2333,HCM District 1,Electric Scooter,2025-05-09,2025-05-11 18:00:00,66,660,2,1
2334,Da Nang City,Electric Scooter,2025-04-28,2025-04-29 11:00:00,35,420,4,0
2335,Hanoi Center,Car,2025-09-12,2025-09-12 15:00:00,15,105,3,0
2336,Da Nang City,Electric Scooter,2025-05-13,2025-05-15 11:00:00,59,1121,5,0
2337,Da Nang City,Electric Scooter,2025-05-21,2025-05-23 18:00:00,66,1254,2,1
2338,HCM District 1,Electric Scooter,2025-09-22,2025-09-23 01:00:00,25,300,2,0
2339,HCM District 1,Car,2025-09-09,2025-09-10 14:00:00,38,684,3,0
2340,Da Nang City,Electric Scooter,2025-04-21,2025-04-23 15:00:00,63,882,4,1
2341,Hanoi Center,Bike,2025-02-09,2025-02-10 03:00:00,27,540,1,1
2342,Da Nang City,Bike,2025-10-24,2025-10-25 15:00:00,39,234,1,1
2343,Hanoi Center,Electric Scooter,2025-08-06,2025-08-06 19:00:00,19,209,3,1
2344,Hanoi Center,Bike,2025-05-14,2025-05-16 16:00:00,64,1152,4,1
2345,Da Nang City,Bike,2025-03-20,2025-03-21 12:00:00,36,216,2,0
2346,Hanoi Center,Bike,2025-05-02,2025-05-02 05:00:00,5,50,1,0
2347,Da Nang City,Electric Scooter,2025-09-11,2025-09-11 16:00:00,16,240,1,1
2348,HCM District 1,Bike,2025-10-08,2025-10-10 05:00:00,53,265,5,0
2349,Hanoi Center,Car,2025-01-19,2025-01-20 16:00:00,40,800,3,1
2350,Hanoi Center,Car,2025-08-15,2025-08-15 04:00:00,4,32,5,0
2351,Hanoi Center,Electric Scooter,2025-05-12,2025-05-12 09:00:00,9,90,3,0
2352,Da Nang City,Bike,2025-05-18,2025-05-20 16:00:00,64,640,1,0
2353,HCM District 1,Electric Scooter,2025-10-14,2025-10-16 17:00:00,65,455,1,1
2354,Da Nang City,Bike,2025-09-18,2025-09-19 02:00:00,26,182,1,1
2355,Da Nang City,Electric Scooter,2025-07-09,2025-07-11 11:00:00,59,354,3,0
2356,HCM District 1,Car,2025-08-31,2025-09-01 06:00:00,30,240,2,0
2357,HCM District 1,Bike,2025-10-03,2025-10-04 07:00:00,31,186,5,0
2358,HCM District 1,Electric Scooter,2025-01-14,2025-01-17 00:00:00,72,1368,5,0
2359,Da Nang City,Car,2025-03-14,2025-03-16 12:00:00,60,660,3,0
2360,Da Nang City,Car,2025-04-30,2025-04-30 08:00:00,8,112,5,1
2361,Da Nang City,Bike,2025-07-03,2025-07-05 00:00:00,48,240,1,1
2362,Da Nang City,Electric Scooter,2025-05-19,2025-05-21 08:00:00,56,448,2,1
2363,Hanoi Center,Electric Scooter,2025-04-10,2025-04-10 16:00:00,16,96,4,1
2364,HCM District 1,Bike,2025-09-14,2025-09-14 13:00:00,13,247,3,1
2365,Hanoi Center,Car,2025-08-18,2025-08-20 14:00:00,62,310,3,0
2366,Da Nang City,Bike,2025-05-28,2025-05-28 19:00:00,19,114,1,1
2367,Da Nang City,Bike,2025-04-23,2025-04-25 18:00:00,66,858,2,1
2368,Da Nang City,Electric Scooter,2025-03-05,2025-03-05 02:00:00,2,26,4,0
2369,HCM District 1,Bike,2025-04-03,2025-04-04 11:00:00,35,700,5,1
2370,HCM District 1,Electric Scooter,2025-05-27,2025-05-27 20:00:00,20,340,5,0
2371,Hanoi Center,Electric Scooter,2025-05-24,2025-05-26 02:00:00,50,950,3,1
2372,HCM District 1,Electric Scooter,2025-06-12,2025-06-13 00:00:00,24,336,3,1
2373,Da Nang City,Electric Scooter,2025-10-27,2025-10-27 18:00:00,18,216,4,0
2374,HCM District 1,Bike,2025-04-18,2025-04-18 16:00:00,16,192,4,1
2375,Da Nang City,Electric Scooter,2025-06-08,2025-06-09 22:00:00,46,414,2,0
2376,HCM District 1,Bike,2025-03-17,2025-03-19 06:00:00,54,702,5,0
2377,Hanoi Center,Electric Scooter,2025-09-28,2025-09-28 02:00:00,2,14,5,1
2378,Da Nang City,Car,2025-03-15,2025-03-17 09:00:00,57,1026,4,0
2379,HCM District 1,Car,2025-09-16,2025-09-17 22:00:00,46,874,1,1
2380,Hanoi Center,Car,2025-07-31,2025-08-02 12:00:00,60,600,4,1
2381,HCM District 1,Bike,2025-01-23,2025-01-24 12:00:00,36,252,3,1
2382,Da Nang City,Electric Scooter,2025-09-11,2025-09-11 14:00:00,14,224,4,0
2383,Hanoi Center,Electric Scooter,2025-02-28,2025-03-02 18:00:00,66,396,2,0
2384,HCM District 1,Car,2025-10-22,2025-10-23 05:00:00,29,290,3,1
2385,Da Nang City,Electric Scooter,2025-09-21,2025-09-22 13:00:00,37,185,2,0
2386,Hanoi Center,Electric Scooter,2025-10-08,2025-10-09 09:00:00,33,429,5,1
2387,Hanoi Center,Bike,2025-01-27,2025-01-29 06:00:00,54,756,1,1
2388,HCM District 1,Electric Scooter,2025-01-04,2025-01-06 15:00:00,63,315,1,0
2389,HCM District 1,Bike,2025-01-12,2025-01-12 22:00:00,22,352,2,0
2390,Da Nang City,Bike,2025-03-04,2025-03-04 16:00:00,16,224,4,0
2391,HCM District 1,Car,2025-04-07,2025-04-07 03:00:00,3,21,4,0
2392,Da Nang City,Bike,2025-06-01,2025-06-02 07:00:00,31,496,5,0
2393,Da Nang City,Electric Scooter,2025-03-23,2025-03-25 10:00:00,58,348,1,0
2394,Da Nang City,Bike,2025-05-27,2025-05-29 16:00:00,64,512,3,1
2395,HCM District 1,Car,2025-02-04,2025-02-05 08:00:00,32,544,1,1
2396,Hanoi Center,Electric Scooter,2025-03-15,2025-03-16 14:00:00,38,608,1,0
2397,Hanoi Center,Bike,2025-01-04,2025-01-05 02:00:00,26,520,5,0
2398,Hanoi Center,Bike,2025-02-17,2025-02-17 20:00:00,20,400,2,1
2399,Hanoi Center,Bike,2025-06-22,2025-06-24 15:00:00,63,882,5,0
2400,Da Nang City,Car,2025-10-24,2025-10-24 08:00:00,8,120,2,1
2401,Da Nang City,Bike,2025-05-07,2025-05-09 15:00:00,63,756,1,0
2402,HCM District 1,Car,2025-09-15,2025-09-15 17:00:00,17,238,4,1
2403,HCM District 1,Car,2025-01-23,2025-01-25 12:00:00,60,660,3,1
2404,Da Nang City,Electric Scooter,2025-08-28,2025-08-28 19:00:00,19,342,1,0
2405,Hanoi Center,Bike,2025-10-01,2025-10-01 15:00:00,15,270,3,0
2406,HCM District 1,Electric Scooter,2025-05-17,2025-05-18 01:00:00,25,275,3,0
2407,Hanoi Center,Electric Scooter,2025-05-19,2025-05-19 23:00:00,23,184,3,0
2408,Da Nang City,Car,2025-08-09,2025-08-10 16:00:00,40,480,1,0
2409,HCM District 1,Electric Scooter,2025-05-21,2025-05-23 12:00:00,60,480,2,0
2410,Hanoi Center,Car,2025-02-07,2025-02-09 18:00:00,66,660,5,0
2411,Da Nang City,Car,2025-09-13,2025-09-15 04:00:00,52,676,1,0
2412,Da Nang City,Car,2025-09-03,2025-09-05 03:00:00,51,612,2,1
2413,HCM District 1,Bike,2025-08-31,2025-08-31 19:00:00,19,114,2,1
2414,HCM District 1,Bike,2025-07-23,2025-07-24 06:00:00,30,360,2,1
2415,HCM District 1,Bike,2025-10-19,2025-10-20 00:00:00,24,384,3,1
2416,HCM District 1,Bike,2025-01-18,2025-01-18 20:00:00,20,300,3,0
2417,Hanoi Center,Car,2025-01-31,2025-02-01 08:00:00,32,288,5,1
2418,Da Nang City,Electric Scooter,2025-05-21,2025-05-22 16:00:00,40,600,5,0
2419,Hanoi Center,Electric Scooter,2025-03-03,2025-03-04 03:00:00,27,405,1,1
2420,Da Nang City,Bike,2025-03-09,2025-03-10 06:00:00,30,180,2,1
2421,Da Nang City,Bike,2025-08-10,2025-08-10 05:00:00,5,25,2,1
2422,Da Nang City,Car,2025-06-30,2025-06-30 12:00:00,12,72,3,1
2423,Da Nang City,Car,2025-07-31,2025-07-31 21:00:00,21,357,5,1
2424,HCM District 1,Car,2025-01-03,2025-01-03 13:00:00,13,65,5,0
2425,HCM District 1,Electric Scooter,2025-08-02,2025-08-03 20:00:00,44,836,3,1
2426,Hanoi Center,Bike,2025-05-11,2025-05-11 18:00:00,18,144,4,1
2427,HCM District 1,Car,2025-01-07,2025-01-09 20:00:00,68,1088,4,1
2428,Da Nang City,Car,2025-10-03,2025-10-04 12:00:00,36,576,3,1
2429,HCM District 1,Electric Scooter,2025-05-01,2025-05-02 10:00:00,34,646,5,0
2430,Hanoi Center,Bike,2025-06-09,2025-06-11 16:00:00,64,1280,4,1
2431,Da Nang City,Electric Scooter,2025-03-02,2025-03-03 12:00:00,36,216,5,1
2432,HCM District 1,Car,2025-04-17,2025-04-19 03:00:00,51,255,2,1
2433,HCM District 1,Electric Scooter,2025-06-05,2025-06-06 22:00:00,46,414,2,0
2434,HCM District 1,Bike,2025-03-07,2025-03-07 02:00:00,2,36,4,0
2435,HCM District 1,Electric Scooter,2025-07-30,2025-07-30 21:00:00,21,252,1,0
2436,Hanoi Center,Electric Scooter,2025-06-05,2025-06-07 09:00:00,57,1083,2,0
2437,Hanoi Center,Car,2025-01-29,2025-01-29 07:00:00,7,35,5,1
2438,Da Nang City,Electric Scooter,2025-02-21,2025-02-23 22:00:00,70,700,5,0
2439,Da Nang City,Bike,2025-04-15,2025-04-17 06:00:00,54,810,1,1
2440,Hanoi Center,Car,2025-08-14,2025-08-15 04:00:00,28,168,5,1
2441,Da Nang City,Car,2025-10-13,2025-10-15 04:00:00,52,312,2,1
2442,HCM District 1,Electric Scooter,2025-10-27,2025-10-29 20:00:00,68,408,1,1
2443,HCM District 1,Car,2025-02-23,2025-02-25 02:00:00,50,700,2,1
2444,Da Nang City,Car,2025-01-05,2025-01-05 08:00:00,8,40,4,0
2445,HCM District 1,Car,2025-07-09,2025-07-09 20:00:00,20,120,1,1
2446,HCM District 1,Electric Scooter,2025-05-02,2025-05-04 22:00:00,70,700,4,1
2447,Da Nang City,Bike,2025-04-09,2025-04-10 14:00:00,38,646,3,1
2448,HCM District 1,Car,2025-10-03,2025-10-05 17:00:00,65,520,5,0
2449,Hanoi Center,Car,2025-05-31,2025-06-01 19:00:00,43,731,4,1
2450,HCM District 1,Bike,2025-08-15,2025-08-15 13:00:00,13,143,3,0
2451,Da Nang City,Car,2025-02-21,2025-02-22 02:00:00,26,208,1,1
2452,HCM District 1,Bike,2025-09-28,2025-09-28 11:00:00,11,198,3,0
2453,Hanoi Center,Car,2025-03-31,2025-04-02 01:00:00,49,588,5,1
2454,Da Nang City,Car,2025-07-26,2025-07-26 19:00:00,19,304,1,0
2455,HCM District 1,Bike,2025-04-18,2025-04-18 12:00:00,12,108,5,1
2456,Da Nang City,Electric Scooter,2025-02-21,2025-02-21 02:00:00,2,26,3,0
2457,Hanoi Center,Car,2025-03-03,2025-03-03 19:00:00,19,266,5,1
2458,Hanoi Center,Electric Scooter,2025-05-03,2025-05-05 03:00:00,51,714,1,1
2459,Hanoi Center,Bike,2025-06-05,2025-06-06 08:00:00,32,544,3,0
2460,Hanoi Center,Electric Scooter,2025-05-03,2025-05-05 03:00:00,51,612,5,1
2461,Da Nang City,Electric Scooter,2025-03-22,2025-03-23 11:00:00,35,420,3,1
2462,Da Nang City,Electric Scooter,2025-02-23,2025-02-24 10:00:00,34,646,5,1
2463,HCM District 1,Car,2025-04-09,2025-04-09 13:00:00,13,130,2,0
2464,HCM District 1,Electric Scooter,2025-01-28,2025-01-29 14:00:00,38,760,5,0
2465,Hanoi Center,Bike,2025-01-21,2025-01-23 02:00:00,50,350,2,1
2466,Da Nang City,Car,2025-07-30,2025-08-01 12:00:00,60,840,4,0
2467,HCM District 1,Electric Scooter,2025-01-11,2025-01-13 03:00:00,51,663,4,1
2468,Hanoi Center,Car,2025-05-19,2025-05-21 17:00:00,65,650,4,1
2469,Da Nang City,Bike,2025-10-08,2025-10-09 08:00:00,32,448,2,0
2470,HCM District 1,Bike,2025-06-18,2025-06-19 13:00:00,37,629,3,0
2471,Da Nang City,Car,2025-06-28,2025-06-28 16:00:00,16,176,5,0
2472,Da Nang City,Electric Scooter,2025-10-02,2025-10-04 05:00:00,53,636,1,0
2473,HCM District 1,Bike,2025-09-19,2025-09-21 04:00:00,52,936,4,1
2474,HCM District 1,Bike,2025-04-10,2025-04-10 07:00:00,7,56,1,1
2475,Hanoi Center,Car,2025-04-27,2025-04-28 04:00:00,28,392,2,1
2476,HCM District 1,Electric Scooter,2025-10-16,2025-10-16 12:00:00,12,120,2,0
2477,Hanoi Center,Bike,2025-08-25,2025-08-27 11:00:00,59,885,1,0
2478,HCM District 1,Electric Scooter,2025-02-28,2025-03-01 04:00:00,28,448,2,0
2479,Da Nang City,Electric Scooter,2025-06-17,2025-06-17 06:00:00,6,72,5,0
2480,Hanoi Center,Bike,2025-08-24,2025-08-26 01:00:00,49,392,2,1
2481,Da Nang City,Electric Scooter,2025-03-08,2025-03-09 09:00:00,33,198,2,1
2482,Da Nang City,Bike,2025-03-18,2025-03-18 06:00:00,6,78,3,1
2483,Da Nang City,Car,2025-05-03,2025-05-05 13:00:00,61,915,1,1
2484,Hanoi Center,Electric Scooter,2025-05-15,2025-05-17 14:00:00,62,744,2,1
2485,Da Nang City,Bike,2025-07-07,2025-07-09 11:00:00,59,1180,2,0
2486,HCM District 1,Bike,2025-10-03,2025-10-05 07:00:00,55,770,1,1
2487,HCM District 1,Electric Scooter,2025-09-21,2025-09-22 01:00:00,25,350,2,0
2488,HCM District 1,Bike,2025-10-14,2025-10-15 02:00:00,26,520,1,1
2489,HCM District 1,Car,2025-08-19,2025-08-19 06:00:00,6,30,2,1
2490,Hanoi Center,Car,2025-02-16,2025-02-18 00:00:00,48,624,4,1
2491,Hanoi Center,Bike,2025-01-24,2025-01-24 18:00:00,18,288,5,0
2492,Da Nang City,Car,2025-02-07,2025-02-08 23:00:00,47,752,4,1
2493,Da Nang City,Bike,2025-02-14,2025-02-16 11:00:00,59,413,1,1
2494,Da Nang City,Car,2025-08-11,2025-08-13 17:00:00,65,1300,2,1
2495,Da Nang City,Electric Scooter,2025-07-03,2025-07-05 11:00:00,59,1003,2,0
2496,Da Nang City,Electric Scooter,2025-01-02,2025-01-04 09:00:00,57,627,2,0
2497,Hanoi Center,Electric Scooter,2025-06-10,2025-06-10 09:00:00,9,90,1,0
2498,Hanoi Center,Electric Scooter,2025-07-17,2025-07-19 01:00:00,49,784,3,1
2499,HCM District 1,Car,2025-05-01,2025-05-03 17:00:00,65,325,4,0
2500,Da Nang City,Electric Scooter,2025-02-01,2025-02-01 13:00:00,13,156,1,0
2501,HCM District 1,Bike,2025-02-02,2025-02-04 19:00:00,67,469,3,1
2502,Da Nang City,Bike,2025-06-01,2025-06-01 13:00:00,13,156,1,1
2503,Da Nang City,Bike,2025-03-13,2025-03-13 08:00:00,8,96,4,1
2504,HCM District 1,Bike,2025-09-30,2025-10-02 10:00:00,58,580,2,1
2505,HCM District 1,Electric Scooter,2025-06-07,2025-06-08 17:00:00,41,820,3,0
2506,HCM District 1,Bike,2025-09-26,2025-09-26 13:00:00,13,117,4,0
2507,Da Nang City,Car,2025-08-26,2025-08-28 15:00:00,63,945,1,1
2508,Hanoi Center,Car,2025-08-27,2025-08-29 06:00:00,54,810,2,1
2509,Hanoi Center,Car,2025-02-18,2025-02-20 11:00:00,59,649,2,1
2510,HCM District 1,Electric Scooter,2025-06-17,2025-06-17 06:00:00,6,42,5,0
2511,HCM District 1,Bike,2025-04-05,2025-04-06 22:00:00,46,782,1,1
2512,HCM District 1,Bike,2025-10-04,2025-10-05 19:00:00,43,258,5,0
2513,Hanoi Center,Electric Scooter,2025-02-09,2025-02-10 12:00:00,36,288,1,0
2514,Hanoi Center,Car,2025-03-04,2025-03-06 00:00:00,48,912,5,0
2515,HCM District 1,Car,2025-06-19,2025-06-19 22:00:00,22,352,2,1
2516,HCM District 1,Electric Scooter,2025-09-03,2025-09-04 00:00:00,24,336,2,1
2517,HCM District 1,Bike,2025-10-07,2025-10-08 10:00:00,34,544,4,0
2518,Hanoi Center,Bike,2025-07-10,2025-07-12 20:00:00,68,748,5,1
2519,HCM District 1,Car,2025-01-24,2025-01-25 02:00:00,26,364,1,0
2520,HCM District 1,Car,2025-02-04,2025-02-05 17:00:00,41,410,4,0
2521,Da Nang City,Bike,2025-05-19,2025-05-19 16:00:00,16,288,4,1
2522,Hanoi Center,Bike,2025-09-01,2025-09-01 23:00:00,23,207,1,1
2523,Hanoi Center,Electric Scooter,2025-10-20,2025-10-22 01:00:00,49,833,3,1
2524,Hanoi Center,Car,2025-09-30,2025-10-02 13:00:00,61,732,1,0
2525,HCM District 1,Car,2025-08-19,2025-08-20 13:00:00,37,370,2,0
2526,Da Nang City,Electric Scooter,2025-06-03,2025-06-04 02:00:00,26,312,1,0
2527,Hanoi Center,Car,2025-06-21,2025-06-22 04:00:00,28,308,5,1
2528,Da Nang City,Electric Scooter,2025-01-18,2025-01-19 17:00:00,41,451,5,1
2529,HCM District 1,Bike,2025-01-10,2025-01-12 13:00:00,61,427,5,1
2530,Da Nang City,Electric Scooter,2025-01-07,2025-01-09 17:00:00,65,715,1,0
2531,Hanoi Center,Electric Scooter,2025-10-05,2025-10-07 16:00:00,64,1280,2,0
2532,Hanoi Center,Electric Scooter,2025-06-12,2025-06-12 23:00:00,23,299,5,1
2533,HCM District 1,Bike,2025-04-30,2025-05-01 11:00:00,35,560,5,0
2534,HCM District 1,Bike,2025-08-10,2025-08-12 04:00:00,52,260,3,1
2535,HCM District 1,Bike,2025-05-11,2025-05-12 10:00:00,34,680,2,0
2536,HCM District 1,Car,2025-10-26,2025-10-26 21:00:00,21,210,3,0
2537,Da Nang City,Bike,2025-08-12,2025-08-13 18:00:00,42,462,2,1
2538,HCM District 1,Electric Scooter,2025-05-23,2025-05-25 00:00:00,48,960,1,1
2539,Hanoi Center,Electric Scooter,2025-04-05,2025-04-06 13:00:00,37,592,1,1
2540,Hanoi Center,Car,2025-05-29,2025-05-31 05:00:00,53,530,2,1
2541,HCM District 1,Bike,2025-04-13,2025-04-13 18:00:00,18,144,1,1
2542,HCM District 1,Electric Scooter,2025-06-16,2025-06-17 14:00:00,38,228,5,1
2543,Hanoi Center,Bike,2025-01-30,2025-01-30 09:00:00,9,162,1,0
2544,Da Nang City,Car,2025-06-11,2025-06-12 03:00:00,27,135,4,0
2545,Da Nang City,Car,2025-05-06,2025-05-07 08:00:00,32,384,1,1
2546,HCM District 1,Bike,2025-07-23,2025-07-25 15:00:00,63,819,1,1
2547,HCM District 1,Bike,2025-04-14,2025-04-15 03:00:00,27,162,5,1
2548,HCM District 1,Bike,2025-10-22,2025-10-24 02:00:00,50,850,1,1
2549,HCM District 1,Bike,2025-01-05,2025-01-06 03:00:00,27,378,1,0
2550,HCM District 1,Car,2025-08-12,2025-08-13 08:00:00,32,384,3,1
2551,Hanoi Center,Bike,2025-07-04,2025-07-05 17:00:00,41,246,1,1
2552,Da Nang City,Car,2025-10-06,2025-10-06 07:00:00,7,126,1,1
2553,Hanoi Center,Car,2025-06-28,2025-06-28 07:00:00,7,119,4,1
2554,Da Nang City,Bike,2025-05-16,2025-05-18 04:00:00,52,520,4,0
2555,Da Nang City,Electric Scooter,2025-05-13,2025-05-15 09:00:00,57,342,3,1
2556,HCM District 1,Electric Scooter,2025-06-06,2025-06-06 10:00:00,10,140,3,0
2557,HCM District 1,Electric Scooter,2025-10-26,2025-10-27 23:00:00,47,846,1,1
2558,Hanoi Center,Car,2025-01-05,2025-01-07 02:00:00,50,1000,5,1
2559,Hanoi Center,Bike,2025-08-04,2025-08-06 22:00:00,70,350,1,1
2560,Hanoi Center,Electric Scooter,2025-08-02,2025-08-04 18:00:00,66,1056,4,0
2561,Da Nang City,Electric Scooter,2025-01-06,2025-01-08 10:00:00,58,290,2,0
2562,Hanoi Center,Electric Scooter,2025-07-08,2025-07-09 22:00:00,46,828,3,1
2563,Da Nang City,Car,2025-04-30,2025-04-30 01:00:00,1,15,4,0
2564,Hanoi Center,Bike,2025-09-20,2025-09-22 16:00:00,64,1216,3,0
2565,HCM District 1,Car,2025-02-04,2025-02-04 11:00:00,11,143,5,0
2566,Hanoi Center,Car,2025-02-17,2025-02-17 10:00:00,10,190,5,1
2567,HCM District 1,Electric Scooter,2025-08-03,2025-08-04 00:00:00,24,240,1,1
2568,HCM District 1,Bike,2025-10-13,2025-10-15 22:00:00,70,700,2,0
2569,Da Nang City,Electric Scooter,2025-01-23,2025-01-23 15:00:00,15,195,5,0
2570,Da Nang City,Electric Scooter,2025-06-03,2025-06-04 17:00:00,41,820,4,1
2571,HCM District 1,Bike,2025-08-04,2025-08-05 04:00:00,28,196,4,0
2572,Da Nang City,Electric Scooter,2025-10-13,2025-10-14 15:00:00,39,624,3,0
2573,HCM District 1,Bike,2025-08-01,2025-08-03 03:00:00,51,612,2,1
2574,Hanoi Center,Car,2025-09-07,2025-09-09 05:00:00,53,1060,3,0
2575,HCM District 1,Bike,2025-06-25,2025-06-26 22:00:00,46,644,5,1
2576,HCM District 1,Car,2025-04-06,2025-04-07 15:00:00,39,468,3,0
2577,Da Nang City,Electric Scooter,2025-09-18,2025-09-19 18:00:00,42,378,5,1
2578,HCM District 1,Electric Scooter,2025-06-11,2025-06-12 09:00:00,33,660,4,0
2579,Hanoi Center,Car,2025-03-02,2025-03-03 06:00:00,30,480,2,1
2580,Da Nang City,Car,2025-05-18,2025-05-18 15:00:00,15,150,2,1
2581,HCM District 1,Bike,2025-09-06,2025-09-08 12:00:00,60,720,1,1
2582,Da Nang City,Electric Scooter,2025-07-07,2025-07-09 11:00:00,59,885,4,0
2583,HCM District 1,Electric Scooter,2025-08-31,2025-08-31 01:00:00,1,14,1,0
2584,Da Nang City,Car,2025-04-13,2025-04-14 06:00:00,30,540,1,1
2585,HCM District 1,Bike,2025-09-25,2025-09-25 22:00:00,22,330,3,1
2586,HCM District 1,Bike,2025-02-27,2025-02-27 19:00:00,19,133,3,0
2587,Da Nang City,Electric Scooter,2025-07-04,2025-07-05 12:00:00,36,288,1,0
2588,Da Nang City,Car,2025-01-23,2025-01-25 20:00:00,68,952,3,1
2589,Da Nang City,Electric Scooter,2025-09-14,2025-09-15 16:00:00,40,800,4,1
2590,Da Nang City,Car,2025-03-14,2025-03-14 18:00:00,18,234,2,0
2591,Da Nang City,Electric Scooter,2025-05-09,2025-05-09 08:00:00,8,136,5,1
2592,Da Nang City,Bike,2025-08-09,2025-08-09 04:00:00,4,24,1,1
2593,Hanoi Center,Bike,2025-02-28,2025-03-02 10:00:00,58,1160,2,1
2594,Da Nang City,Bike,2025-09-07,2025-09-09 09:00:00,57,627,3,1
2595,Da Nang City,Car,2025-10-15,2025-10-16 16:00:00,40,400,5,0
2596,HCM District 1,Car,2025-09-17,2025-09-17 09:00:00,9,180,4,0
2597,Hanoi Center,Electric Scooter,2025-06-14,2025-06-15 06:00:00,30,540,3,1
2598,Hanoi Center,Car,2025-03-10,2025-03-10 22:00:00,22,220,5,0
2599,Hanoi Center,Bike,2025-06-29,2025-06-30 12:00:00,36,252,2,1
2600,Hanoi Center,Bike,2025-06-05,2025-06-06 17:00:00,41,410,2,0
2601,Da Nang City,Car,2025-10-20,2025-10-21 21:00:00,45,225,1,1
2602,Da Nang City,Car,2025-10-25,2025-10-26 23:00:00,47,564,2,0
2603,HCM District 1,Electric Scooter,2025-07-02,2025-07-03 01:00:00,25,350,3,0
2604,Hanoi Center,Car,2025-06-29,2025-06-29 12:00:00,12,84,3,0
2605,HCM District 1,Bike,2025-09-16,2025-09-18 08:00:00,56,336,1,1
2606,HCM District 1,Car,2025-08-05,2025-08-05 17:00:00,17,255,1,0
2607,Hanoi Center,Electric Scooter,2025-02-19,2025-02-19 10:00:00,10,150,5,1
2608,Da Nang City,Car,2025-08-21,2025-08-23 16:00:00,64,1024,1,0
2609,Hanoi Center,Electric Scooter,2025-07-12,2025-07-12 20:00:00,20,220,4,0
2610,Da Nang City,Bike,2025-05-29,2025-05-30 02:00:00,26,130,1,1
2611,Hanoi Center,Bike,2025-01-21,2025-01-23 01:00:00,49,784,4,0
2612,Hanoi Center,Bike,2025-05-27,2025-05-28 12:00:00,36,540,3,1
2613,HCM District 1,Electric Scooter,2025-10-10,2025-10-10 03:00:00,3,18,1,0
2614,HCM District 1,Electric Scooter,2025-08-05,2025-08-05 21:00:00,21,252,5,0
2615,Da Nang City,Electric Scooter,2025-02-05,2025-02-06 14:00:00,38,646,1,1
2616,Da Nang City,Electric Scooter,2025-05-30,2025-05-31 16:00:00,40,440,5,1
2617,Hanoi Center,Electric Scooter,2025-05-29,2025-05-31 07:00:00,55,660,2,0
2618,Da Nang City,Bike,2025-07-10,2025-07-11 00:00:00,24,168,3,0
2619,Da Nang City,Bike,2025-02-18,2025-02-19 13:00:00,37,222,3,0
2620,Da Nang City,Bike,2025-02-09,2025-02-10 10:00:00,34,340,5,0
2621,HCM District 1,Electric Scooter,2025-08-30,2025-08-30 21:00:00,21,420,4,0
2622,Hanoi Center,Bike,2025-01-26,2025-01-26 01:00:00,1,5,1,1
2623,Da Nang City,Bike,2025-10-02,2025-10-04 14:00:00,62,372,4,0
2624,Hanoi Center,Electric Scooter,2025-05-08,2025-05-10 04:00:00,52,1040,1,0
2625,Da Nang City,Electric Scooter,2025-10-03,2025-10-04 04:00:00,28,420,4,1
2626,Hanoi Center,Electric Scooter,2025-04-07,2025-04-09 08:00:00,56,1120,5,0
2627,Da Nang City,Electric Scooter,2025-05-27,2025-05-27 15:00:00,15,75,3,0
2628,HCM District 1,Electric Scooter,2025-04-17,2025-04-18 14:00:00,38,418,4,1
2629,Da Nang City,Car,2025-09-25,2025-09-25 15:00:00,15,120,3,0
2630,HCM District 1,Car,2025-09-30,2025-09-30 14:00:00,14,224,3,1
2631,Hanoi Center,Bike,2025-08-06,2025-08-08 05:00:00,53,742,5,1
2632,HCM District 1,Electric Scooter,2025-07-09,2025-07-11 00:00:00,48,480,1,1
2633,Da Nang City,Bike,2025-02-17,2025-02-19 01:00:00,49,931,3,1
2634,HCM District 1,Bike,2025-08-02,2025-08-04 07:00:00,55,880,4,1
2635,Hanoi Center,Bike,2025-03-29,2025-03-29 19:00:00,19,342,2,0
2636,HCM District 1,Bike,2025-05-24,2025-05-26 10:00:00,58,1044,4,0
2637,Hanoi Center,Bike,2025-06-13,2025-06-15 11:00:00,59,944,3,1
2638,HCM District 1,Electric Scooter,2025-06-21,2025-06-21 16:00:00,16,272,3,1
2639,Da Nang City,Car,2025-02-09,2025-02-10 22:00:00,46,690,2,0
2640,Da Nang City,Electric Scooter,2025-01-05,2025-01-07 05:00:00,53,318,2,0
2641,Hanoi Center,Car,2025-03-05,2025-03-05 14:00:00,14,126,5,0
2642,HCM District 1,Electric Scooter,2025-01-07,2025-01-09 04:00:00,52,988,3,1
2643,Da Nang City,Car,2025-02-09,2025-02-11 18:00:00,66,726,1,1
2644,Hanoi Center,Electric Scooter,2025-07-13,2025-07-15 05:00:00,53,530,4,1
2645,Da Nang City,Bike,2025-09-14,2025-09-14 21:00:00,21,168,1,0
2646,Hanoi Center,Bike,2025-03-24,2025-03-25 08:00:00,32,224,5,1
2647,Da Nang City,Electric Scooter,2025-09-17,2025-09-18 20:00:00,44,352,1,0
2648,Da Nang City,Electric Scooter,2025-01-12,2025-01-13 22:00:00,46,736,3,0
2649,Da Nang City,Bike,2025-09-10,2025-09-10 06:00:00,6,66,2,0
2650,Da Nang City,Car,2025-03-29,2025-03-29 04:00:00,4,60,5,0
2651,Hanoi Center,Electric Scooter,2025-07-13,2025-07-13 23:00:00,23,299,1,1
2652,HCM District 1,Bike,2025-08-11,2025-08-12 07:00:00,31,496,2,1
2653,Da Nang City,Bike,2025-03-16,2025-03-17 19:00:00,43,344,2,1
2654,Da Nang City,Electric Scooter,2025-02-25,2025-02-25 15:00:00,15,225,5,1
2655,HCM District 1,Car,2025-09-21,2025-09-22 02:00:00,26,312,4,1
2656,Hanoi Center,Electric Scooter,2025-07-27,2025-07-27 17:00:00,17,255,1,1
2657,HCM District 1,Bike,2025-03-22,2025-03-24 06:00:00,54,864,5,1
2658,HCM District 1,Car,2025-08-25,2025-08-25 23:00:00,23,391,5,1
2659,Da Nang City,Electric Scooter,2025-02-11,2025-02-12 06:00:00,30,390,3,0
2660,Hanoi Center,Car,2025-10-26,2025-10-27 16:00:00,40,240,5,0
2661,Hanoi Center,Bike,2025-05-07,2025-05-08 13:00:00,37,629,4,0
2662,HCM District 1,Electric Scooter,2025-09-14,2025-09-14 10:00:00,10,200,4,1
2663,HCM District 1,Electric Scooter,2025-02-03,2025-02-04 21:00:00,45,315,4,0
2664,Da Nang City,Electric Scooter,2025-02-22,2025-02-23 08:00:00,32,288,5,0
2665,HCM District 1,Car,2025-01-04,2025-01-04 14:00:00,14,238,3,0
2666,Da Nang City,Car,2025-01-15,2025-01-16 00:00:00,24,264,3,1
2667,Da Nang City,Electric Scooter,2025-04-06,2025-04-06 12:00:00,12,108,5,1
2668,Hanoi Center,Bike,2025-06-21,2025-06-22 15:00:00,39,351,1,1
2669,Da Nang City,Bike,2025-06-02,2025-06-04 17:00:00,65,390,5,0
2670,Da Nang City,Electric Scooter,2025-06-18,2025-06-20 03:00:00,51,357,5,1
2671,Da Nang City,Electric Scooter,2025-09-24,2025-09-25 22:00:00,46,460,5,0
2672,Hanoi Center,Bike,2025-09-05,2025-09-07 19:00:00,67,335,2,1
2673,Da Nang City,Car,2025-08-22,2025-08-22 23:00:00,23,184,4,1
2674,Da Nang City,Electric Scooter,2025-03-02,2025-03-03 12:00:00,36,684,3,1
2675,HCM District 1,Electric Scooter,2025-10-28,2025-10-29 23:00:00,47,658,4,1
2676,HCM District 1,Bike,2025-03-14,2025-03-16 22:00:00,70,980,1,1
2677,Da Nang City,Car,2025-03-02,2025-03-03 00:00:00,24,288,4,1
2678,Hanoi Center,Bike,2025-01-31,2025-02-02 00:00:00,48,336,1,0
2679,Da Nang City,Electric Scooter,2025-03-10,2025-03-12 13:00:00,61,793,3,0
2680,Hanoi Center,Bike,2025-06-01,2025-06-03 06:00:00,54,756,5,1
2681,Hanoi Center,Electric Scooter,2025-04-11,2025-04-12 22:00:00,46,644,5,0
2682,Da Nang City,Car,2025-03-03,2025-03-05 14:00:00,62,1054,5,0
2683,HCM District 1,Electric Scooter,2025-08-07,2025-08-08 19:00:00,43,645,2,0
2684,HCM District 1,Car,2025-07-20,2025-07-20 12:00:00,12,240,5,0
2685,Da Nang City,Bike,2025-09-19,2025-09-20 22:00:00,46,414,3,0
2686,Hanoi Center,Car,2025-02-17,2025-02-19 09:00:00,57,741,3,0
2687,HCM District 1,Bike,2025-01-05,2025-01-05 13:00:00,13,247,5,1
2688,Hanoi Center,Car,2025-04-26,2025-04-26 21:00:00,21,273,5,1
2689,Hanoi Center,Car,2025-05-19,2025-05-20 21:00:00,45,405,1,0
2690,HCM District 1,Bike,2025-01-29,2025-01-29 17:00:00,17,221,1,0
2691,HCM District 1,Electric Scooter,2025-05-23,2025-05-25 17:00:00,65,1105,4,1
2692,HCM District 1,Bike,2025-04-30,2025-04-30 21:00:00,21,378,4,1
2693,Da Nang City,Electric Scooter,2025-05-27,2025-05-28 13:00:00,37,296,1,1
2694,Hanoi Center,Car,2025-05-14,2025-05-15 19:00:00,43,258,4,1
2695,Hanoi Center,Bike,2025-01-19,2025-01-20 12:00:00,36,324,3,1
2696,Hanoi Center,Bike,2025-04-18,2025-04-18 01:00:00,1,20,3,0
2697,Da Nang City,Bike,2025-09-06,2025-09-08 07:00:00,55,880,5,0
2698,Da Nang City,Electric Scooter,2025-09-09,2025-09-09 05:00:00,5,65,3,1
2699,HCM District 1,Bike,2025-09-08,2025-09-08 21:00:00,21,189,2,0
2700,HCM District 1,Car,2025-03-24,2025-03-26 14:00:00,62,496,2,0
2701,Hanoi Center,Electric Scooter,2025-10-26,2025-10-26 22:00:00,22,132,1,1
2702,Hanoi Center,Electric Scooter,2025-01-30,2025-01-31 00:00:00,24,336,2,1
2703,HCM District 1,Electric Scooter,2025-10-10,2025-10-12 13:00:00,61,1159,4,0
2704,HCM District 1,Electric Scooter,2025-08-05,2025-08-07 20:00:00,68,816,1,1
2705,Hanoi Center,Car,2025-09-01,2025-09-02 10:00:00,34,306,3,0
2706,Hanoi Center,Bike,2025-03-11,2025-03-12 23:00:00,47,423,2,0
2707,Hanoi Center,Bike,2025-10-21,2025-10-22 15:00:00,39,468,1,0
2708,Hanoi Center,Car,2025-10-17,2025-10-19 03:00:00,51,765,5,0
2709,Hanoi Center,Car,2025-07-31,2025-08-02 12:00:00,60,960,4,0
2710,Hanoi Center,Electric Scooter,2025-02-12,2025-02-14 12:00:00,60,1140,4,0
2711,HCM District 1,Car,2025-08-30,2025-08-30 14:00:00,14,154,5,1
2712,Da Nang City,Car,2025-03-22,2025-03-22 11:00:00,11,132,3,0
2713,Hanoi Center,Car,2025-07-08,2025-07-10 00:00:00,48,768,3,1
2714,Hanoi Center,Electric Scooter,2025-08-10,2025-08-11 06:00:00,30,540,1,0
2715,HCM District 1,Car,2025-01-31,2025-02-02 11:00:00,59,590,1,1
2716,HCM District 1,Bike,2025-07-06,2025-07-06 21:00:00,21,357,2,0
2717,Da Nang City,Electric Scooter,2025-07-25,2025-07-25 23:00:00,23,161,5,1
2718,Hanoi Center,Bike,2025-01-15,2025-01-16 05:00:00,29,551,2,0
2719,Hanoi Center,Bike,2025-06-19,2025-06-20 00:00:00,24,432,5,1
2720,Hanoi Center,Car,2025-03-02,2025-03-03 08:00:00,32,352,2,1
2721,Hanoi Center,Bike,2025-01-25,2025-01-27 20:00:00,68,408,3,0
2722,Hanoi Center,Electric Scooter,2025-09-01,2025-09-01 14:00:00,14,266,2,1
2723,HCM District 1,Car,2025-04-18,2025-04-19 04:00:00,28,532,1,0
2724,Hanoi Center,Car,2025-08-15,2025-08-16 13:00:00,37,185,4,1
2725,Hanoi Center,Bike,2025-07-06,2025-07-08 16:00:00,64,960,5,1
2726,Da Nang City,Car,2025-09-27,2025-09-29 01:00:00,49,833,5,0
2727,Hanoi Center,Electric Scooter,2025-06-09,2025-06-09 20:00:00,20,400,5,0
2728,Da Nang City,Car,2025-06-18,2025-06-20 23:00:00,71,923,3,0
2729,Da Nang City,Electric Scooter,2025-08-29,2025-08-31 15:00:00,63,1071,2,0
2730,Da Nang City,Electric Scooter,2025-05-05,2025-05-07 00:00:00,48,816,1,0
2731,HCM District 1,Bike,2025-08-05,2025-08-05 11:00:00,11,132,4,0
2732,Da Nang City,Electric Scooter,2025-10-05,2025-10-06 03:00:00,27,405,1,0
2733,Da Nang City,Bike,2025-04-09,2025-04-11 03:00:00,51,663,1,0
2734,HCM District 1,Electric Scooter,2025-06-11,2025-06-11 20:00:00,20,280,4,1
2735,Hanoi Center,Bike,2025-07-16,2025-07-16 08:00:00,8,40,5,1
2736,Da Nang City,Car,2025-10-25,2025-10-25 02:00:00,2,40,5,1
2737,Hanoi Center,Electric Scooter,2025-01-02,2025-01-04 13:00:00,61,1159,5,1
2738,HCM District 1,Electric Scooter,2025-08-31,2025-09-01 21:00:00,45,720,5,0
2739,Da Nang City,Electric Scooter,2025-08-23,2025-08-25 00:00:00,48,384,3,1
2740,HCM District 1,Electric Scooter,2025-01-29,2025-01-31 12:00:00,60,1020,4,0
2741,Hanoi Center,Car,2025-09-18,2025-09-20 17:00:00,65,1300,2,1
2742,Da Nang City,Car,2025-06-19,2025-06-20 20:00:00,44,572,2,1
2743,Da Nang City,Car,2025-04-30,2025-05-01 10:00:00,34,272,3,0
2744,Da Nang City,Bike,2025-10-06,2025-10-08 08:00:00,56,280,3,1
2745,HCM District 1,Bike,2025-05-16,2025-05-18 07:00:00,55,770,1,1
2746,HCM District 1,Electric Scooter,2025-02-26,2025-02-28 00:00:00,48,624,5,1
2747,Hanoi Center,Bike,2025-04-08,2025-04-09 00:00:00,24,456,3,0
2748,HCM District 1,Bike,2025-09-09,2025-09-10 20:00:00,44,704,2,1
2749,Hanoi Center,Bike,2025-06-14,2025-06-15 10:00:00,34,204,2,0
2750,HCM District 1,Car,2025-02-04,2025-02-05 04:00:00,28,308,1,0
2751,HCM District 1,Electric Scooter,2025-08-05,2025-08-07 04:00:00,52,988,3,1
2752,HCM District 1,Electric Scooter,2025-04-28,2025-04-28 22:00:00,22,220,3,0
2753,HCM District 1,Bike,2025-03-15,2025-03-16 10:00:00,34,510,5,1
2754,HCM District 1,Car,2025-09-19,2025-09-19 22:00:00,22,418,2,1
2755,Da Nang City,Electric Scooter,2025-03-03,2025-03-03 07:00:00,7,70,1,1
2756,Da Nang City,Electric Scooter,2025-05-10,2025-05-10 09:00:00,9,108,1,0
2757,Da Nang City,Electric Scooter,2025-06-30,2025-06-30 01:00:00,1,13,5,0
2758,Da Nang City,Electric Scooter,2025-01-01,2025-01-03 07:00:00,55,550,5,0
2759,Da Nang City,Bike,2025-07-27,2025-07-29 12:00:00,60,360,5,0
2760,Hanoi Center,Car,2025-08-24,2025-08-26 12:00:00,60,600,4,0
2761,Hanoi Center,Bike,2025-09-19,2025-09-20 06:00:00,30,420,4,1
2762,Hanoi Center,Bike,2025-04-18,2025-04-20 00:00:00,48,240,5,1
2763,HCM District 1,Electric Scooter,2025-08-11,2025-08-11 03:00:00,3,33,4,1
2764,HCM District 1,Electric Scooter,2025-08-29,2025-08-31 05:00:00,53,371,1,0
2765,Da Nang City,Bike,2025-10-08,2025-10-09 18:00:00,42,546,3,1
2766,HCM District 1,Car,2025-07-20,2025-07-21 12:00:00,36,540,2,0
2767,Da Nang City,Electric Scooter,2025-10-09,2025-10-11 08:00:00,56,1120,1,0
2768,HCM District 1,Electric Scooter,2025-04-04,2025-04-06 11:00:00,59,708,2,1
2769,Da Nang City,Electric Scooter,2025-04-17,2025-04-19 17:00:00,65,910,2,0
2770,Da Nang City,Electric Scooter,2025-06-29,2025-06-30 06:00:00,30,240,3,1
2771,HCM District 1,Electric Scooter,2025-07-23,2025-07-24 18:00:00,42,294,5,0
2772,Da Nang City,Electric Scooter,2025-05-15,2025-05-15 02:00:00,2,16,3,0
2773,Da Nang City,Bike,2025-07-15,2025-07-15 01:00:00,1,7,2,0
2774,Hanoi Center,Bike,2025-10-21,2025-10-22 05:00:00,29,174,2,0
2775,Hanoi Center,Bike,2025-03-11,2025-03-11 16:00:00,16,144,2,0
2776,Hanoi Center,Electric Scooter,2025-09-24,2025-09-25 19:00:00,43,731,2,1
2777,Da Nang City,Bike,2025-07-20,2025-07-20 23:00:00,23,345,3,1
2778,Da Nang City,Electric Scooter,2025-03-12,2025-03-14 08:00:00,56,840,3,0
2779,Da Nang City,Electric Scooter,2025-05-01,2025-05-01 14:00:00,14,238,3,0
2780,Da Nang City,Electric Scooter,2025-04-14,2025-04-15 15:00:00,39,546,3,1
2781,HCM District 1,Bike,2025-01-21,2025-01-23 11:00:00,59,354,3,0
2782,Hanoi Center,Bike,2025-05-19,2025-05-21 05:00:00,53,318,2,0
2783,Da Nang City,Car,2025-09-04,2025-09-06 16:00:00,64,320,3,1
2784,HCM District 1,Electric Scooter,2025-06-02,2025-06-02 10:00:00,10,140,5,1
2785,Hanoi Center,Bike,2025-07-31,2025-08-02 18:00:00,66,726,1,1
2786,Da Nang City,Bike,2025-09-20,2025-09-20 11:00:00,11,99,4,1
2787,Da Nang City,Bike,2025-02-08,2025-02-10 07:00:00,55,385,2,0
2788,HCM District 1,Car,2025-07-21,2025-07-22 03:00:00,27,432,1,0
2789,Da Nang City,Electric Scooter,2025-06-14,2025-06-14 11:00:00,11,187,3,0
2790,HCM District 1,Electric Scooter,2025-07-31,2025-08-02 16:00:00,64,896,4,1
2791,Hanoi Center,Bike,2025-03-14,2025-03-15 10:00:00,34,238,2,0
2792,HCM District 1,Bike,2025-08-06,2025-08-07 05:00:00,29,522,1,1
2793,Hanoi Center,Bike,2025-01-14,2025-01-14 07:00:00,7,84,4,0
2794,HCM District 1,Bike,2025-05-27,2025-05-30 00:00:00,72,1080,2,0
2795,HCM District 1,Bike,2025-01-15,2025-01-17 11:00:00,59,1062,5,0
2796,Hanoi Center,Bike,2025-06-17,2025-06-18 05:00:00,29,203,3,1
2797,Hanoi Center,Bike,2025-01-28,2025-01-29 15:00:00,39,585,1,1
2798,Da Nang City,Bike,2025-07-13,2025-07-15 21:00:00,69,1173,2,0
2799,HCM District 1,Bike,2025-02-01,2025-02-02 11:00:00,35,315,1,1
2800,Hanoi Center,Bike,2025-05-28,2025-05-29 08:00:00,32,320,1,0
2801,Da Nang City,Bike,2025-08-09,2025-08-11 05:00:00,53,742,4,1
2802,Hanoi Center,Bike,2025-01-01,2025-01-02 19:00:00,43,688,5,1
2803,HCM District 1,Electric Scooter,2025-07-16,2025-07-18 07:00:00,55,605,5,1
2804,HCM District 1,Bike,2025-03-06,2025-03-08 10:00:00,58,290,5,1
2805,Hanoi Center,Bike,2025-08-07,2025-08-08 11:00:00,35,665,5,0
2806,Da Nang City,Electric Scooter,2025-09-22,2025-09-24 00:00:00,48,720,5,0
2807,Da Nang City,Bike,2025-07-24,2025-07-26 08:00:00,56,672,3,0
2808,HCM District 1,Car,2025-01-09,2025-01-10 05:00:00,29,290,5,1
2809,Da Nang City,Car,2025-04-05,2025-04-07 16:00:00,64,960,2,0
2810,HCM District 1,Bike,2025-08-13,2025-08-14 16:00:00,40,640,5,1
2811,Hanoi Center,Bike,2025-01-25,2025-01-27 09:00:00,57,456,1,1
2812,Hanoi Center,Bike,2025-01-07,2025-01-07 21:00:00,21,105,5,0
2813,Da Nang City,Bike,2025-07-30,2025-07-31 21:00:00,45,855,2,0
2814,Hanoi Center,Electric Scooter,2025-09-05,2025-09-07 23:00:00,71,1349,3,0
2815,HCM District 1,Car,2025-07-05,2025-07-06 01:00:00,25,275,4,0
2816,Hanoi Center,Car,2025-03-15,2025-03-16 15:00:00,39,234,2,0
2817,Hanoi Center,Bike,2025-05-24,2025-05-24 01:00:00,1,8,4,1
2818,Da Nang City,Bike,2025-01-27,2025-01-29 16:00:00,64,1152,3,1
2819,HCM District 1,Electric Scooter,2025-03-04,2025-03-05 08:00:00,32,448,5,0
2820,Hanoi Center,Bike,2025-01-18,2025-01-20 06:00:00,54,972,3,0
2821,Hanoi Center,Car,2025-07-27,2025-07-27 12:00:00,12,72,2,0
2822,Hanoi Center,Electric Scooter,2025-06-29,2025-06-30 14:00:00,38,456,2,0
2823,Hanoi Center,Car,2025-07-11,2025-07-13 16:00:00,64,576,5,1
2824,Hanoi Center,Car,2025-07-11,2025-07-11 06:00:00,6,96,3,1
2825,Hanoi Center,Electric Scooter,2025-03-22,2025-03-24 23:00:00,71,568,4,1
2826,Da Nang City,Electric Scooter,2025-06-15,2025-06-17 02:00:00,50,850,3,1
2827,Hanoi Center,Electric Scooter,2025-01-03,2025-01-03 21:00:00,21,294,1,0
2828,HCM District 1,Bike,2025-02-17,2025-02-17 15:00:00,15,180,4,1
2829,Hanoi Center,Electric Scooter,2025-03-08,2025-03-08 17:00:00,17,238,1,1
2830,Da Nang City,Bike,2025-07-06,2025-07-07 04:00:00,28,280,1,1
2831,Da Nang City,Electric Scooter,2025-08-20,2025-08-22 15:00:00,63,1134,4,0
2832,Da Nang City,Car,2025-01-18,2025-01-20 05:00:00,53,477,4,0
2833,Da Nang City,Bike,2025-08-12,2025-08-14 23:00:00,71,923,5,0
2834,HCM District 1,Car,2025-09-26,2025-09-26 18:00:00,18,90,5,1
2835,Da Nang City,Car,2025-09-27,2025-09-27 03:00:00,3,30,4,1
2836,Hanoi Center,Car,2025-04-05,2025-04-07 10:00:00,58,696,2,1
2837,Hanoi Center,Bike,2025-10-18,2025-10-19 08:00:00,32,416,4,1
2838,HCM District 1,Car,2025-06-30,2025-07-01 06:00:00,30,210,2,0
2839,Hanoi Center,Bike,2025-10-05,2025-10-05 11:00:00,11,121,5,1
2840,Hanoi Center,Bike,2025-01-05,2025-01-06 11:00:00,35,350,1,0
2841,Da Nang City,Electric Scooter,2025-09-19,2025-09-20 02:00:00,26,312,3,0
2842,Da Nang City,Electric Scooter,2025-04-03,2025-04-04 07:00:00,31,620,3,1
2843,HCM District 1,Electric Scooter,2025-07-02,2025-07-03 09:00:00,33,330,3,1
2844,Hanoi Center,Car,2025-09-12,2025-09-12 07:00:00,7,91,2,0
2845,Hanoi Center,Car,2025-06-26,2025-06-27 03:00:00,27,216,4,0
2846,Hanoi Center,Bike,2025-05-06,2025-05-07 23:00:00,47,564,2,1
2847,Hanoi Center,Electric Scooter,2025-09-18,2025-09-18 07:00:00,7,70,1,1
2848,HCM District 1,Electric Scooter,2025-05-01,2025-05-02 03:00:00,27,513,4,1
2849,HCM District 1,Car,2025-10-05,2025-10-05 11:00:00,11,121,5,1
2850,Da Nang City,Car,2025-07-20,2025-07-21 23:00:00,47,705,4,1
2851,Hanoi Center,Electric Scooter,2025-01-19,2025-01-19 14:00:00,14,140,1,0
2852,Da Nang City,Bike,2025-06-21,2025-06-22 00:00:00,24,456,4,1
2853,Da Nang City,Car,2025-01-08,2025-01-09 10:00:00,34,544,4,1
2854,HCM District 1,Bike,2025-05-14,2025-05-15 14:00:00,38,570,4,1
2855,Hanoi Center,Bike,2025-10-02,2025-10-04 07:00:00,55,550,5,1
2856,Da Nang City,Bike,2025-03-08,2025-03-09 08:00:00,32,416,1,1
2857,Hanoi Center,Electric Scooter,2025-01-20,2025-01-20 05:00:00,5,100,2,1
2858,Hanoi Center,Electric Scooter,2025-02-09,2025-02-10 03:00:00,27,270,1,0
2859,Da Nang City,Electric Scooter,2025-04-30,2025-04-30 05:00:00,5,45,4,1
2860,HCM District 1,Car,2025-04-07,2025-04-09 09:00:00,57,798,3,1
2861,HCM District 1,Car,2025-03-13,2025-03-14 09:00:00,33,627,1,0
2862,Da Nang City,Car,2025-04-20,2025-04-20 10:00:00,10,120,5,1
2863,Hanoi Center,Car,2025-04-17,2025-04-17 09:00:00,9,90,1,1
2864,Da Nang City,Bike,2025-04-23,2025-04-24 14:00:00,38,380,4,1
2865,Da Nang City,Car,2025-09-27,2025-09-29 18:00:00,66,660,5,0
2866,HCM District 1,Car,2025-02-13,2025-02-13 16:00:00,16,256,2,0
2867,Da Nang City,Bike,2025-09-05,2025-09-05 14:00:00,14,224,3,0
2868,HCM District 1,Bike,2025-05-10,2025-05-10 06:00:00,6,66,1,1
2869,Da Nang City,Bike,2025-07-11,2025-07-11 20:00:00,20,120,2,0
2870,Da Nang City,Bike,2025-02-18,2025-02-18 16:00:00,16,256,4,0
2871,Hanoi Center,Electric Scooter,2025-08-07,2025-08-07 13:00:00,13,208,1,0
2872,Da Nang City,Car,2025-03-23,2025-03-24 22:00:00,46,460,2,0
2873,Da Nang City,Electric Scooter,2025-07-10,2025-07-12 08:00:00,56,280,5,1
2874,Da Nang City,Car,2025-06-11,2025-06-13 13:00:00,61,549,4,1
2875,HCM District 1,Electric Scooter,2025-04-28,2025-04-30 16:00:00,64,896,5,1
2876,HCM District 1,Bike,2025-08-03,2025-08-05 17:00:00,65,455,4,1
2877,Hanoi Center,Electric Scooter,2025-05-24,2025-05-25 21:00:00,45,630,2,1
2878,HCM District 1,Bike,2025-08-12,2025-08-14 02:00:00,50,500,3,1
2879,HCM District 1,Bike,2025-09-11,2025-09-13 10:00:00,58,522,5,0
2880,Hanoi Center,Car,2025-06-06,2025-06-06 07:00:00,7,84,4,1
2881,Da Nang City,Electric Scooter,2025-10-21,2025-10-23 16:00:00,64,1152,1,1
2882,Da Nang City,Electric Scooter,2025-08-25,2025-08-25 16:00:00,16,304,3,0
2883,HCM District 1,Car,2025-04-23,2025-04-24 20:00:00,44,616,1,1
2884,HCM District 1,Bike,2025-05-02,2025-05-03 00:00:00,24,480,4,1
2885,Hanoi Center,Car,2025-08-21,2025-08-22 06:00:00,30,180,1,1
2886,Hanoi Center,Electric Scooter,2025-10-03,2025-10-03 06:00:00,6,114,1,1
2887,HCM District 1,Electric Scooter,2025-08-21,2025-08-23 17:00:00,65,390,2,1
2888,HCM District 1,Bike,2025-05-19,2025-05-20 05:00:00,29,580,3,0
2889,Da Nang City,Electric Scooter,2025-01-30,2025-01-31 05:00:00,29,435,1,1
2890,Hanoi Center,Car,2025-04-17,2025-04-18 04:00:00,28,392,3,0
2891,HCM District 1,Electric Scooter,2025-08-03,2025-08-04 00:00:00,24,144,5,1
2892,HCM District 1,Electric Scooter,2025-08-28,2025-08-29 16:00:00,40,600,1,1
2893,Hanoi Center,Electric Scooter,2025-05-20,2025-05-21 19:00:00,43,602,1,0
2894,Da Nang City,Bike,2025-08-20,2025-08-22 14:00:00,62,558,3,0
2895,Hanoi Center,Bike,2025-09-25,2025-09-27 09:00:00,57,342,1,1
2896,Hanoi Center,Electric Scooter,2025-03-31,2025-03-31 12:00:00,12,156,5,1
2897,HCM District 1,Bike,2025-07-21,2025-07-22 17:00:00,41,451,4,0
2898,Hanoi Center,Bike,2025-04-06,2025-04-08 07:00:00,55,935,3,1
2899,Hanoi Center,Bike,2025-01-17,2025-01-19 13:00:00,61,915,2,1
2900,Hanoi Center,Electric Scooter,2025-01-10,2025-01-11 02:00:00,26,234,4,1
2901,HCM District 1,Bike,2025-03-30,2025-03-30 05:00:00,5,35,2,0
2902,HCM District 1,Car,2025-03-11,2025-03-12 00:00:00,24,240,4,0
2903,Hanoi Center,Electric Scooter,2025-08-11,2025-08-11 13:00:00,13,208,3,0
2904,HCM District 1,Car,2025-09-28,2025-09-29 11:00:00,35,420,1,1
2905,Da Nang City,Electric Scooter,2025-04-30,2025-04-30 11:00:00,11,121,1,0
2906,Da Nang City,Car,2025-01-30,2025-02-01 07:00:00,55,550,3,1
2907,Hanoi Center,Car,2025-05-04,2025-05-04 02:00:00,2,12,5,0
2908,Da Nang City,Car,2025-07-21,2025-07-23 09:00:00,57,1026,3,1
2909,Da Nang City,Electric Scooter,2025-06-23,2025-06-25 06:00:00,54,702,5,0
2910,Da Nang City,Car,2025-07-14,2025-07-16 05:00:00,53,477,3,1
2911,Da Nang City,Car,2025-07-20,2025-07-22 01:00:00,49,784,4,0
2912,Hanoi Center,Car,2025-07-17,2025-07-17 20:00:00,20,120,2,1
2913,Hanoi Center,Electric Scooter,2025-07-30,2025-07-31 08:00:00,32,352,1,1
2914,Da Nang City,Electric Scooter,2025-10-25,2025-10-27 12:00:00,60,360,4,0
2915,Hanoi Center,Car,2025-03-25,2025-03-25 09:00:00,9,72,1,0
2916,Hanoi Center,Electric Scooter,2025-07-27,2025-07-27 03:00:00,3,42,5,1
2917,Da Nang City,Electric Scooter,2025-07-03,2025-07-04 12:00:00,36,612,4,1
2918,Da Nang City,Bike,2025-03-17,2025-03-19 22:00:00,70,1400,3,1
2919,HCM District 1,Electric Scooter,2025-04-28,2025-04-28 23:00:00,23,184,3,1
2920,HCM District 1,Electric Scooter,2025-03-14,2025-03-14 22:00:00,22,198,2,0
2921,Hanoi Center,Electric Scooter,2025-10-24,2025-10-24 08:00:00,8,120,4,0
2922,Da Nang City,Bike,2025-09-19,2025-09-19 18:00:00,18,180,3,0
2923,Da Nang City,Car,2025-03-23,2025-03-25 06:00:00,54,324,1,0
2924,Da Nang City,Car,2025-07-14,2025-07-14 15:00:00,15,90,1,0
2925,Da Nang City,Bike,2025-06-29,2025-07-01 01:00:00,49,882,5,1
2926,Hanoi Center,Bike,2025-10-04,2025-10-05 03:00:00,27,486,2,1
2927,Da Nang City,Electric Scooter,2025-09-09,2025-09-09 11:00:00,11,66,3,1
2928,HCM District 1,Car,2025-09-21,2025-09-21 04:00:00,4,32,2,0
2929,HCM District 1,Electric Scooter,2025-07-28,2025-07-28 19:00:00,19,190,4,0
2930,HCM District 1,Bike,2025-03-24,2025-03-26 12:00:00,60,1140,1,1
2931,Hanoi Center,Electric Scooter,2025-02-28,2025-03-01 22:00:00,46,874,3,0
2932,Da Nang City,Electric Scooter,2025-03-18,2025-03-18 11:00:00,11,99,2,1
2933,Hanoi Center,Electric Scooter,2025-09-03,2025-09-04 15:00:00,39,468,2,0
2934,Da Nang City,Bike,2025-09-20,2025-09-22 02:00:00,50,950,2,0
2935,Hanoi Center,Electric Scooter,2025-03-03,2025-03-05 19:00:00,67,1340,1,0
2936,Da Nang City,Bike,2025-04-10,2025-04-10 04:00:00,4,64,2,1
2937,Hanoi Center,Bike,2025-06-10,2025-06-10 06:00:00,6,36,1,1
2938,Hanoi Center,Bike,2025-04-11,2025-04-11 01:00:00,1,7,5,0
2939,Hanoi Center,Bike,2025-04-24,2025-04-25 17:00:00,41,287,3,1
2940,Da Nang City,Car,2025-08-01,2025-08-02 13:00:00,37,407,3,1
2941,Da Nang City,Bike,2025-01-12,2025-01-12 23:00:00,23,276,1,1
2942,HCM District 1,Bike,2025-04-13,2025-04-15 16:00:00,64,320,3,1
2943,Hanoi Center,Car,2025-10-02,2025-10-04 03:00:00,51,255,2,0
2944,Hanoi Center,Electric Scooter,2025-09-03,2025-09-05 17:00:00,65,845,1,0
2945,Hanoi Center,Bike,2025-06-09,2025-06-09 06:00:00,6,90,5,1
2946,Hanoi Center,Electric Scooter,2025-10-12,2025-10-12 02:00:00,2,14,3,0
2947,Hanoi Center,Electric Scooter,2025-06-29,2025-06-30 20:00:00,44,704,2,1
2948,Hanoi Center,Car,2025-04-25,2025-04-27 01:00:00,49,294,5,0
2949,Hanoi Center,Car,2025-09-03,2025-09-04 23:00:00,47,376,4,0
2950,Da Nang City,Electric Scooter,2025-10-08,2025-10-10 20:00:00,68,544,3,1
2951,Hanoi Center,Car,2025-08-06,2025-08-06 07:00:00,7,77,1,0
2952,Hanoi Center,Electric Scooter,2025-09-11,2025-09-11 17:00:00,17,85,3,0
2953,Da Nang City,Electric Scooter,2025-10-03,2025-10-05 15:00:00,63,1008,2,1
2954,Da Nang City,Electric Scooter,2025-02-16,2025-02-17 20:00:00,44,352,4,0
2955,Hanoi Center,Electric Scooter,2025-09-21,2025-09-23 16:00:00,64,448,3,0
2956,Hanoi Center,Electric Scooter,2025-02-25,2025-02-27 03:00:00,51,255,1,1
2957,Hanoi Center,Electric Scooter,2025-03-14,2025-03-15 00:00:00,24,192,3,0
2958,Hanoi Center,Car,2025-08-20,2025-08-20 12:00:00,12,216,5,0
2959,HCM District 1,Car,2025-03-01,2025-03-02 08:00:00,32,480,2,1
2960,Hanoi Center,Car,2025-05-09,2025-05-11 14:00:00,62,682,1,1
2961,Hanoi Center,Electric Scooter,2025-03-18,2025-03-18 03:00:00,3,60,3,1
2962,Da Nang City,Car,2025-01-15,2025-01-15 03:00:00,3,42,4,1
2963,Da Nang City,Bike,2025-06-05,2025-06-05 16:00:00,16,320,1,1
2964,Hanoi Center,Electric Scooter,2025-06-15,2025-06-16 23:00:00,47,564,4,1
2965,HCM District 1,Car,2025-04-08,2025-04-10 14:00:00,62,682,2,1
2966,HCM District 1,Electric Scooter,2025-04-17,2025-04-18 20:00:00,44,264,1,1
2967,HCM District 1,Bike,2025-07-09,2025-07-11 20:00:00,68,1360,4,1
2968,Hanoi Center,Bike,2025-02-11,2025-02-11 01:00:00,1,13,2,0
2969,Da Nang City,Electric Scooter,2025-09-27,2025-09-28 20:00:00,44,836,4,0
2970,Hanoi Center,Car,2025-09-02,2025-09-04 12:00:00,60,1200,5,1
2971,Da Nang City,Bike,2025-06-05,2025-06-06 20:00:00,44,704,5,1
2972,HCM District 1,Bike,2025-06-02,2025-06-03 14:00:00,38,304,1,0
2973,Da Nang City,Electric Scooter,2025-09-25,2025-09-26 19:00:00,43,387,1,1
2974,Hanoi Center,Electric Scooter,2025-01-06,2025-01-08 12:00:00,60,900,1,0
2975,Hanoi Center,Car,2025-09-16,2025-09-18 09:00:00,57,627,5,0
2976,Da Nang City,Car,2025-08-06,2025-08-08 12:00:00,60,1020,1,0
2977,HCM District 1,Bike,2025-03-24,2025-03-25 20:00:00,44,660,5,1
2978,Hanoi Center,Electric Scooter,2025-07-19,2025-07-19 06:00:00,6,120,2,0
2979,HCM District 1,Electric Scooter,2025-07-02,2025-07-02 01:00:00,1,5,2,1
2980,Da Nang City,Car,2025-06-24,2025-06-24 15:00:00,15,255,1,0
2981,HCM District 1,Bike,2025-04-30,2025-04-30 12:00:00,12,60,1,0
2982,HCM District 1,Bike,2025-05-10,2025-05-10 09:00:00,9,180,4,0
2983,Hanoi Center,Car,2025-08-27,2025-08-28 20:00:00,44,220,4,0
2984,Da Nang City,Electric Scooter,2025-08-18,2025-08-20 05:00:00,53,265,5,1
2985,HCM District 1,Car,2025-02-17,2025-02-19 08:00:00,56,1064,2,1
2986,Hanoi Center,Bike,2025-03-30,2025-03-30 18:00:00,18,252,3,0
2987,Da Nang City,Car,2025-01-12,2025-01-14 17:00:00,65,1105,2,1
2988,Hanoi Center,Car,2025-05-08,2025-05-09 07:00:00,31,372,2,0
2989,Hanoi Center,Car,2025-07-11,2025-07-12 15:00:00,39,390,3,1
2990,Da Nang City,Bike,2025-05-30,2025-06-01 04:00:00,52,1040,5,0
2991,HCM District 1,Car,2025-03-24,2025-03-25 20:00:00,44,440,3,0
2992,Da Nang City,Bike,2025-10-21,2025-10-23 17:00:00,65,910,5,0
2993,Da Nang City,Car,2025-06-08,2025-06-09 00:00:00,24,168,5,0
2994,HCM District 1,Electric Scooter,2025-06-13,2025-06-13 21:00:00,21,168,5,1
2995,Da Nang City,Bike,2025-01-16,2025-01-16 16:00:00,16,272,4,1
2996,Da Nang City,Electric Scooter,2025-02-02,2025-02-02 07:00:00,7,49,5,1
2997,HCM District 1,Bike,2025-06-13,2025-06-15 07:00:00,55,935,2,1
2998,HCM District 1,Car,2025-10-11,2025-10-11 13:00:00,13,234,1,0
2999,Hanoi Center,Car,2025-03-18,2025-03-20 20:00:00,68,1088,4,1
3000,HCM District 1,Electric Scooter,2025-01-08,2025-01-08 03:00:00,3,24,5,1
3001,HCM District 1,Electric Scooter,2025-02-03,2025-02-05 12:00:00,60,960,4,1
3002,HCM District 1,Car,2025-02-07,2025-02-08 16:00:00,40,320,4,1
3003,Hanoi Center,Car,2025-01-27,2025-01-27 17:00:00,17,323,2,1
3004,Da Nang City,Car,2025-09-12,2025-09-13 13:00:00,37,703,3,0
3005,HCM District 1,Car,2025-09-04,2025-09-04 09:00:00,9,171,4,1
3006,HCM District 1,Electric Scooter,2025-05-13,2025-05-13 15:00:00,15,75,2,1
3007,Da Nang City,Car,2025-06-28,2025-06-29 09:00:00,33,495,4,0
3008,Hanoi Center,Car,2025-04-06,2025-04-06 15:00:00,15,240,5,0
3009,Hanoi Center,Car,2025-03-24,2025-03-25 06:00:00,30,240,2,1
3010,HCM District 1,Bike,2025-03-12,2025-03-14 10:00:00,58,870,3,1
3011,Hanoi Center,Electric Scooter,2025-05-06,2025-05-08 06:00:00,54,486,4,0
3012,Hanoi Center,Bike,2025-05-28,2025-05-28 05:00:00,5,65,1,0
3013,HCM District 1,Car,2025-03-02,2025-03-03 15:00:00,39,546,2,0
3014,Da Nang City,Car,2025-06-12,2025-06-13 01:00:00,25,475,4,0
3015,Da Nang City,Car,2025-08-31,2025-09-01 10:00:00,34,442,3,0
3016,Hanoi Center,Car,2025-04-24,2025-04-25 03:00:00,27,135,1,0
3017,Da Nang City,Electric Scooter,2025-08-03,2025-08-03 19:00:00,19,361,5,0
3018,Hanoi Center,Car,2025-09-16,2025-09-17 22:00:00,46,414,2,1
3019,Hanoi Center,Bike,2025-03-28,2025-03-29 05:00:00,29,232,4,0
3020,HCM District 1,Bike,2025-01-25,2025-01-25 08:00:00,8,136,1,1
3021,Hanoi Center,Car,2025-01-07,2025-01-08 12:00:00,36,360,2,0
3022,HCM District 1,Electric Scooter,2025-03-23,2025-03-24 17:00:00,41,451,1,0
3023,Da Nang City,Bike,2025-02-08,2025-02-09 21:00:00,45,720,1,1
3024,Da Nang City,Car,2025-07-21,2025-07-22 14:00:00,38,342,1,0
3025,Da Nang City,Electric Scooter,2025-09-13,2025-09-13 16:00:00,16,128,1,0
3026,Da Nang City,Electric Scooter,2025-05-30,2025-05-31 01:00:00,25,425,2,0
3027,Hanoi Center,Car,2025-04-26,2025-04-26 21:00:00,21,147,1,0
3028,Hanoi Center,Car,2025-08-15,2025-08-16 22:00:00,46,736,3,1
3029,HCM District 1,Bike,2025-07-06,2025-07-07 22:00:00,46,828,2,0
3030,Da Nang City,Electric Scooter,2025-07-18,2025-07-19 02:00:00,26,494,5,0
3031,Da Nang City,Bike,2025-08-19,2025-08-20 04:00:00,28,308,2,1
3032,Da Nang City,Bike,2025-07-09,2025-07-11 20:00:00,68,1088,3,1
3033,HCM District 1,Bike,2025-06-10,2025-06-11 11:00:00,35,595,3,1
3034,Hanoi Center,Electric Scooter,2025-08-09,2025-08-09 05:00:00,5,35,3,0
3035,Da Nang City,Bike,2025-03-11,2025-03-12 20:00:00,44,440,3,0
3036,Da Nang City,Car,2025-03-07,2025-03-10 00:00:00,72,792,4,0
3037,HCM District 1,Bike,2025-01-17,2025-01-19 18:00:00,66,396,4,1
3038,HCM District 1,Bike,2025-01-23,2025-01-25 03:00:00,51,867,4,0
3039,Hanoi Center,Car,2025-08-26,2025-08-26 22:00:00,22,242,3,1
3040,Hanoi Center,Bike,2025-06-22,2025-06-23 06:00:00,30,210,1,0
3041,HCM District 1,Electric Scooter,2025-04-21,2025-04-23 19:00:00,67,670,5,0
3042,Hanoi Center,Electric Scooter,2025-02-03,2025-02-03 06:00:00,6,96,2,0
3043,HCM District 1,Electric Scooter,2025-04-28,2025-04-28 16:00:00,16,96,3,0
3044,HCM District 1,Bike,2025-01-29,2025-01-30 05:00:00,29,406,3,1
3045,Hanoi Center,Electric Scooter,2025-03-31,2025-04-02 11:00:00,59,531,3,1
3046,Da Nang City,Electric Scooter,2025-05-17,2025-05-18 15:00:00,39,195,3,0
3047,Da Nang City,Electric Scooter,2025-03-11,2025-03-13 07:00:00,55,770,2,1
3048,Da Nang City,Electric Scooter,2025-10-13,2025-10-15 12:00:00,60,780,3,1
3049,HCM District 1,Car,2025-05-19,2025-05-21 23:00:00,71,923,2,1
3050,Hanoi Center,Bike,2025-09-05,2025-09-05 16:00:00,16,304,3,0
3051,HCM District 1,Bike,2025-07-12,2025-07-14 17:00:00,65,455,2,0
3052,Hanoi Center,Electric Scooter,2025-10-11,2025-10-12 23:00:00,47,423,2,1
3053,Da Nang City,Electric Scooter,2025-01-31,2025-01-31 06:00:00,6,30,3,1
3054,Da Nang City,Car,2025-04-02,2025-04-03 17:00:00,41,779,4,1
3055,HCM District 1,Car,2025-04-25,2025-04-25 03:00:00,3,51,4,1
3056,HCM District 1,Car,2025-08-24,2025-08-26 14:00:00,62,310,1,0
3057,Da Nang City,Electric Scooter,2025-03-16,2025-03-16 16:00:00,16,304,5,0
3058,Da Nang City,Car,2025-06-19,2025-06-19 22:00:00,22,330,4,0
3059,Da Nang City,Electric Scooter,2025-08-12,2025-08-12 06:00:00,6,114,5,1
3060,Hanoi Center,Car,2025-08-07,2025-08-08 22:00:00,46,874,5,1
3061,Da Nang City,Electric Scooter,2025-02-21,2025-02-23 22:00:00,70,840,5,0
3062,Hanoi Center,Car,2025-07-25,2025-07-25 10:00:00,10,160,2,1
3063,HCM District 1,Electric Scooter,2025-10-09,2025-10-09 11:00:00,11,99,5,0
3064,Hanoi Center,Bike,2025-04-23,2025-04-25 11:00:00,59,1180,3,1
3065,HCM District 1,Bike,2025-08-24,2025-08-24 14:00:00,14,252,5,1
3066,HCM District 1,Car,2025-10-27,2025-10-29 16:00:00,64,768,5,1
3067,Da Nang City,Car,2025-09-06,2025-09-07 02:00:00,26,208,5,0
3068,Hanoi Center,Bike,2025-05-17,2025-05-18 22:00:00,46,644,4,1
3069,Hanoi Center,Electric Scooter,2025-09-21,2025-09-23 00:00:00,48,528,3,0
3070,Hanoi Center,Car,2025-05-24,2025-05-25 16:00:00,40,440,2,1
3071,HCM District 1,Electric Scooter,2025-04-16,2025-04-16 07:00:00,7,98,1,1
3072,HCM District 1,Electric Scooter,2025-04-22,2025-04-22 09:00:00,9,135,2,0
3073,Hanoi Center,Car,2025-07-21,2025-07-22 06:00:00,30,300,4,1
3074,HCM District 1,Car,2025-10-17,2025-10-17 13:00:00,13,260,4,0
3075,Da Nang City,Car,2025-06-05,2025-06-05 19:00:00,19,171,5,1
3076,Hanoi Center,Bike,2025-03-09,2025-03-11 07:00:00,55,550,3,0
3077,HCM District 1,Electric Scooter,2025-02-21,2025-02-24 00:00:00,72,1296,5,1
3078,Da Nang City,Electric Scooter,2025-01-25,2025-01-27 16:00:00,64,704,2,0
3079,Da Nang City,Bike,2025-05-28,2025-05-29 10:00:00,34,442,3,1
3080,HCM District 1,Electric Scooter,2025-09-08,2025-09-09 09:00:00,33,330,1,1
3081,HCM District 1,Electric Scooter,2025-03-07,2025-03-09 16:00:00,64,512,2,0
3082,Hanoi Center,Bike,2025-08-01,2025-08-01 18:00:00,18,234,1,1
3083,Da Nang City,Electric Scooter,2025-02-27,2025-03-01 09:00:00,57,912,1,1
3084,Hanoi Center,Bike,2025-06-15,2025-06-16 16:00:00,40,480,5,1
3085,HCM District 1,Electric Scooter,2025-10-15,2025-10-16 21:00:00,45,585,2,1
3086,Hanoi Center,Car,2025-08-02,2025-08-04 07:00:00,55,440,1,0
3087,HCM District 1,Bike,2025-05-19,2025-05-19 04:00:00,4,76,5,0
3088,HCM District 1,Bike,2025-03-04,2025-03-06 22:00:00,70,1050,1,0
3089,HCM District 1,Electric Scooter,2025-03-02,2025-03-02 18:00:00,18,216,3,1
3090,Hanoi Center,Bike,2025-02-07,2025-02-09 18:00:00,66,396,2,0
3091,Hanoi Center,Bike,2025-09-08,2025-09-08 09:00:00,9,135,5,1
3092,HCM District 1,Bike,2025-01-22,2025-01-23 19:00:00,43,258,2,0
3093,HCM District 1,Bike,2025-07-20,2025-07-21 19:00:00,43,387,3,0
3094,Hanoi Center,Car,2025-06-23,2025-06-24 00:00:00,24,384,5,1
3095,HCM District 1,Car,2025-08-31,2025-09-01 10:00:00,34,442,3,1
3096,Da Nang City,Bike,2025-06-07,2025-06-08 18:00:00,42,798,5,0
3097,Da Nang City,Electric Scooter,2025-04-13,2025-04-15 22:00:00,70,700,4,1
3098,Da Nang City,Car,2025-07-21,2025-07-21 10:00:00,10,200,5,1
3099,Da Nang City,Car,2025-10-23,2025-10-24 11:00:00,35,490,5,1
3100,Hanoi Center,Electric Scooter,2025-08-16,2025-08-17 20:00:00,44,572,2,0
3101,Da Nang City,Electric Scooter,2025-07-24,2025-07-25 23:00:00,47,517,4,0
3102,Da Nang City,Car,2025-06-11,2025-06-12 05:00:00,29,145,3,1
3103,Hanoi Center,Electric Scooter,2025-01-08,2025-01-09 14:00:00,38,570,2,1
3104,HCM District 1,Bike,2025-04-05,2025-04-07 00:00:00,48,624,1,0
3105,HCM District 1,Car,2025-03-11,2025-03-13 03:00:00,51,357,2,0
3106,Hanoi Center,Car,2025-02-27,2025-03-01 14:00:00,62,744,5,0
3107,HCM District 1,Car,2025-08-14,2025-08-15 13:00:00,37,518,5,1
3108,Hanoi Center,Electric Scooter,2025-09-01,2025-09-03 14:00:00,62,930,5,0
3109,Da Nang City,Bike,2025-04-28,2025-04-28 02:00:00,2,32,5,0
3110,Hanoi Center,Car,2025-02-08,2025-02-10 11:00:00,59,413,4,1
3111,Da Nang City,Bike,2025-02-09,2025-02-11 10:00:00,58,754,3,0
3112,Hanoi Center,Electric Scooter,2025-05-09,2025-05-11 03:00:00,51,255,5,1
3113,Da Nang City,Electric Scooter,2025-06-16,2025-06-17 10:00:00,34,544,4,0
3114,Hanoi Center,Car,2025-06-26,2025-06-28 19:00:00,67,1273,3,1
3115,HCM District 1,Electric Scooter,2025-05-27,2025-05-27 09:00:00,9,72,4,0
3116,Hanoi Center,Electric Scooter,2025-01-31,2025-02-02 02:00:00,50,800,4,1
3117,Da Nang City,Electric Scooter,2025-09-19,2025-09-21 14:00:00,62,434,5,1
3118,Da Nang City,Bike,2025-05-04,2025-05-06 11:00:00,59,1121,1,1
3119,Da Nang City,Car,2025-09-26,2025-09-28 02:00:00,50,400,3,0
3120,Hanoi Center,Car,2025-07-12,2025-07-13 18:00:00,42,630,3,1
3121,HCM District 1,Electric Scooter,2025-02-13,2025-02-14 04:00:00,28,140,3,1
3122,Da Nang City,Car,2025-02-02,2025-02-04 09:00:00,57,342,3,1
3123,Hanoi Center,Electric Scooter,2025-06-04,2025-06-05 09:00:00,33,462,3,0
3124,HCM District 1,Car,2025-06-23,2025-06-23 14:00:00,14,84,1,0
3125,Da Nang City,Car,2025-07-11,2025-07-11 06:00:00,6,120,5,1
3126,Hanoi Center,Bike,2025-07-27,2025-07-27 13:00:00,13,156,4,0
3127,HCM District 1,Car,2025-09-22,2025-09-23 11:00:00,35,665,4,0
3128,HCM District 1,Car,2025-05-12,2025-05-13 02:00:00,26,312,3,0
3129,Hanoi Center,Bike,2025-04-23,2025-04-25 21:00:00,69,897,5,1
3130,Hanoi Center,Electric Scooter,2025-01-23,2025-01-23 14:00:00,14,182,1,0
3131,Hanoi Center,Bike,2025-08-31,2025-09-02 16:00:00,64,448,2,1
3132,Hanoi Center,Electric Scooter,2025-02-17,2025-02-18 05:00:00,29,464,2,0
3133,HCM District 1,Car,2025-07-16,2025-07-18 10:00:00,58,406,5,1
3134,Da Nang City,Car,2025-01-31,2025-02-02 03:00:00,51,918,2,1
3135,HCM District 1,Electric Scooter,2025-03-03,2025-03-03 05:00:00,5,45,3,1
3136,Da Nang City,Bike,2025-10-05,2025-10-05 09:00:00,9,171,2,1
3137,Hanoi Center,Electric Scooter,2025-04-09,2025-04-10 12:00:00,36,612,3,0
3138,Hanoi Center,Bike,2025-04-05,2025-04-07 08:00:00,56,1008,1,0
3139,Hanoi Center,Bike,2025-10-26,2025-10-27 07:00:00,31,589,5,0
3140,Da Nang City,Bike,2025-07-23,2025-07-24 23:00:00,47,517,5,0
3141,HCM District 1,Electric Scooter,2025-01-14,2025-01-14 05:00:00,5,100,1,0
3142,Da Nang City,Car,2025-05-31,2025-06-01 16:00:00,40,520,1,0
3143,HCM District 1,Bike,2025-02-27,2025-02-28 08:00:00,32,224,5,0
3144,Da Nang City,Electric Scooter,2025-05-07,2025-05-09 05:00:00,53,954,1,1
3145,Da Nang City,Electric Scooter,2025-07-08,2025-07-09 03:00:00,27,297,2,1
3146,HCM District 1,Car,2025-09-11,2025-09-11 16:00:00,16,160,2,1
3147,Hanoi Center,Car,2025-06-16,2025-06-17 04:00:00,28,280,2,0
3148,Da Nang City,Bike,2025-03-15,2025-03-15 09:00:00,9,81,4,0
3149,Da Nang City,Car,2025-02-12,2025-02-12 23:00:00,23,299,2,0
3150,Hanoi Center,Electric Scooter,2025-03-14,2025-03-15 21:00:00,45,495,2,0
3151,Hanoi Center,Bike,2025-07-17,2025-07-18 17:00:00,41,287,3,0
3152,Da Nang City,Bike,2025-04-26,2025-04-26 08:00:00,8,96,2,1
3153,HCM District 1,Bike,2025-01-29,2025-01-29 10:00:00,10,50,4,1
3154,HCM District 1,Car,2025-02-19,2025-02-20 15:00:00,39,273,3,1
3155,Hanoi Center,Bike,2025-08-18,2025-08-19 20:00:00,44,792,3,1
3156,Da Nang City,Electric Scooter,2025-05-03,2025-05-05 23:00:00,71,355,5,1
3157,HCM District 1,Car,2025-02-28,2025-03-02 17:00:00,65,1170,3,1
3158,Da Nang City,Electric Scooter,2025-10-21,2025-10-22 04:00:00,28,336,1,1
3159,Hanoi Center,Car,2025-03-24,2025-03-25 12:00:00,36,180,1,0
3160,Da Nang City,Car,2025-09-13,2025-09-14 04:00:00,28,532,2,0
3161,HCM District 1,Bike,2025-05-23,2025-05-23 13:00:00,13,65,4,1
3162,Da Nang City,Electric Scooter,2025-02-05,2025-02-06 04:00:00,28,420,2,1
3163,Da Nang City,Electric Scooter,2025-02-18,2025-02-20 07:00:00,55,660,1,1
3164,Hanoi Center,Electric Scooter,2025-10-01,2025-10-01 21:00:00,21,126,4,0
3165,HCM District 1,Bike,2025-05-18,2025-05-18 13:00:00,13,143,2,1
3166,Hanoi Center,Bike,2025-06-09,2025-06-11 14:00:00,62,434,2,0
3167,Da Nang City,Bike,2025-05-15,2025-05-15 05:00:00,5,90,2,1
3168,HCM District 1,Bike,2025-01-14,2025-01-15 06:00:00,30,150,1,0
3169,Da Nang City,Bike,2025-08-07,2025-08-09 09:00:00,57,1083,1,0
3170,Da Nang City,Electric Scooter,2025-08-23,2025-08-23 15:00:00,15,240,5,1
3171,Hanoi Center,Bike,2025-03-14,2025-03-16 04:00:00,52,988,5,0
3172,Da Nang City,Electric Scooter,2025-02-20,2025-02-21 07:00:00,31,217,3,1
3173,Da Nang City,Bike,2025-03-09,2025-03-10 06:00:00,30,420,1,1
3174,Hanoi Center,Electric Scooter,2025-09-23,2025-09-25 11:00:00,59,767,3,0
3175,HCM District 1,Car,2025-03-23,2025-03-25 09:00:00,57,1026,3,1
3176,Da Nang City,Car,2025-04-14,2025-04-16 20:00:00,68,816,1,0
3177,HCM District 1,Electric Scooter,2025-08-27,2025-08-28 21:00:00,45,900,4,0
3178,HCM District 1,Car,2025-03-17,2025-03-17 10:00:00,10,100,2,0
3179,HCM District 1,Car,2025-03-14,2025-03-14 08:00:00,8,48,3,0
3180,Da Nang City,Bike,2025-02-24,2025-02-24 02:00:00,2,26,3,0
3181,Hanoi Center,Bike,2025-09-23,2025-09-25 21:00:00,69,828,3,1
3182,HCM District 1,Electric Scooter,2025-09-10,2025-09-12 02:00:00,50,600,1,0
3183,HCM District 1,Car,2025-06-16,2025-06-17 17:00:00,41,451,2,1
3184,Da Nang City,Bike,2025-04-25,2025-04-26 18:00:00,42,210,3,0
3185,HCM District 1,Car,2025-01-08,2025-01-10 00:00:00,48,528,3,1
3186,Da Nang City,Electric Scooter,2025-06-09,2025-06-10 05:00:00,29,464,2,0
3187,Da Nang City,Bike,2025-08-14,2025-08-16 18:00:00,66,1188,5,0
3188,Da Nang City,Bike,2025-04-21,2025-04-22 08:00:00,32,640,5,1
3189,Da Nang City,Electric Scooter,2025-07-18,2025-07-19 03:00:00,27,324,4,0
3190,Da Nang City,Car,2025-03-31,2025-03-31 23:00:00,23,437,5,0
3191,Hanoi Center,Electric Scooter,2025-04-06,2025-04-08 16:00:00,64,896,2,1
3192,Hanoi Center,Electric Scooter,2025-05-08,2025-05-08 22:00:00,22,198,4,1
3193,HCM District 1,Car,2025-01-10,2025-01-10 14:00:00,14,252,2,1
3194,Hanoi Center,Electric Scooter,2025-07-03,2025-07-05 13:00:00,61,488,3,1
3195,Da Nang City,Bike,2025-09-09,2025-09-10 19:00:00,43,258,4,1
3196,Hanoi Center,Car,2025-08-01,2025-08-02 14:00:00,38,684,5,1
3197,HCM District 1,Car,2025-01-11,2025-01-12 18:00:00,42,504,1,0
3198,HCM District 1,Car,2025-02-13,2025-02-15 06:00:00,54,864,4,0
3199,Hanoi Center,Bike,2025-08-07,2025-08-08 08:00:00,32,544,2,0
3200,HCM District 1,Car,2025-08-27,2025-08-28 05:00:00,29,580,2,0
3201,Hanoi Center,Bike,2025-04-26,2025-04-27 06:00:00,30,420,3,1
3202,Hanoi Center,Electric Scooter,2025-01-01,2025-01-03 14:00:00,62,1116,5,1
3203,HCM District 1,Electric Scooter,2025-08-16,2025-08-18 23:00:00,71,994,1,0
3204,Hanoi Center,Bike,2025-10-22,2025-10-24 23:00:00,71,497,2,1
3205,Da Nang City,Bike,2025-01-15,2025-01-16 13:00:00,37,666,4,1
3206,HCM District 1,Car,2025-08-11,2025-08-13 15:00:00,63,1008,1,1
3207,Hanoi Center,Electric Scooter,2025-09-03,2025-09-04 01:00:00,25,400,5,1
3208,HCM District 1,Electric Scooter,2025-05-02,2025-05-03 12:00:00,36,216,1,0
3209,HCM District 1,Electric Scooter,2025-09-05,2025-09-06 01:00:00,25,300,1,1
3210,Hanoi Center,Electric Scooter,2025-05-05,2025-05-06 22:00:00,46,644,2,0
3211,HCM District 1,Car,2025-04-23,2025-04-25 16:00:00,64,448,5,0
3212,HCM District 1,Bike,2025-05-11,2025-05-12 04:00:00,28,252,5,0
3213,HCM District 1,Electric Scooter,2025-05-03,2025-05-05 12:00:00,60,420,2,0
3214,HCM District 1,Car,2025-10-19,2025-10-21 11:00:00,59,826,1,1
3215,HCM District 1,Electric Scooter,2025-07-23,2025-07-25 10:00:00,58,464,3,0
3216,HCM District 1,Bike,2025-06-21,2025-06-22 07:00:00,31,403,3,1
3217,Hanoi Center,Car,2025-05-07,2025-05-09 12:00:00,60,540,5,0
3218,Hanoi Center,Car,2025-03-03,2025-03-04 01:00:00,25,325,2,0
3219,HCM District 1,Car,2025-03-31,2025-04-01 12:00:00,36,324,1,1
3220,Hanoi Center,Electric Scooter,2025-09-18,2025-09-20 02:00:00,50,350,1,0
3221,HCM District 1,Bike,2025-03-09,2025-03-09 23:00:00,23,299,5,0
3222,HCM District 1,Bike,2025-03-14,2025-03-15 05:00:00,29,203,1,0
3223,Hanoi Center,Bike,2025-01-25,2025-01-26 18:00:00,42,588,4,1
3224,Da Nang City,Car,2025-09-06,2025-09-07 07:00:00,31,496,1,1
3225,HCM District 1,Car,2025-07-11,2025-07-13 06:00:00,54,972,3,1
3226,HCM District 1,Bike,2025-09-06,2025-09-08 14:00:00,62,620,5,1
3227,HCM District 1,Bike,2025-10-07,2025-10-08 21:00:00,45,405,3,1
3228,Da Nang City,Bike,2025-04-13,2025-04-13 17:00:00,17,136,3,0
3229,HCM District 1,Car,2025-05-02,2025-05-04 12:00:00,60,660,5,1
3230,Da Nang City,Car,2025-01-27,2025-01-28 01:00:00,25,450,4,1
3231,Hanoi Center,Car,2025-10-07,2025-10-07 16:00:00,16,208,1,0
3232,Hanoi Center,Car,2025-07-23,2025-07-25 05:00:00,53,742,1,0
3233,HCM District 1,Bike,2025-08-08,2025-08-10 04:00:00,52,260,1,1
3234,HCM District 1,Bike,2025-10-01,2025-10-03 06:00:00,54,972,4,0
3235,Da Nang City,Bike,2025-10-02,2025-10-02 07:00:00,7,84,2,1
3236,HCM District 1,Bike,2025-06-24,2025-06-26 19:00:00,67,737,5,0
3237,HCM District 1,Bike,2025-07-10,2025-07-11 02:00:00,26,312,4,1
3238,Hanoi Center,Electric Scooter,2025-07-04,2025-07-06 05:00:00,53,901,4,1
3239,HCM District 1,Electric Scooter,2025-01-16,2025-01-17 13:00:00,37,296,1,1
3240,Da Nang City,Bike,2025-03-26,2025-03-26 01:00:00,1,7,4,1
3241,Hanoi Center,Electric Scooter,2025-04-02,2025-04-02 16:00:00,16,208,2,0
3242,HCM District 1,Bike,2025-03-12,2025-03-13 06:00:00,30,210,1,0
3243,Hanoi Center,Car,2025-04-18,2025-04-20 15:00:00,63,567,2,0
3244,Da Nang City,Car,2025-08-25,2025-08-25 10:00:00,10,200,4,0
3245,Da Nang City,Car,2025-08-30,2025-08-30 14:00:00,14,210,4,1
3246,Da Nang City,Electric Scooter,2025-01-16,2025-01-16 12:00:00,12,120,4,1
3247,Da Nang City,Bike,2025-10-26,2025-10-27 13:00:00,37,666,2,1
3248,Da Nang City,Car,2025-08-14,2025-08-14 23:00:00,23,391,2,1
3249,HCM District 1,Electric Scooter,2025-04-08,2025-04-09 01:00:00,25,400,1,0
3250,HCM District 1,Bike,2025-05-09,2025-05-09 23:00:00,23,299,3,0
3251,Da Nang City,Bike,2025-06-15,2025-06-17 16:00:00,64,576,2,1
3252,Da Nang City,Bike,2025-04-28,2025-04-29 17:00:00,41,656,3,1
3253,Hanoi Center,Bike,2025-06-09,2025-06-11 14:00:00,62,558,4,0
3254,Hanoi Center,Car,2025-06-08,2025-06-09 00:00:00,24,360,2,1
3255,HCM District 1,Bike,2025-10-17,2025-10-19 03:00:00,51,561,5,0
3256,Hanoi Center,Electric Scooter,2025-09-09,2025-09-10 18:00:00,42,210,1,1
3257,Hanoi Center,Electric Scooter,2025-05-20,2025-05-20 16:00:00,16,256,3,0
3258,HCM District 1,Electric Scooter,2025-10-01,2025-10-01 10:00:00,10,110,3,0
3259,HCM District 1,Bike,2025-05-12,2025-05-14 15:00:00,63,945,5,1
3260,Da Nang City,Car,2025-03-11,2025-03-12 22:00:00,46,690,1,1
3261,Hanoi Center,Car,2025-04-29,2025-04-30 20:00:00,44,660,2,0
3262,Da Nang City,Electric Scooter,2025-06-12,2025-06-13 12:00:00,36,540,5,1
3263,Hanoi Center,Bike,2025-04-26,2025-04-26 05:00:00,5,45,4,1
3264,Hanoi Center,Electric Scooter,2025-09-27,2025-09-29 20:00:00,68,1088,4,0
3265,Da Nang City,Car,2025-03-31,2025-04-01 09:00:00,33,297,4,0
3266,Hanoi Center,Car,2025-07-04,2025-07-04 01:00:00,1,12,1,0
3267,HCM District 1,Electric Scooter,2025-07-11,2025-07-11 13:00:00,13,156,3,1
3268,Da Nang City,Car,2025-01-29,2025-01-31 18:00:00,66,660,4,1
3269,HCM District 1,Car,2025-02-16,2025-02-16 09:00:00,9,135,3,0
3270,Da Nang City,Electric Scooter,2025-06-22,2025-06-22 23:00:00,23,391,5,0
3271,HCM District 1,Bike,2025-06-30,2025-06-30 06:00:00,6,78,2,1
3272,Da Nang City,Car,2025-09-11,2025-09-12 11:00:00,35,525,1,0
3273,Da Nang City,Car,2025-05-27,2025-05-28 09:00:00,33,627,4,0
3274,Hanoi Center,Electric Scooter,2025-02-20,2025-02-23 00:00:00,72,720,3,0
3275,HCM District 1,Electric Scooter,2025-09-20,2025-09-20 13:00:00,13,247,3,0
3276,HCM District 1,Bike,2025-01-01,2025-01-01 04:00:00,4,64,4,1
3277,Hanoi Center,Bike,2025-06-03,2025-06-04 22:00:00,46,690,5,1
3278,Hanoi Center,Bike,2025-05-23,2025-05-23 01:00:00,1,17,3,1
3279,HCM District 1,Electric Scooter,2025-10-24,2025-10-25 01:00:00,25,425,1,1
3280,Hanoi Center,Bike,2025-03-07,2025-03-09 10:00:00,58,290,4,0
3281,Hanoi Center,Car,2025-04-18,2025-04-19 13:00:00,37,407,3,1
3282,Da Nang City,Car,2025-02-20,2025-02-22 15:00:00,63,1008,1,0
3283,Hanoi Center,Car,2025-09-29,2025-09-30 16:00:00,40,640,3,1
3284,Da Nang City,Bike,2025-10-16,2025-10-18 01:00:00,49,882,5,1
3285,HCM District 1,Electric Scooter,2025-08-22,2025-08-22 22:00:00,22,198,3,0
3286,HCM District 1,Electric Scooter,2025-09-16,2025-09-17 15:00:00,39,390,1,1
3287,Hanoi Center,Bike,2025-03-25,2025-03-27 05:00:00,53,318,2,0
3288,Da Nang City,Car,2025-10-11,2025-10-11 16:00:00,16,240,4,1
3289,Da Nang City,Bike,2025-09-30,2025-10-01 20:00:00,44,308,4,1
3290,Hanoi Center,Electric Scooter,2025-04-17,2025-04-17 18:00:00,18,342,2,1
3291,Hanoi Center,Bike,2025-09-06,2025-09-07 08:00:00,32,544,1,1
3292,HCM District 1,Electric Scooter,2025-05-05,2025-05-05 18:00:00,18,270,3,1
3293,Da Nang City,Bike,2025-07-30,2025-07-30 01:00:00,1,6,2,1
3294,Hanoi Center,Electric Scooter,2025-05-12,2025-05-14 19:00:00,67,804,4,0
3295,Da Nang City,Electric Scooter,2025-02-07,2025-02-08 17:00:00,41,779,2,0
3296,HCM District 1,Electric Scooter,2025-09-12,2025-09-14 15:00:00,63,819,1,0
3297,Da Nang City,Electric Scooter,2025-02-07,2025-02-08 11:00:00,35,525,3,1
3298,Hanoi Center,Bike,2025-09-22,2025-09-23 06:00:00,30,360,5,1
3299,HCM District 1,Car,2025-05-12,2025-05-14 16:00:00,64,640,2,0
3300,Hanoi Center,Electric Scooter,2025-09-12,2025-09-13 04:00:00,28,448,5,0
3301,Hanoi Center,Bike,2025-02-22,2025-02-23 14:00:00,38,380,3,0
3302,Hanoi Center,Bike,2025-10-26,2025-10-28 22:00:00,70,1050,4,1
3303,HCM District 1,Bike,2025-06-19,2025-06-20 01:00:00,25,400,3,0
3304,HCM District 1,Car,2025-09-06,2025-09-07 01:00:00,25,275,2,1
3305,HCM District 1,Electric Scooter,2025-07-09,2025-07-09 21:00:00,21,147,5,1
3306,HCM District 1,Bike,2025-04-15,2025-04-16 00:00:00,24,144,1,0
3307,Da Nang City,Electric Scooter,2025-10-03,2025-10-04 00:00:00,24,192,3,0
3308,Hanoi Center,Electric Scooter,2025-07-13,2025-07-15 15:00:00,63,504,3,0
3309,Hanoi Center,Electric Scooter,2025-04-16,2025-04-17 07:00:00,31,279,4,0
3310,HCM District 1,Electric Scooter,2025-06-08,2025-06-08 09:00:00,9,153,3,1
3311,Hanoi Center,Bike,2025-06-01,2025-06-03 09:00:00,57,741,3,0
3312,Da Nang City,Car,2025-03-27,2025-03-28 10:00:00,34,272,1,1
3313,Hanoi Center,Car,2025-07-02,2025-07-02 07:00:00,7,105,4,1
3314,HCM District 1,Electric Scooter,2025-08-09,2025-08-10 14:00:00,38,494,4,0
3315,HCM District 1,Electric Scooter,2025-09-21,2025-09-22 03:00:00,27,135,2,0
3316,HCM District 1,Car,2025-09-27,2025-09-27 18:00:00,18,90,4,0
3317,Da Nang City,Car,2025-01-09,2025-01-11 10:00:00,58,406,5,0
3318,Hanoi Center,Electric Scooter,2025-09-28,2025-09-28 08:00:00,8,136,4,1
3319,Da Nang City,Bike,2025-06-20,2025-06-22 08:00:00,56,784,1,1
3320,Hanoi Center,Car,2025-10-20,2025-10-22 19:00:00,67,1206,2,0
3321,HCM District 1,Bike,2025-04-05,2025-04-06 14:00:00,38,304,1,1
3322,HCM District 1,Bike,2025-09-02,2025-09-03 00:00:00,24,120,3,0
3323,Hanoi Center,Car,2025-09-06,2025-09-06 04:00:00,4,28,4,0
3324,Da Nang City,Bike,2025-01-27,2025-01-28 06:00:00,30,210,2,0
3325,Da Nang City,Electric Scooter,2025-01-24,2025-01-24 18:00:00,18,198,5,0
3326,Hanoi Center,Electric Scooter,2025-05-19,2025-05-19 22:00:00,22,440,3,0
3327,Da Nang City,Bike,2025-05-04,2025-05-04 05:00:00,5,50,4,0
3328,Da Nang City,Car,2025-04-08,2025-04-10 15:00:00,63,315,5,0
3329,Hanoi Center,Electric Scooter,2025-09-09,2025-09-09 08:00:00,8,144,3,1
3330,Hanoi Center,Car,2025-03-31,2025-04-02 06:00:00,54,378,4,1
3331,Hanoi Center,Electric Scooter,2025-10-06,2025-10-09 00:00:00,72,1224,3,0
3332,Hanoi Center,Bike,2025-04-15,2025-04-15 11:00:00,11,132,5,0
3333,HCM District 1,Bike,2025-03-17,2025-03-18 17:00:00,41,410,3,0
3334,Hanoi Center,Bike,2025-09-05,2025-09-05 17:00:00,17,255,5,0
3335,Da Nang City,Car,2025-07-19,2025-07-20 16:00:00,40,680,4,0
3336,Hanoi Center,Bike,2025-09-02,2025-09-03 09:00:00,33,231,3,1
3337,HCM District 1,Electric Scooter,2025-03-09,2025-03-10 05:00:00,29,145,2,1
3338,Da Nang City,Car,2025-06-13,2025-06-15 09:00:00,57,798,1,0
3339,HCM District 1,Bike,2025-05-30,2025-05-30 14:00:00,14,140,4,1
3340,Da Nang City,Electric Scooter,2025-06-12,2025-06-12 09:00:00,9,63,1,1
3341,Hanoi Center,Electric Scooter,2025-10-19,2025-10-19 01:00:00,1,20,4,0
3342,HCM District 1,Bike,2025-09-21,2025-09-22 17:00:00,41,369,4,1
3343,HCM District 1,Car,2025-10-23,2025-10-23 02:00:00,2,12,3,0
3344,Da Nang City,Electric Scooter,2025-03-18,2025-03-19 20:00:00,44,352,3,0
3345,Hanoi Center,Car,2025-07-07,2025-07-08 17:00:00,41,615,3,1
3346,Hanoi Center,Bike,2025-09-06,2025-09-08 06:00:00,54,378,4,1
3347,Da Nang City,Electric Scooter,2025-07-08,2025-07-09 20:00:00,44,660,1,1
3348,Hanoi Center,Electric Scooter,2025-06-27,2025-06-27 01:00:00,1,8,5,0
3349,Hanoi Center,Car,2025-10-13,2025-10-13 12:00:00,12,144,5,0
3350,HCM District 1,Bike,2025-04-26,2025-04-27 18:00:00,42,798,4,0
3351,Hanoi Center,Electric Scooter,2025-10-03,2025-10-03 20:00:00,20,240,5,1
3352,Hanoi Center,Bike,2025-01-06,2025-01-07 22:00:00,46,506,5,1
3353,HCM District 1,Bike,2025-04-28,2025-04-29 21:00:00,45,405,5,0
3354,Da Nang City,Car,2025-10-03,2025-10-03 01:00:00,1,13,3,0
3355,Da Nang City,Electric Scooter,2025-05-16,2025-05-16 11:00:00,11,154,2,1
3356,Hanoi Center,Car,2025-05-28,2025-05-28 15:00:00,15,120,3,1
3357,HCM District 1,Car,2025-07-16,2025-07-17 01:00:00,25,325,2,1
3358,Hanoi Center,Bike,2025-01-12,2025-01-14 22:00:00,70,1400,3,0
3359,HCM District 1,Car,2025-01-19,2025-01-21 11:00:00,59,708,2,1
3360,Da Nang City,Car,2025-01-28,2025-01-30 18:00:00,66,1122,3,1
3361,HCM District 1,Electric Scooter,2025-01-22,2025-01-22 02:00:00,2,38,1,1
3362,Hanoi Center,Bike,2025-04-13,2025-04-14 05:00:00,29,435,1,0
3363,Da Nang City,Bike,2025-09-07,2025-09-09 00:00:00,48,672,1,0
3364,HCM District 1,Electric Scooter,2025-09-29,2025-09-29 07:00:00,7,133,1,0
3365,Hanoi Center,Car,2025-10-22,2025-10-23 09:00:00,33,660,3,0
3366,HCM District 1,Car,2025-10-16,2025-10-18 15:00:00,63,1134,5,1
3367,HCM District 1,Electric Scooter,2025-05-19,2025-05-21 12:00:00,60,780,5,0
3368,Da Nang City,Car,2025-02-26,2025-02-26 13:00:00,13,156,3,0
3369,Da Nang City,Car,2025-01-08,2025-01-09 13:00:00,37,666,5,1
3370,Da Nang City,Car,2025-02-05,2025-02-07 13:00:00,61,671,1,0
3371,Hanoi Center,Car,2025-10-08,2025-10-09 19:00:00,43,301,1,1
3372,Hanoi Center,Car,2025-06-25,2025-06-25 02:00:00,2,18,5,0
3373,Hanoi Center,Bike,2025-07-14,2025-07-14 04:00:00,4,52,2,0
3374,Da Nang City,Bike,2025-08-07,2025-08-08 15:00:00,39,195,4,1
3375,Da Nang City,Electric Scooter,2025-06-07,2025-06-09 22:00:00,70,630,5,0
3376,Da Nang City,Car,2025-02-19,2025-02-19 23:00:00,23,460,5,0
3377,Hanoi Center,Car,2025-09-19,2025-09-21 23:00:00,71,1278,5,0
3378,HCM District 1,Electric Scooter,2025-02-03,2025-02-04 10:00:00,34,340,4,0
3379,Da Nang City,Car,2025-02-02,2025-02-04 10:00:00,58,696,4,0
3380,Da Nang City,Bike,2025-03-06,2025-03-06 08:00:00,8,40,1,1
3381,Hanoi Center,Car,2025-07-23,2025-07-23 16:00:00,16,160,1,0
3382,Hanoi Center,Electric Scooter,2025-08-23,2025-08-24 19:00:00,43,860,4,0
3383,Hanoi Center,Bike,2025-03-02,2025-03-02 23:00:00,23,161,1,1
3384,Hanoi Center,Electric Scooter,2025-01-08,2025-01-10 17:00:00,65,910,2,0
3385,Hanoi Center,Bike,2025-02-22,2025-02-24 14:00:00,62,806,5,1
3386,Hanoi Center,Bike,2025-06-03,2025-06-05 15:00:00,63,1260,3,0
3387,Da Nang City,Bike,2025-08-27,2025-08-29 21:00:00,69,828,4,1
3388,HCM District 1,Electric Scooter,2025-01-23,2025-01-24 20:00:00,44,660,2,0
3389,Hanoi Center,Car,2025-09-19,2025-09-20 15:00:00,39,507,3,1
3390,Hanoi Center,Car,2025-04-12,2025-04-14 01:00:00,49,392,1,0
3391,HCM District 1,Car,2025-01-05,2025-01-07 11:00:00,59,590,3,1
3392,HCM District 1,Car,2025-07-13,2025-07-15 08:00:00,56,952,4,1
3393,HCM District 1,Electric Scooter,2025-10-23,2025-10-24 21:00:00,45,720,3,0
3394,HCM District 1,Car,2025-01-04,2025-01-06 06:00:00,54,918,1,1
3395,Da Nang City,Electric Scooter,2025-06-16,2025-06-18 17:00:00,65,1105,1,0
3396,Hanoi Center,Car,2025-04-16,2025-04-16 18:00:00,18,126,3,0
3397,HCM District 1,Electric Scooter,2025-07-30,2025-08-01 14:00:00,62,930,3,0
3398,Da Nang City,Electric Scooter,2025-07-24,2025-07-24 07:00:00,7,84,2,1
3399,Da Nang City,Bike,2025-07-17,2025-07-17 03:00:00,3,54,3,0
3400,Hanoi Center,Car,2025-01-14,2025-01-15 05:00:00,29,406,4,0
3401,Da Nang City,Electric Scooter,2025-02-23,2025-02-24 03:00:00,27,513,4,0
3402,HCM District 1,Car,2025-01-12,2025-01-14 16:00:00,64,1024,3,0
3403,HCM District 1,Electric Scooter,2025-03-06,2025-03-08 01:00:00,49,490,3,1
3404,HCM District 1,Bike,2025-02-27,2025-02-28 17:00:00,41,287,4,0
3405,Da Nang City,Bike,2025-01-25,2025-01-27 04:00:00,52,260,2,1
3406,Da Nang City,Car,2025-03-01,2025-03-03 09:00:00,57,285,1,0
3407,Hanoi Center,Car,2025-09-11,2025-09-13 05:00:00,53,954,5,0
3408,HCM District 1,Electric Scooter,2025-02-25,2025-02-27 12:00:00,60,540,2,0
3409,Hanoi Center,Electric Scooter,2025-07-05,2025-07-07 04:00:00,52,1040,1,0
3410,Da Nang City,Bike,2025-08-10,2025-08-10 16:00:00,16,176,5,1
3411,Hanoi Center,Electric Scooter,2025-10-01,2025-10-01 02:00:00,2,36,2,1
3412,Da Nang City,Car,2025-08-01,2025-08-01 21:00:00,21,273,1,1
3413,Hanoi Center,Electric Scooter,2025-04-01,2025-04-02 05:00:00,29,406,3,0
3414,Da Nang City,Bike,2025-10-15,2025-10-15 20:00:00,20,160,5,0
3415,Da Nang City,Bike,2025-10-02,2025-10-02 01:00:00,1,17,3,1
3416,Hanoi Center,Bike,2025-06-02,2025-06-02 04:00:00,4,32,2,1
3417,HCM District 1,Bike,2025-01-16,2025-01-17 03:00:00,27,513,4,0
3418,Hanoi Center,Bike,2025-01-10,2025-01-10 13:00:00,13,195,3,1
3419,HCM District 1,Electric Scooter,2025-09-18,2025-09-19 17:00:00,41,492,4,1
3420,Hanoi Center,Bike,2025-06-16,2025-06-16 17:00:00,17,204,5,0
3421,HCM District 1,Bike,2025-08-09,2025-08-10 02:00:00,26,286,1,0
3422,Da Nang City,Car,2025-03-23,2025-03-24 00:00:00,24,480,4,0
3423,Hanoi Center,Car,2025-06-08,2025-06-09 01:00:00,25,500,3,0
3424,HCM District 1,Electric Scooter,2025-01-27,2025-01-27 16:00:00,16,80,3,1
3425,HCM District 1,Car,2025-08-25,2025-08-26 09:00:00,33,396,2,0
3426,Da Nang City,Bike,2025-06-01,2025-06-02 05:00:00,29,174,3,0
3427,HCM District 1,Car,2025-07-29,2025-07-29 15:00:00,15,150,4,1
3428,Da Nang City,Electric Scooter,2025-09-20,2025-09-20 16:00:00,16,128,1,1
3429,HCM District 1,Bike,2025-04-17,2025-04-20 00:00:00,72,360,2,1
3430,Hanoi Center,Bike,2025-04-02,2025-04-02 03:00:00,3,48,5,0
3431,HCM District 1,Electric Scooter,2025-08-15,2025-08-16 17:00:00,41,533,3,1
3432,Da Nang City,Bike,2025-02-13,2025-02-14 13:00:00,37,444,2,0
3433,Da Nang City,Bike,2025-09-08,2025-09-10 20:00:00,68,952,3,1
3434,Da Nang City,Car,2025-05-17,2025-05-18 15:00:00,39,507,3,1
3435,HCM District 1,Electric Scooter,2025-07-30,2025-07-31 12:00:00,36,288,5,1
3436,HCM District 1,Bike,2025-03-13,2025-03-14 06:00:00,30,300,3,1
3437,HCM District 1,Electric Scooter,2025-01-08,2025-01-10 19:00:00,67,1072,2,0
3438,HCM District 1,Electric Scooter,2025-09-27,2025-09-27 03:00:00,3,51,4,0
3439,Da Nang City,Bike,2025-07-01,2025-07-02 15:00:00,39,351,3,0
3440,HCM District 1,Bike,2025-10-07,2025-10-07 16:00:00,16,224,2,0
3441,Da Nang City,Electric Scooter,2025-04-16,2025-04-16 22:00:00,22,220,5,0
3442,Da Nang City,Car,2025-01-14,2025-01-15 07:00:00,31,279,2,1
3443,Hanoi Center,Car,2025-10-07,2025-10-07 13:00:00,13,156,4,0
3444,Da Nang City,Car,2025-07-13,2025-07-14 10:00:00,34,680,5,0
3445,Hanoi Center,Electric Scooter,2025-04-06,2025-04-07 09:00:00,33,594,4,1
3446,HCM District 1,Car,2025-04-19,2025-04-20 18:00:00,42,462,1,1
3447,Da Nang City,Bike,2025-07-07,2025-07-07 14:00:00,14,168,5,1
3448,Hanoi Center,Car,2025-03-16,2025-03-16 04:00:00,4,24,1,0
3449,HCM District 1,Car,2025-10-13,2025-10-13 17:00:00,17,85,2,0
3450,Hanoi Center,Electric Scooter,2025-09-01,2025-09-02 15:00:00,39,234,1,1
3451,HCM District 1,Bike,2025-07-06,2025-07-07 22:00:00,46,368,4,0
3452,Hanoi Center,Bike,2025-02-08,2025-02-09 05:00:00,29,319,3,0
3453,Hanoi Center,Bike,2025-02-14,2025-02-15 16:00:00,40,760,4,0
3454,Da Nang City,Electric Scooter,2025-06-25,2025-06-27 21:00:00,69,621,2,0
3455,HCM District 1,Bike,2025-10-23,2025-10-25 00:00:00,48,960,5,0
3456,HCM District 1,Bike,2025-04-10,2025-04-12 15:00:00,63,819,2,0
3457,Da Nang City,Car,2025-08-13,2025-08-14 16:00:00,40,760,5,1
3458,Da Nang City,Bike,2025-07-04,2025-07-06 05:00:00,53,530,4,0
3459,Da Nang City,Electric Scooter,2025-09-08,2025-09-10 04:00:00,52,884,5,0
3460,Da Nang City,Electric Scooter,2025-07-31,2025-08-02 18:00:00,66,858,1,1
3461,Hanoi Center,Bike,2025-05-14,2025-05-16 12:00:00,60,780,1,1
3462,Hanoi Center,Car,2025-01-28,2025-01-30 19:00:00,67,1139,1,1
3463,HCM District 1,Bike,2025-06-27,2025-06-28 22:00:00,46,276,2,1
3464,HCM District 1,Car,2025-07-13,2025-07-15 00:00:00,48,432,2,0
3465,Da Nang City,Bike,2025-07-16,2025-07-18 07:00:00,55,605,3,1
3466,Da Nang City,Electric Scooter,2025-06-30,2025-07-02 19:00:00,67,938,3,1
3467,Hanoi Center,Electric Scooter,2025-01-30,2025-02-01 17:00:00,65,1235,2,0
3468,Da Nang City,Car,2025-03-18,2025-03-20 00:00:00,48,672,2,0
3469,Hanoi Center,Car,2025-10-27,2025-10-27 22:00:00,22,220,1,0
3470,HCM District 1,Bike,2025-03-15,2025-03-15 11:00:00,11,187,4,0
3471,Da Nang City,Electric Scooter,2025-02-14,2025-02-14 06:00:00,6,96,5,0
3472,Da Nang City,Car,2025-03-26,2025-03-26 19:00:00,19,228,2,0
3473,Da Nang City,Electric Scooter,2025-02-17,2025-02-17 05:00:00,5,100,4,1
3474,Hanoi Center,Electric Scooter,2025-01-03,2025-01-04 08:00:00,32,160,2,0
3475,Da Nang City,Bike,2025-07-15,2025-07-16 07:00:00,31,248,4,0
3476,Hanoi Center,Electric Scooter,2025-05-30,2025-05-31 18:00:00,42,714,1,0
3477,Hanoi Center,Car,2025-05-06,2025-05-06 11:00:00,11,220,2,0
3478,Da Nang City,Bike,2025-06-13,2025-06-13 23:00:00,23,184,3,0
3479,Hanoi Center,Electric Scooter,2025-03-29,2025-03-31 06:00:00,54,270,1,0
3480,HCM District 1,Car,2025-04-06,2025-04-08 20:00:00,68,952,4,0
3481,Da Nang City,Car,2025-02-28,2025-03-01 16:00:00,40,280,2,0
3482,Hanoi Center,Bike,2025-08-26,2025-08-27 09:00:00,33,594,4,0
3483,Hanoi Center,Car,2025-04-05,2025-04-06 22:00:00,46,368,1,0
3484,HCM District 1,Electric Scooter,2025-04-26,2025-04-27 20:00:00,44,572,5,0
3485,Hanoi Center,Electric Scooter,2025-08-24,2025-08-25 06:00:00,30,390,2,1
3486,HCM District 1,Bike,2025-08-04,2025-08-05 04:00:00,28,448,2,1
3487,HCM District 1,Car,2025-08-10,2025-08-12 19:00:00,67,603,5,1
3488,Hanoi Center,Bike,2025-04-03,2025-04-05 20:00:00,68,408,3,1
3489,HCM District 1,Bike,2025-09-22,2025-09-25 00:00:00,72,1008,5,0
3490,Hanoi Center,Bike,2025-04-28,2025-04-29 09:00:00,33,297,2,1
3491,HCM District 1,Bike,2025-02-26,2025-02-28 02:00:00,50,700,3,0
3492,HCM District 1,Electric Scooter,2025-03-31,2025-04-01 03:00:00,27,513,3,0
3493,Da Nang City,Bike,2025-05-06,2025-05-06 18:00:00,18,90,3,0
3494,HCM District 1,Bike,2025-04-19,2025-04-21 16:00:00,64,448,2,1
3495,HCM District 1,Car,2025-06-01,2025-06-03 12:00:00,60,840,1,1
3496,Hanoi Center,Bike,2025-04-07,2025-04-08 12:00:00,36,396,5,1
3497,Da Nang City,Bike,2025-10-28,2025-10-29 05:00:00,29,377,4,1
3498,Hanoi Center,Car,2025-02-19,2025-02-21 14:00:00,62,806,1,1
3499,Hanoi Center,Electric Scooter,2025-10-12,2025-10-14 11:00:00,59,944,3,1
3500,Da Nang City,Electric Scooter,2025-01-14,2025-01-15 11:00:00,35,350,5,0
3501,Hanoi Center,Bike,2025-01-13,2025-01-15 20:00:00,68,408,2,1
3502,Da Nang City,Car,2025-09-17,2025-09-19 18:00:00,66,1122,1,1
3503,Hanoi Center,Electric Scooter,2025-01-06,2025-01-08 12:00:00,60,360,1,0
3504,Hanoi Center,Car,2025-07-23,2025-07-24 02:00:00,26,130,5,1
3505,Hanoi Center,Car,2025-07-11,2025-07-13 05:00:00,53,530,4,0
3506,Da Nang City,Car,2025-07-27,2025-07-28 16:00:00,40,560,4,0
3507,Hanoi Center,Electric Scooter,2025-08-23,2025-08-25 14:00:00,62,806,4,1
3508,Hanoi Center,Bike,2025-04-01,2025-04-01 23:00:00,23,230,1,1
3509,Hanoi Center,Electric Scooter,2025-10-04,2025-10-04 05:00:00,5,45,5,0
3510,Hanoi Center,Electric Scooter,2025-10-22,2025-10-23 00:00:00,24,288,4,0
3511,Da Nang City,Electric Scooter,2025-03-26,2025-03-27 22:00:00,46,690,1,0
3512,Da Nang City,Bike,2025-07-10,2025-07-11 14:00:00,38,760,4,0
3513,Hanoi Center,Car,2025-03-15,2025-03-17 13:00:00,61,854,2,1
3514,Da Nang City,Bike,2025-08-15,2025-08-17 18:00:00,66,1320,3,0
3515,Da Nang City,Car,2025-06-06,2025-06-06 10:00:00,10,180,1,0
3516,Da Nang City,Electric Scooter,2025-03-29,2025-03-29 08:00:00,8,128,1,1
3517,Hanoi Center,Car,2025-01-18,2025-01-18 02:00:00,2,10,5,0
3518,Hanoi Center,Bike,2025-03-05,2025-03-06 23:00:00,47,564,5,0
3519,HCM District 1,Car,2025-09-20,2025-09-22 07:00:00,55,935,4,0
3520,Da Nang City,Car,2025-03-16,2025-03-16 13:00:00,13,65,4,0
3521,HCM District 1,Bike,2025-08-05,2025-08-07 00:00:00,48,624,3,0
3522,Da Nang City,Car,2025-05-11,2025-05-13 04:00:00,52,520,5,1
3523,Hanoi Center,Car,2025-03-15,2025-03-17 06:00:00,54,594,5,1
3524,Hanoi Center,Electric Scooter,2025-10-12,2025-10-13 14:00:00,38,228,2,0
3525,Da Nang City,Electric Scooter,2025-01-06,2025-01-06 19:00:00,19,304,5,1
3526,HCM District 1,Car,2025-09-25,2025-09-25 22:00:00,22,154,4,0
3527,Da Nang City,Bike,2025-08-07,2025-08-07 19:00:00,19,266,1,0
3528,Hanoi Center,Car,2025-03-12,2025-03-13 14:00:00,38,380,4,0
3529,HCM District 1,Electric Scooter,2025-04-01,2025-04-04 00:00:00,72,720,2,0
3530,Hanoi Center,Car,2025-01-27,2025-01-29 07:00:00,55,935,2,1
3531,HCM District 1,Bike,2025-02-17,2025-02-17 05:00:00,5,95,2,1
3532,HCM District 1,Electric Scooter,2025-10-24,2025-10-26 19:00:00,67,871,4,0
3533,Hanoi Center,Bike,2025-09-22,2025-09-24 17:00:00,65,1170,2,1
3534,Hanoi Center,Bike,2025-02-27,2025-02-27 11:00:00,11,165,5,0
3535,Hanoi Center,Car,2025-06-15,2025-06-17 12:00:00,60,1140,2,0
3536,Da Nang City,Bike,2025-10-14,2025-10-16 21:00:00,69,759,3,0
3537,HCM District 1,Bike,2025-05-25,2025-05-25 01:00:00,1,18,5,1
3538,HCM District 1,Bike,2025-04-22,2025-04-24 04:00:00,52,312,2,0
3539,Da Nang City,Electric Scooter,2025-02-13,2025-02-14 01:00:00,25,225,2,0
3540,Hanoi Center,Car,2025-02-22,2025-02-24 01:00:00,49,686,5,1
3541,Da Nang City,Bike,2025-10-18,2025-10-20 01:00:00,49,637,1,0
3542,HCM District 1,Electric Scooter,2025-09-10,2025-09-10 10:00:00,10,100,5,1
3543,Da Nang City,Car,2025-06-22,2025-06-22 01:00:00,1,20,1,1
3544,HCM District 1,Bike,2025-09-30,2025-09-30 14:00:00,14,112,2,0
3545,Hanoi Center,Electric Scooter,2025-09-30,2025-10-01 20:00:00,44,836,1,1
3546,Da Nang City,Bike,2025-03-07,2025-03-09 02:00:00,50,600,5,1
3547,Da Nang City,Car,2025-07-14,2025-07-16 19:00:00,67,1340,1,0
3548,Da Nang City,Bike,2025-02-07,2025-02-09 13:00:00,61,549,5,0
3549,Da Nang City,Electric Scooter,2025-03-31,2025-04-01 00:00:00,24,264,4,0
3550,HCM District 1,Electric Scooter,2025-05-09,2025-05-09 21:00:00,21,399,2,1
3551,HCM District 1,Car,2025-03-21,2025-03-23 22:00:00,70,490,3,0
3552,Da Nang City,Car,2025-08-18,2025-08-20 06:00:00,54,1080,1,1
3553,Hanoi Center,Electric Scooter,2025-07-04,2025-07-05 02:00:00,26,416,4,1
3554,Hanoi Center,Electric Scooter,2025-08-13,2025-08-15 05:00:00,53,742,1,0
3555,Da Nang City,Electric Scooter,2025-05-01,2025-05-01 19:00:00,19,342,4,0
3556,Hanoi Center,Bike,2025-02-28,2025-02-28 10:00:00,10,50,4,1
3557,Hanoi Center,Car,2025-07-24,2025-07-25 23:00:00,47,376,4,0
3558,Hanoi Center,Bike,2025-04-10,2025-04-11 07:00:00,31,620,1,1
3559,Da Nang City,Bike,2025-10-08,2025-10-10 15:00:00,63,1197,2,0
3560,Da Nang City,Car,2025-02-12,2025-02-14 21:00:00,69,1380,4,1
3561,Da Nang City,Electric Scooter,2025-06-11,2025-06-13 06:00:00,54,864,5,1
3562,HCM District 1,Car,2025-07-31,2025-07-31 17:00:00,17,289,1,0
3563,Da Nang City,Electric Scooter,2025-03-14,2025-03-16 08:00:00,56,1008,2,1
3564,Da Nang City,Car,2025-07-03,2025-07-05 16:00:00,64,896,2,0
3565,HCM District 1,Car,2025-03-17,2025-03-18 03:00:00,27,243,2,0
3566,Hanoi Center,Electric Scooter,2025-09-24,2025-09-24 16:00:00,16,272,2,0
3567,Hanoi Center,Bike,2025-04-21,2025-04-22 14:00:00,38,760,1,0
3568,Hanoi Center,Car,2025-01-14,2025-01-14 19:00:00,19,266,4,1
3569,HCM District 1,Car,2025-03-10,2025-03-11 18:00:00,42,630,3,0
3570,Da Nang City,Bike,2025-01-21,2025-01-22 22:00:00,46,552,2,1
3571,Da Nang City,Car,2025-08-11,2025-08-12 22:00:00,46,368,2,0
3572,Hanoi Center,Bike,2025-01-19,2025-01-20 03:00:00,27,486,4,1
3573,HCM District 1,Car,2025-06-26,2025-06-27 09:00:00,33,429,5,1
3574,HCM District 1,Electric Scooter,2025-03-20,2025-03-21 17:00:00,41,287,4,0
3575,Da Nang City,Car,2025-08-27,2025-08-29 04:00:00,52,260,2,0
3576,Da Nang City,Bike,2025-06-07,2025-06-08 13:00:00,37,555,5,1
3577,Da Nang City,Car,2025-06-06,2025-06-06 18:00:00,18,252,2,1
3578,Da Nang City,Bike,2025-10-28,2025-10-29 05:00:00,29,377,5,1
3579,HCM District 1,Electric Scooter,2025-01-13,2025-01-13 23:00:00,23,207,2,0
3580,HCM District 1,Car,2025-10-28,2025-10-28 18:00:00,18,198,2,1
3581,Da Nang City,Car,2025-01-07,2025-01-07 04:00:00,4,44,1,0
3582,HCM District 1,Electric Scooter,2025-03-03,2025-03-04 20:00:00,44,660,3,1
3583,Hanoi Center,Electric Scooter,2025-04-08,2025-04-10 09:00:00,57,570,4,1
3584,Da Nang City,Bike,2025-03-03,2025-03-05 07:00:00,55,495,2,0
3585,Hanoi Center,Electric Scooter,2025-06-02,2025-06-02 04:00:00,4,56,2,0
3586,HCM District 1,Bike,2025-07-10,2025-07-12 14:00:00,62,806,3,0
3587,Da Nang City,Electric Scooter,2025-04-04,2025-04-06 18:00:00,66,990,4,0
3588,Hanoi Center,Electric Scooter,2025-09-02,2025-09-03 03:00:00,27,540,1,0
3589,Hanoi Center,Car,2025-08-02,2025-08-04 02:00:00,50,500,2,1
3590,Da Nang City,Car,2025-02-18,2025-02-18 02:00:00,2,36,3,0
3591,Hanoi Center,Electric Scooter,2025-04-06,2025-04-06 14:00:00,14,224,3,0
3592,Da Nang City,Bike,2025-07-29,2025-07-29 17:00:00,17,102,1,1
3593,Da Nang City,Bike,2025-10-17,2025-10-19 14:00:00,62,682,5,1
3594,Da Nang City,Bike,2025-07-06,2025-07-07 23:00:00,47,470,4,1
3595,Da Nang City,Car,2025-02-21,2025-02-21 15:00:00,15,285,4,1
3596,HCM District 1,Bike,2025-10-03,2025-10-03 18:00:00,18,144,3,0
3597,Hanoi Center,Car,2025-10-16,2025-10-17 06:00:00,30,330,3,0
3598,HCM District 1,Electric Scooter,2025-05-18,2025-05-20 19:00:00,67,1005,1,0
3599,Hanoi Center,Electric Scooter,2025-04-27,2025-04-28 21:00:00,45,495,5,0
3600,HCM District 1,Bike,2025-05-31,2025-05-31 14:00:00,14,196,3,0
3601,Da Nang City,Car,2025-01-10,2025-01-11 12:00:00,36,360,2,1
3602,HCM District 1,Electric Scooter,2025-01-06,2025-01-07 22:00:00,46,736,5,0
3603,Da Nang City,Bike,2025-07-05,2025-07-05 06:00:00,6,60,4,0
3604,Hanoi Center,Bike,2025-05-04,2025-05-04 22:00:00,22,418,5,1
3605,Da Nang City,Car,2025-08-21,2025-08-23 22:00:00,70,490,4,1
3606,Da Nang City,Car,2025-02-02,2025-02-03 20:00:00,44,572,5,0
3607,Hanoi Center,Electric Scooter,2025-08-28,2025-08-29 20:00:00,44,308,4,1
3608,Hanoi Center,Car,2025-04-28,2025-04-30 13:00:00,61,671,4,0
3609,HCM District 1,Electric Scooter,2025-02-19,2025-02-20 04:00:00,28,364,2,0
3610,Da Nang City,Electric Scooter,2025-08-15,2025-08-16 05:00:00,29,232,4,1
3611,Hanoi Center,Car,2025-02-20,2025-02-22 11:00:00,59,295,5,0
3612,Da Nang City,Bike,2025-10-09,2025-10-11 07:00:00,55,715,5,1
3613,Hanoi Center,Electric Scooter,2025-01-11,2025-01-13 09:00:00,57,570,5,0
3614,Hanoi Center,Bike,2025-09-12,2025-09-14 16:00:00,64,320,5,0
3615,Da Nang City,Car,2025-01-18,2025-01-19 14:00:00,38,418,1,1
3616,Hanoi Center,Bike,2025-05-03,2025-05-05 20:00:00,68,884,2,0
3617,HCM District 1,Bike,2025-07-01,2025-07-02 03:00:00,27,405,5,0
3618,Hanoi Center,Car,2025-05-05,2025-05-05 23:00:00,23,276,3,1
3619,HCM District 1,Bike,2025-03-20,2025-03-20 07:00:00,7,56,4,1
3620,HCM District 1,Electric Scooter,2025-04-28,2025-04-30 14:00:00,62,992,2,0
3621,Hanoi Center,Bike,2025-10-15,2025-10-16 08:00:00,32,512,1,0
3622,Da Nang City,Electric Scooter,2025-01-08,2025-01-09 19:00:00,43,258,1,1
3623,Hanoi Center,Bike,2025-01-25,2025-01-26 12:00:00,36,612,3,1
3624,Hanoi Center,Electric Scooter,2025-04-13,2025-04-15 21:00:00,69,1035,4,0
3625,HCM District 1,Car,2025-02-28,2025-02-28 01:00:00,1,9,4,0
3626,HCM District 1,Electric Scooter,2025-05-07,2025-05-09 10:00:00,58,290,5,0
3627,Da Nang City,Car,2025-08-27,2025-08-28 15:00:00,39,390,1,1
3628,Da Nang City,Electric Scooter,2025-01-18,2025-01-19 06:00:00,30,510,2,1
3629,Hanoi Center,Car,2025-08-30,2025-09-01 04:00:00,52,780,3,0
3630,HCM District 1,Electric Scooter,2025-09-26,2025-09-26 08:00:00,8,136,1,0
3631,Hanoi Center,Electric Scooter,2025-04-22,2025-04-22 21:00:00,21,378,3,0
3632,Da Nang City,Car,2025-07-08,2025-07-10 08:00:00,56,616,1,0
3633,Hanoi Center,Car,2025-05-28,2025-05-28 18:00:00,18,342,1,1
3634,Da Nang City,Car,2025-02-24,2025-02-25 17:00:00,41,697,5,0
3635,Hanoi Center,Bike,2025-01-25,2025-01-25 18:00:00,18,180,2,1
3636,Hanoi Center,Car,2025-08-05,2025-08-05 07:00:00,7,42,3,0
3637,HCM District 1,Bike,2025-09-21,2025-09-21 21:00:00,21,420,5,1
3638,HCM District 1,Bike,2025-06-22,2025-06-22 05:00:00,5,70,2,1
3639,Hanoi Center,Car,2025-02-25,2025-02-26 12:00:00,36,180,4,0
3640,Hanoi Center,Car,2025-09-14,2025-09-15 12:00:00,36,180,2,1
3641,HCM District 1,Bike,2025-04-30,2025-05-02 05:00:00,53,848,3,0
3642,HCM District 1,Car,2025-07-01,2025-07-01 02:00:00,2,40,4,0
3643,Da Nang City,Car,2025-04-19,2025-04-19 01:00:00,1,14,1,1
3644,Hanoi Center,Electric Scooter,2025-02-01,2025-02-03 15:00:00,63,378,4,1
3645,HCM District 1,Car,2025-09-16,2025-09-16 03:00:00,3,42,5,0
3646,Da Nang City,Electric Scooter,2025-08-23,2025-08-24 09:00:00,33,165,5,0
3647,Da Nang City,Car,2025-10-09,2025-10-11 09:00:00,57,855,3,0
3648,Hanoi Center,Bike,2025-08-22,2025-08-24 12:00:00,60,900,1,1
3649,Da Nang City,Car,2025-01-28,2025-01-29 13:00:00,37,703,3,1
3650,HCM District 1,Bike,2025-07-10,2025-07-12 22:00:00,70,1330,3,0
3651,Hanoi Center,Electric Scooter,2025-07-08,2025-07-10 03:00:00,51,816,4,1
3652,Hanoi Center,Car,2025-09-26,2025-09-26 15:00:00,15,270,1,0
3653,Da Nang City,Electric Scooter,2025-10-12,2025-10-14 07:00:00,55,825,2,1
3654,Da Nang City,Bike,2025-04-22,2025-04-22 11:00:00,11,165,2,0
3655,HCM District 1,Electric Scooter,2025-04-15,2025-04-17 21:00:00,69,966,5,0
3656,Hanoi Center,Car,2025-09-25,2025-09-27 16:00:00,64,384,3,1
3657,HCM District 1,Bike,2025-03-25,2025-03-27 09:00:00,57,456,2,0
3658,Da Nang City,Electric Scooter,2025-08-17,2025-08-19 16:00:00,64,1024,3,0
3659,Hanoi Center,Bike,2025-05-30,2025-05-31 03:00:00,27,270,5,0
3660,Hanoi Center,Electric Scooter,2025-07-21,2025-07-22 18:00:00,42,546,5,1
3661,HCM District 1,Bike,2025-09-16,2025-09-17 21:00:00,45,405,4,0
3662,HCM District 1,Bike,2025-08-07,2025-08-07 08:00:00,8,120,4,1
3663,Hanoi Center,Car,2025-04-29,2025-04-30 17:00:00,41,574,1,0
3664,HCM District 1,Bike,2025-07-20,2025-07-20 12:00:00,12,84,2,0
3665,Hanoi Center,Bike,2025-09-29,2025-09-29 04:00:00,4,68,3,0
3666,Hanoi Center,Car,2025-07-12,2025-07-14 01:00:00,49,490,4,0
3667,Da Nang City,Electric Scooter,2025-05-28,2025-05-29 16:00:00,40,320,4,0
3668,HCM District 1,Bike,2025-06-09,2025-06-09 14:00:00,14,252,5,1
3669,Da Nang City,Electric Scooter,2025-07-31,2025-08-01 19:00:00,43,602,3,0
3670,HCM District 1,Electric Scooter,2025-07-17,2025-07-17 07:00:00,7,63,5,1
3671,Da Nang City,Electric Scooter,2025-04-24,2025-04-25 18:00:00,42,756,4,1
3672,Hanoi Center,Car,2025-09-08,2025-09-09 18:00:00,42,840,3,1
3673,Da Nang City,Electric Scooter,2025-07-12,2025-07-13 04:00:00,28,420,5,1
3674,Hanoi Center,Electric Scooter,2025-05-29,2025-05-30 15:00:00,39,273,4,0
3675,Hanoi Center,Bike,2025-05-12,2025-05-13 02:00:00,26,520,5,1
3676,HCM District 1,Car,2025-03-21,2025-03-23 17:00:00,65,910,1,1
3677,Da Nang City,Car,2025-07-19,2025-07-19 18:00:00,18,252,5,1
3678,Da Nang City,Car,2025-09-21,2025-09-23 21:00:00,69,414,3,0
3679,Hanoi Center,Electric Scooter,2025-01-30,2025-01-31 12:00:00,36,180,1,0
3680,Da Nang City,Car,2025-02-16,2025-02-18 20:00:00,68,1360,3,0
3681,HCM District 1,Bike,2025-03-22,2025-03-22 16:00:00,16,96,3,0
3682,HCM District 1,Car,2025-05-17,2025-05-19 12:00:00,60,1140,4,0
3683,HCM District 1,Electric Scooter,2025-05-25,2025-05-26 01:00:00,25,250,5,0
3684,Hanoi Center,Electric Scooter,2025-01-30,2025-02-01 19:00:00,67,1206,3,0
3685,Da Nang City,Electric Scooter,2025-09-17,2025-09-17 11:00:00,11,99,1,0
3686,Da Nang City,Electric Scooter,2025-02-16,2025-02-16 02:00:00,2,26,3,1
3687,Hanoi Center,Bike,2025-07-16,2025-07-17 18:00:00,42,462,4,1
3688,Da Nang City,Car,2025-03-20,2025-03-20 20:00:00,20,120,2,0
3689,HCM District 1,Bike,2025-01-06,2025-01-06 04:00:00,4,40,1,0
3690,Hanoi Center,Bike,2025-05-08,2025-05-08 15:00:00,15,225,3,1
3691,Da Nang City,Car,2025-08-09,2025-08-09 05:00:00,5,85,4,0
3692,Da Nang City,Electric Scooter,2025-09-09,2025-09-11 20:00:00,68,1292,5,0
3693,HCM District 1,Electric Scooter,2025-05-11,2025-05-11 13:00:00,13,182,2,1
3694,Hanoi Center,Bike,2025-03-01,2025-03-02 02:00:00,26,468,4,0
3695,HCM District 1,Car,2025-09-06,2025-09-06 16:00:00,16,304,4,0
3696,HCM District 1,Bike,2025-07-10,2025-07-10 14:00:00,14,70,1,0
3697,Hanoi Center,Bike,2025-05-06,2025-05-08 12:00:00,60,1080,2,0
3698,Da Nang City,Car,2025-07-29,2025-07-31 05:00:00,53,530,3,0
3699,HCM District 1,Car,2025-01-17,2025-01-19 12:00:00,60,300,3,0
3700,HCM District 1,Car,2025-07-20,2025-07-22 19:00:00,67,469,1,1
3701,Da Nang City,Car,2025-07-09,2025-07-10 02:00:00,26,130,5,0
3702,Da Nang City,Car,2025-04-24,2025-04-25 13:00:00,37,370,3,0
3703,HCM District 1,Car,2025-04-12,2025-04-12 13:00:00,13,208,5,0
3704,HCM District 1,Car,2025-03-11,2025-03-12 15:00:00,39,312,2,0
3705,Da Nang City,Electric Scooter,2025-01-22,2025-01-22 14:00:00,14,196,2,0
3706,HCM District 1,Electric Scooter,2025-04-05,2025-04-06 22:00:00,46,782,1,1
3707,Hanoi Center,Electric Scooter,2025-03-04,2025-03-04 22:00:00,22,286,3,0
3708,Hanoi Center,Bike,2025-02-18,2025-02-18 17:00:00,17,221,5,0
3709,HCM District 1,Electric Scooter,2025-04-17,2025-04-17 05:00:00,5,60,4,0
3710,Da Nang City,Bike,2025-05-04,2025-05-04 02:00:00,2,32,3,0
3711,Hanoi Center,Car,2025-05-04,2025-05-06 07:00:00,55,880,3,1
3712,Hanoi Center,Bike,2025-07-19,2025-07-21 11:00:00,59,295,1,1
3713,HCM District 1,Bike,2025-07-31,2025-08-02 14:00:00,62,558,1,0
3714,Hanoi Center,Electric Scooter,2025-01-17,2025-01-17 17:00:00,17,238,1,0
3715,Hanoi Center,Electric Scooter,2025-03-03,2025-03-05 02:00:00,50,950,3,1
3716,Da Nang City,Car,2025-06-01,2025-06-02 02:00:00,26,416,2,1
3717,Hanoi Center,Electric Scooter,2025-10-07,2025-10-07 13:00:00,13,221,2,0
3718,HCM District 1,Bike,2025-01-09,2025-01-10 05:00:00,29,203,1,0
3719,Da Nang City,Bike,2025-08-27,2025-08-29 03:00:00,51,1020,4,1
3720,HCM District 1,Bike,2025-04-27,2025-04-29 11:00:00,59,472,2,1
3721,Da Nang City,Electric Scooter,2025-07-21,2025-07-23 21:00:00,69,966,3,0
3722,Da Nang City,Bike,2025-01-31,2025-02-01 16:00:00,40,640,2,0
3723,Da Nang City,Electric Scooter,2025-08-07,2025-08-08 21:00:00,45,495,5,0
3724,Da Nang City,Bike,2025-08-24,2025-08-24 17:00:00,17,221,2,0
3725,HCM District 1,Electric Scooter,2025-05-06,2025-05-07 21:00:00,45,360,4,1
3726,HCM District 1,Electric Scooter,2025-03-10,2025-03-10 04:00:00,4,32,5,0
3727,HCM District 1,Bike,2025-09-11,2025-09-12 08:00:00,32,640,4,0
3728,Hanoi Center,Car,2025-08-14,2025-08-15 16:00:00,40,480,3,0
3729,HCM District 1,Car,2025-08-05,2025-08-06 13:00:00,37,333,5,0
3730,Hanoi Center,Bike,2025-04-12,2025-04-12 07:00:00,7,63,5,0
3731,Da Nang City,Bike,2025-06-09,2025-06-09 19:00:00,19,342,3,1
3732,Da Nang City,Car,2025-04-03,2025-04-03 17:00:00,17,255,3,0
3733,Da Nang City,Car,2025-05-19,2025-05-21 23:00:00,71,639,2,0
3734,Da Nang City,Bike,2025-10-23,2025-10-24 08:00:00,32,640,3,0
3735,Hanoi Center,Bike,2025-01-14,2025-01-15 01:00:00,25,125,3,1
3736,HCM District 1,Bike,2025-03-15,2025-03-16 08:00:00,32,576,4,1
3737,Hanoi Center,Car,2025-05-05,2025-05-07 07:00:00,55,440,4,1
3738,HCM District 1,Car,2025-10-11,2025-10-13 08:00:00,56,504,1,0
3739,HCM District 1,Electric Scooter,2025-01-26,2025-01-28 20:00:00,68,408,2,0
3740,HCM District 1,Car,2025-08-28,2025-08-28 13:00:00,13,195,5,0
3741,Hanoi Center,Bike,2025-01-09,2025-01-10 23:00:00,47,235,1,0
3742,HCM District 1,Electric Scooter,2025-04-09,2025-04-10 09:00:00,33,627,3,1
3743,Da Nang City,Bike,2025-09-05,2025-09-06 05:00:00,29,232,2,1
3744,Da Nang City,Bike,2025-04-01,2025-04-03 09:00:00,57,855,5,0
3745,Da Nang City,Bike,2025-08-14,2025-08-16 21:00:00,69,1104,4,0
3746,Hanoi Center,Bike,2025-02-26,2025-02-27 02:00:00,26,416,5,1
3747,Hanoi Center,Car,2025-09-15,2025-09-16 03:00:00,27,162,2,1
3748,Hanoi Center,Bike,2025-07-10,2025-07-10 18:00:00,18,324,4,1
3749,HCM District 1,Car,2025-10-13,2025-10-13 03:00:00,3,51,5,1
3750,Hanoi Center,Car,2025-06-10,2025-06-11 16:00:00,40,520,1,0
3751,Da Nang City,Car,2025-03-04,2025-03-06 11:00:00,59,1180,1,0
3752,HCM District 1,Car,2025-03-22,2025-03-24 06:00:00,54,324,3,1
3753,Da Nang City,Electric Scooter,2025-01-04,2025-01-04 20:00:00,20,100,5,0
3754,Hanoi Center,Electric Scooter,2025-10-05,2025-10-05 13:00:00,13,65,4,1
3755,Hanoi Center,Bike,2025-08-31,2025-09-02 21:00:00,69,897,1,1
3756,Hanoi Center,Electric Scooter,2025-02-05,2025-02-05 11:00:00,11,110,5,0
3757,HCM District 1,Bike,2025-09-12,2025-09-12 04:00:00,4,56,4,0
3758,Da Nang City,Car,2025-08-29,2025-08-30 21:00:00,45,585,1,0
3759,Hanoi Center,Car,2025-03-09,2025-03-11 02:00:00,50,950,1,0
3760,HCM District 1,Electric Scooter,2025-02-28,2025-02-28 10:00:00,10,160,3,0
3761,HCM District 1,Car,2025-08-26,2025-08-28 00:00:00,48,720,5,0
3762,Hanoi Center,Car,2025-10-11,2025-10-11 03:00:00,3,15,5,0
3763,Hanoi Center,Car,2025-08-26,2025-08-27 06:00:00,30,540,2,1
3764,Da Nang City,Car,2025-10-06,2025-10-07 22:00:00,46,506,3,1
3765,Hanoi Center,Car,2025-03-25,2025-03-27 23:00:00,71,710,3,1
3766,Da Nang City,Electric Scooter,2025-10-17,2025-10-18 14:00:00,38,684,5,1
3767,Hanoi Center,Bike,2025-06-26,2025-06-26 02:00:00,2,16,1,0
3768,Da Nang City,Bike,2025-10-17,2025-10-19 10:00:00,58,406,3,0
3769,Da Nang City,Bike,2025-08-26,2025-08-26 05:00:00,5,100,4,1
3770,Hanoi Center,Bike,2025-06-26,2025-06-28 23:00:00,71,568,2,0
3771,Da Nang City,Electric Scooter,2025-10-06,2025-10-07 15:00:00,39,273,4,0
3772,HCM District 1,Car,2025-05-19,2025-05-19 16:00:00,16,304,2,1
3773,HCM District 1,Bike,2025-08-24,2025-08-24 14:00:00,14,182,4,0
3774,Hanoi Center,Electric Scooter,2025-06-17,2025-06-18 20:00:00,44,352,3,0
3775,Da Nang City,Electric Scooter,2025-08-16,2025-08-17 02:00:00,26,182,1,1
3776,Hanoi Center,Car,2025-09-26,2025-09-28 23:00:00,71,1420,3,1
3777,Da Nang City,Bike,2025-04-10,2025-04-10 20:00:00,20,220,1,0
3778,Hanoi Center,Car,2025-06-16,2025-06-18 07:00:00,55,605,4,0
3779,Da Nang City,Bike,2025-05-19,2025-05-19 07:00:00,7,105,2,0
3780,Da Nang City,Bike,2025-04-23,2025-04-25 02:00:00,50,650,4,1
3781,HCM District 1,Car,2025-08-09,2025-08-09 04:00:00,4,48,1,0
3782,Hanoi Center,Car,2025-01-04,2025-01-04 12:00:00,12,204,1,1
3783,Hanoi Center,Bike,2025-05-03,2025-05-04 23:00:00,47,705,4,0
3784,Hanoi Center,Electric Scooter,2025-03-14,2025-03-15 10:00:00,34,442,3,1
3785,Hanoi Center,Car,2025-09-23,2025-09-24 02:00:00,26,208,2,1
3786,HCM District 1,Bike,2025-10-21,2025-10-23 02:00:00,50,1000,5,0
3787,Da Nang City,Car,2025-08-21,2025-08-23 15:00:00,63,1197,3,0
3788,Da Nang City,Car,2025-08-14,2025-08-14 12:00:00,12,120,1,1
3789,Hanoi Center,Car,2025-03-05,2025-03-06 12:00:00,36,432,4,0
3790,Hanoi Center,Bike,2025-06-18,2025-06-18 18:00:00,18,198,4,0
3791,Hanoi Center,Car,2025-08-17,2025-08-19 00:00:00,48,480,3,1
3792,Hanoi Center,Bike,2025-05-25,2025-05-25 12:00:00,12,144,5,0
3793,Hanoi Center,Bike,2025-01-22,2025-01-22 18:00:00,18,324,1,0
3794,Da Nang City,Bike,2025-01-11,2025-01-11 15:00:00,15,165,5,1
3795,HCM District 1,Bike,2025-07-09,2025-07-09 12:00:00,12,108,5,1
3796,Hanoi Center,Electric Scooter,2025-01-25,2025-01-27 06:00:00,54,378,3,1
3797,Hanoi Center,Electric Scooter,2025-08-01,2025-08-01 02:00:00,2,28,5,0
3798,Da Nang City,Electric Scooter,2025-05-02,2025-05-02 17:00:00,17,85,3,0
3799,Da Nang City,Electric Scooter,2025-04-17,2025-04-19 05:00:00,53,1007,4,1
3800,Da Nang City,Electric Scooter,2025-05-19,2025-05-19 02:00:00,2,28,1,1
3801,HCM District 1,Electric Scooter,2025-07-16,2025-07-17 18:00:00,42,588,1,1
3802,Hanoi Center,Car,2025-04-08,2025-04-08 06:00:00,6,108,4,0
3803,Da Nang City,Bike,2025-06-16,2025-06-17 19:00:00,43,387,4,1
3804,HCM District 1,Electric Scooter,2025-04-03,2025-04-04 09:00:00,33,528,4,1
3805,Da Nang City,Car,2025-06-06,2025-06-07 21:00:00,45,405,4,1
3806,Hanoi Center,Electric Scooter,2025-06-03,2025-06-05 06:00:00,54,1026,2,0
3807,HCM District 1,Electric Scooter,2025-10-12,2025-10-14 04:00:00,52,364,1,1
3808,Hanoi Center,Electric Scooter,2025-07-10,2025-07-10 18:00:00,18,288,5,1
3809,HCM District 1,Car,2025-05-14,2025-05-15 10:00:00,34,306,2,1
3810,HCM District 1,Electric Scooter,2025-04-24,2025-04-24 11:00:00,11,187,5,1
3811,Da Nang City,Electric Scooter,2025-02-12,2025-02-14 17:00:00,65,1235,5,1
3812,HCM District 1,Bike,2025-07-02,2025-07-04 14:00:00,62,310,1,0
3813,HCM District 1,Bike,2025-09-18,2025-09-18 04:00:00,4,64,3,1
3814,Da Nang City,Bike,2025-07-02,2025-07-02 09:00:00,9,135,2,1
3815,HCM District 1,Car,2025-02-23,2025-02-24 16:00:00,40,560,2,0
3816,Hanoi Center,Car,2025-08-27,2025-08-27 11:00:00,11,132,5,1
3817,Da Nang City,Bike,2025-07-10,2025-07-10 05:00:00,5,80,2,1
3818,Hanoi Center,Electric Scooter,2025-02-07,2025-02-07 11:00:00,11,121,4,1
3819,Hanoi Center,Electric Scooter,2025-02-11,2025-02-11 21:00:00,21,147,3,1
3820,Da Nang City,Bike,2025-07-10,2025-07-12 11:00:00,59,472,4,0
3821,Hanoi Center,Car,2025-04-06,2025-04-07 23:00:00,47,752,3,0
3822,Hanoi Center,Car,2025-09-17,2025-09-19 07:00:00,55,660,1,0
3823,HCM District 1,Car,2025-09-12,2025-09-14 15:00:00,63,567,4,0
3824,Da Nang City,Car,2025-06-18,2025-06-19 21:00:00,45,495,1,0
3825,Da Nang City,Bike,2025-09-22,2025-09-23 09:00:00,33,363,5,0
3826,Da Nang City,Car,2025-10-07,2025-10-08 20:00:00,44,352,2,1
3827,Hanoi Center,Electric Scooter,2025-10-13,2025-10-13 05:00:00,5,75,5,1
3828,Hanoi Center,Bike,2025-07-23,2025-07-25 08:00:00,56,1008,5,0
3829,Da Nang City,Bike,2025-08-15,2025-08-15 17:00:00,17,102,2,0
3830,Hanoi Center,Bike,2025-04-10,2025-04-12 18:00:00,66,726,4,1
3831,Hanoi Center,Car,2025-02-24,2025-02-26 08:00:00,56,1008,4,0
3832,Da Nang City,Car,2025-03-21,2025-03-23 15:00:00,63,882,5,1
3833,Hanoi Center,Bike,2025-10-22,2025-10-22 08:00:00,8,40,2,1
3834,HCM District 1,Car,2025-05-17,2025-05-17 04:00:00,4,72,4,1
3835,Hanoi Center,Bike,2025-01-30,2025-02-01 06:00:00,54,432,4,1
3836,Hanoi Center,Car,2025-04-06,2025-04-06 06:00:00,6,72,4,1
3837,Hanoi Center,Bike,2025-02-03,2025-02-03 01:00:00,1,16,3,1
3838,Da Nang City,Bike,2025-10-20,2025-10-21 06:00:00,30,150,1,0
3839,Da Nang City,Electric Scooter,2025-09-07,2025-09-08 03:00:00,27,459,4,0
3840,Da Nang City,Bike,2025-03-23,2025-03-24 18:00:00,42,210,1,0
3841,Da Nang City,Car,2025-01-13,2025-01-15 05:00:00,53,848,1,0
3842,Da Nang City,Bike,2025-09-10,2025-09-11 13:00:00,37,703,1,0
3843,Da Nang City,Bike,2025-02-15,2025-02-17 20:00:00,68,748,3,1
3844,HCM District 1,Car,2025-09-15,2025-09-17 02:00:00,50,550,5,0
3845,Hanoi Center,Electric Scooter,2025-10-12,2025-10-12 04:00:00,4,40,5,0
3846,HCM District 1,Car,2025-08-11,2025-08-13 05:00:00,53,636,3,1
3847,Da Nang City,Electric Scooter,2025-08-08,2025-08-09 08:00:00,32,576,4,1
3848,Da Nang City,Electric Scooter,2025-05-13,2025-05-14 21:00:00,45,810,2,1
3849,HCM District 1,Bike,2025-04-18,2025-04-18 22:00:00,22,154,4,1
3850,Da Nang City,Car,2025-06-30,2025-07-01 19:00:00,43,817,3,1
3851,HCM District 1,Electric Scooter,2025-02-10,2025-02-11 10:00:00,34,578,2,1
3852,Hanoi Center,Bike,2025-07-21,2025-07-22 21:00:00,45,315,3,0
3853,HCM District 1,Car,2025-05-16,2025-05-18 11:00:00,59,472,2,1
3854,HCM District 1,Electric Scooter,2025-03-02,2025-03-04 22:00:00,70,1330,4,1
3855,HCM District 1,Car,2025-04-10,2025-04-12 20:00:00,68,1224,4,0
3856,HCM District 1,Electric Scooter,2025-05-14,2025-05-16 23:00:00,71,426,2,0
3857,Hanoi Center,Bike,2025-06-23,2025-06-23 22:00:00,22,132,2,0
3858,Da Nang City,Car,2025-10-17,2025-10-18 05:00:00,29,551,3,1
3859,HCM District 1,Electric Scooter,2025-04-01,2025-04-02 23:00:00,47,282,2,0
3860,Hanoi Center,Bike,2025-07-09,2025-07-09 17:00:00,17,136,5,0
3861,HCM District 1,Car,2025-01-28,2025-01-29 03:00:00,27,378,4,0
3862,Da Nang City,Bike,2025-08-13,2025-08-15 12:00:00,60,360,2,0
3863,Da Nang City,Electric Scooter,2025-07-05,2025-07-08 00:00:00,72,720,3,1
3864,Da Nang City,Bike,2025-04-21,2025-04-22 04:00:00,28,504,2,0
3865,Hanoi Center,Car,2025-01-17,2025-01-18 14:00:00,38,722,2,1
3866,Da Nang City,Car,2025-07-19,2025-07-21 13:00:00,61,1220,2,1
3867,Hanoi Center,Car,2025-03-26,2025-03-26 11:00:00,11,176,2,1
3868,Hanoi Center,Car,2025-09-30,2025-10-02 20:00:00,68,1292,2,0
3869,Da Nang City,Electric Scooter,2025-03-05,2025-03-05 11:00:00,11,198,3,0
3870,Da Nang City,Bike,2025-08-25,2025-08-26 00:00:00,24,144,4,1
3871,Da Nang City,Bike,2025-04-21,2025-04-23 01:00:00,49,588,5,0
3872,Da Nang City,Electric Scooter,2025-07-20,2025-07-21 05:00:00,29,319,4,0
3873,HCM District 1,Bike,2025-09-29,2025-09-30 17:00:00,41,615,5,1
3874,Da Nang City,Car,2025-06-18,2025-06-18 11:00:00,11,176,1,1
3875,Hanoi Center,Electric Scooter,2025-03-13,2025-03-15 00:00:00,48,432,5,1
3876,Da Nang City,Car,2025-06-02,2025-06-04 15:00:00,63,1197,5,1
3877,Hanoi Center,Bike,2025-05-10,2025-05-11 17:00:00,41,410,2,0
3878,Hanoi Center,Electric Scooter,2025-10-09,2025-10-10 22:00:00,46,782,5,1
3879,HCM District 1,Car,2025-02-01,2025-02-03 06:00:00,54,756,5,0
3880,Hanoi Center,Bike,2025-05-20,2025-05-20 23:00:00,23,368,3,1
3881,Da Nang City,Electric Scooter,2025-05-28,2025-05-29 02:00:00,26,520,2,0
3882,Hanoi Center,Bike,2025-03-17,2025-03-17 07:00:00,7,42,3,0
3883,Da Nang City,Car,2025-06-30,2025-07-02 04:00:00,52,832,5,1
3884,Hanoi Center,Electric Scooter,2025-02-26,2025-02-27 15:00:00,39,390,3,1
3885,Da Nang City,Car,2025-01-06,2025-01-06 01:00:00,1,12,3,0
3886,Da Nang City,Electric Scooter,2025-08-13,2025-08-14 07:00:00,31,527,5,0
3887,HCM District 1,Bike,2025-04-30,2025-05-02 08:00:00,56,560,5,1
3888,Da Nang City,Car,2025-01-10,2025-01-11 00:00:00,24,456,4,0
3889,Da Nang City,Car,2025-04-12,2025-04-14 07:00:00,55,385,4,0
3890,Da Nang City,Electric Scooter,2025-02-06,2025-02-08 15:00:00,63,1260,2,0
3891,Hanoi Center,Bike,2025-04-20,2025-04-21 10:00:00,34,646,3,0
3892,Da Nang City,Car,2025-03-23,2025-03-25 09:00:00,57,513,1,0
3893,Da Nang City,Car,2025-08-07,2025-08-09 15:00:00,63,1008,2,0
3894,Da Nang City,Bike,2025-10-06,2025-10-08 17:00:00,65,975,2,0
3895,Hanoi Center,Car,2025-05-22,2025-05-22 07:00:00,7,42,5,1
3896,HCM District 1,Bike,2025-01-19,2025-01-20 07:00:00,31,465,2,0
3897,Da Nang City,Electric Scooter,2025-06-03,2025-06-05 14:00:00,62,992,3,1
3898,HCM District 1,Electric Scooter,2025-03-22,2025-03-24 09:00:00,57,741,4,1
3899,Da Nang City,Electric Scooter,2025-05-03,2025-05-04 06:00:00,30,210,1,1
3900,Da Nang City,Car,2025-08-11,2025-08-13 22:00:00,70,1120,2,1
3901,Da Nang City,Electric Scooter,2025-01-16,2025-01-18 04:00:00,52,988,1,1
3902,HCM District 1,Car,2025-03-13,2025-03-14 21:00:00,45,225,5,1
3903,Da Nang City,Electric Scooter,2025-04-25,2025-04-27 04:00:00,52,884,5,1
3904,Da Nang City,Electric Scooter,2025-01-04,2025-01-06 21:00:00,69,1035,4,1
3905,HCM District 1,Bike,2025-02-04,2025-02-06 08:00:00,56,560,2,1
3906,Da Nang City,Electric Scooter,2025-06-01,2025-06-01 08:00:00,8,48,3,1
3907,HCM District 1,Bike,2025-08-13,2025-08-13 20:00:00,20,180,3,0
3908,Hanoi Center,Car,2025-04-09,2025-04-11 21:00:00,69,1173,3,0
3909,Da Nang City,Car,2025-10-08,2025-10-08 14:00:00,14,252,3,0
3910,HCM District 1,Electric Scooter,2025-10-09,2025-10-11 03:00:00,51,459,5,1
3911,HCM District 1,Car,2025-07-11,2025-07-14 00:00:00,72,1440,1,0
3912,HCM District 1,Electric Scooter,2025-07-29,2025-07-30 03:00:00,27,297,1,1
3913,Da Nang City,Electric Scooter,2025-06-15,2025-06-16 04:00:00,28,560,4,0
3914,HCM District 1,Electric Scooter,2025-09-19,2025-09-20 22:00:00,46,736,5,0
3915,HCM District 1,Bike,2025-03-22,2025-03-25 00:00:00,72,936,1,0
3916,Hanoi Center,Electric Scooter,2025-01-10,2025-01-11 07:00:00,31,155,3,1
3917,Hanoi Center,Electric Scooter,2025-09-30,2025-10-01 04:00:00,28,252,2,0
3918,Hanoi Center,Bike,2025-01-07,2025-01-07 16:00:00,16,320,5,0
3919,Hanoi Center,Electric Scooter,2025-10-05,2025-10-06 02:00:00,26,364,3,1
3920,Hanoi Center,Car,2025-04-06,2025-04-06 17:00:00,17,136,3,0
3921,Da Nang City,Electric Scooter,2025-07-13,2025-07-15 18:00:00,66,330,2,1
3922,Da Nang City,Electric Scooter,2025-08-24,2025-08-26 06:00:00,54,378,4,1
3923,Da Nang City,Electric Scooter,2025-07-13,2025-07-14 07:00:00,31,279,1,0
3924,Hanoi Center,Car,2025-10-19,2025-10-19 17:00:00,17,187,2,1
3925,Hanoi Center,Bike,2025-03-14,2025-03-15 04:00:00,28,504,2,0
3926,Hanoi Center,Car,2025-02-27,2025-02-28 13:00:00,37,259,2,1
3927,Hanoi Center,Car,2025-01-26,2025-01-26 16:00:00,16,208,5,1
3928,Hanoi Center,Electric Scooter,2025-10-14,2025-10-16 06:00:00,54,864,2,0
3929,Hanoi Center,Electric Scooter,2025-04-14,2025-04-16 14:00:00,62,744,4,0
3930,Hanoi Center,Car,2025-04-27,2025-04-28 13:00:00,37,666,1,0
3931,Hanoi Center,Car,2025-09-20,2025-09-20 01:00:00,1,12,3,1
3932,HCM District 1,Electric Scooter,2025-04-20,2025-04-20 12:00:00,12,204,1,0
3933,HCM District 1,Bike,2025-06-28,2025-06-28 19:00:00,19,342,4,0
3934,HCM District 1,Car,2025-06-20,2025-06-20 20:00:00,20,260,3,0
3935,HCM District 1,Electric Scooter,2025-06-22,2025-06-22 17:00:00,17,187,3,0
3936,HCM District 1,Electric Scooter,2025-01-30,2025-02-01 15:00:00,63,1008,3,1
3937,HCM District 1,Electric Scooter,2025-05-10,2025-05-11 21:00:00,45,225,3,0
3938,Da Nang City,Electric Scooter,2025-05-26,2025-05-26 06:00:00,6,114,1,0
3939,HCM District 1,Electric Scooter,2025-08-09,2025-08-09 07:00:00,7,105,2,0
3940,Da Nang City,Electric Scooter,2025-02-17,2025-02-17 18:00:00,18,342,1,1
3941,HCM District 1,Electric Scooter,2025-04-25,2025-04-27 09:00:00,57,798,3,0
3942,Da Nang City,Car,2025-07-29,2025-07-29 21:00:00,21,231,3,0
3943,Da Nang City,Car,2025-04-29,2025-04-29 14:00:00,14,182,2,1
3944,Da Nang City,Car,2025-08-01,2025-08-03 08:00:00,56,336,5,0
3945,HCM District 1,Bike,2025-06-17,2025-06-18 16:00:00,40,480,4,1
3946,HCM District 1,Car,2025-03-28,2025-03-30 20:00:00,68,680,4,1
3947,Hanoi Center,Electric Scooter,2025-04-05,2025-04-06 00:00:00,24,288,1,0
3948,Hanoi Center,Car,2025-01-15,2025-01-17 02:00:00,50,550,5,0
3949,HCM District 1,Car,2025-07-09,2025-07-11 11:00:00,59,1062,2,1
3950,Da Nang City,Bike,2025-07-14,2025-07-14 15:00:00,15,195,4,0
3951,HCM District 1,Car,2025-02-20,2025-02-21 00:00:00,24,144,1,0
3952,HCM District 1,Electric Scooter,2025-07-24,2025-07-24 13:00:00,13,208,2,0
3953,Hanoi Center,Bike,2025-10-15,2025-10-16 21:00:00,45,675,1,0
3954,Hanoi Center,Electric Scooter,2025-08-08,2025-08-08 14:00:00,14,98,4,0
3955,HCM District 1,Electric Scooter,2025-08-25,2025-08-26 19:00:00,43,559,2,0
3956,HCM District 1,Car,2025-03-17,2025-03-19 22:00:00,70,1120,4,0
3957,Da Nang City,Electric Scooter,2025-06-14,2025-06-16 02:00:00,50,700,3,0
3958,HCM District 1,Car,2025-02-03,2025-02-03 12:00:00,12,216,2,0
3959,Da Nang City,Bike,2025-04-12,2025-04-12 15:00:00,15,120,5,0
3960,Hanoi Center,Electric Scooter,2025-10-19,2025-10-21 09:00:00,57,627,2,1
3961,Da Nang City,Electric Scooter,2025-03-08,2025-03-08 08:00:00,8,112,3,0
3962,Hanoi Center,Car,2025-02-24,2025-02-26 08:00:00,56,840,2,0
3963,Da Nang City,Car,2025-08-31,2025-09-02 16:00:00,64,704,5,0
3964,Hanoi Center,Bike,2025-07-29,2025-07-31 23:00:00,71,568,2,1
3965,Hanoi Center,Bike,2025-01-21,2025-01-23 06:00:00,54,1080,3,1
3966,Da Nang City,Bike,2025-07-04,2025-07-05 20:00:00,44,220,5,0
3967,Hanoi Center,Bike,2025-10-03,2025-10-03 14:00:00,14,70,1,0
3968,Da Nang City,Car,2025-07-28,2025-07-28 05:00:00,5,100,1,0
3969,Hanoi Center,Electric Scooter,2025-05-21,2025-05-22 18:00:00,42,798,1,0
3970,HCM District 1,Bike,2025-07-21,2025-07-21 05:00:00,5,85,5,1
3971,Hanoi Center,Electric Scooter,2025-05-08,2025-05-10 19:00:00,67,804,1,1
3972,Da Nang City,Bike,2025-09-29,2025-10-01 03:00:00,51,765,1,0
3973,HCM District 1,Bike,2025-03-01,2025-03-01 20:00:00,20,160,2,0
3974,HCM District 1,Electric Scooter,2025-03-07,2025-03-09 20:00:00,68,748,5,1
3975,HCM District 1,Car,2025-05-27,2025-05-27 23:00:00,23,115,3,0
3976,Hanoi Center,Car,2025-01-03,2025-01-05 03:00:00,51,918,2,0
3977,Da Nang City,Electric Scooter,2025-09-08,2025-09-09 14:00:00,38,722,4,0
3978,HCM District 1,Bike,2025-09-08,2025-09-10 22:00:00,70,910,5,1
3979,Hanoi Center,Car,2025-06-01,2025-06-01 12:00:00,12,216,5,0
3980,HCM District 1,Car,2025-09-19,2025-09-20 23:00:00,47,611,5,0
3981,Da Nang City,Bike,2025-06-02,2025-06-04 15:00:00,63,756,5,1
3982,HCM District 1,Bike,2025-04-17,2025-04-17 06:00:00,6,78,5,1
3983,Da Nang City,Electric Scooter,2025-07-26,2025-07-28 12:00:00,60,840,4,1
3984,Hanoi Center,Bike,2025-09-04,2025-09-04 19:00:00,19,95,2,1
3985,HCM District 1,Electric Scooter,2025-06-08,2025-06-08 05:00:00,5,70,1,1
3986,Da Nang City,Electric Scooter,2025-06-27,2025-06-27 09:00:00,9,63,1,1
3987,Da Nang City,Car,2025-01-02,2025-01-02 11:00:00,11,176,2,0
3988,HCM District 1,Electric Scooter,2025-08-27,2025-08-29 14:00:00,62,372,1,1
3989,HCM District 1,Bike,2025-05-15,2025-05-17 05:00:00,53,954,4,1
3990,Da Nang City,Car,2025-01-12,2025-01-13 21:00:00,45,270,5,1
3991,Da Nang City,Bike,2025-07-26,2025-07-27 05:00:00,29,377,5,1
3992,HCM District 1,Electric Scooter,2025-05-14,2025-05-16 08:00:00,56,784,4,1
3993,Hanoi Center,Car,2025-01-29,2025-01-31 02:00:00,50,550,4,1
3994,Da Nang City,Bike,2025-07-09,2025-07-11 01:00:00,49,784,4,1
3995,Hanoi Center,Bike,2025-06-10,2025-06-12 23:00:00,71,568,3,0
3996,Hanoi Center,Bike,2025-05-04,2025-05-04 05:00:00,5,30,1,0
3997,Da Nang City,Bike,2025-04-05,2025-04-06 18:00:00,42,504,3,0
3998,HCM District 1,Electric Scooter,2025-02-19,2025-02-21 11:00:00,59,295,2,1
3999,Hanoi Center,Electric Scooter,2025-03-15,2025-03-17 20:00:00,68,816,1,1
4000,Da Nang City,Electric Scooter,2025-01-02,2025-01-04 17:00:00,65,1235,3,1
4001,HCM District 1,Car,2025-09-20,2025-09-22 12:00:00,60,660,5,1
4002,HCM District 1,Electric Scooter,2025-06-20,2025-06-21 17:00:00,41,328,1,0
4003,Da Nang City,Car,2025-08-13,2025-08-15 21:00:00,69,828,3,1
4004,HCM District 1,Bike,2025-01-04,2025-01-04 10:00:00,10,120,5,1
4005,Da Nang City,Car,2025-03-18,2025-03-20 01:00:00,49,833,5,1
4006,Da Nang City,Car,2025-03-15,2025-03-15 07:00:00,7,112,4,1
4007,HCM District 1,Car,2025-05-09,2025-05-10 16:00:00,40,280,2,0
4008,Hanoi Center,Bike,2025-07-04,2025-07-05 14:00:00,38,722,1,1
4009,Hanoi Center,Car,2025-01-02,2025-01-04 23:00:00,71,1136,5,1
4010,HCM District 1,Electric Scooter,2025-01-03,2025-01-05 13:00:00,61,671,2,1
4011,Hanoi Center,Bike,2025-02-01,2025-02-02 02:00:00,26,338,4,0
4012,HCM District 1,Bike,2025-04-23,2025-04-23 02:00:00,2,24,4,0
4013,HCM District 1,Electric Scooter,2025-06-01,2025-06-03 20:00:00,68,1360,3,0
4014,HCM District 1,Bike,2025-02-24,2025-02-26 08:00:00,56,336,4,1
4015,Hanoi Center,Bike,2025-08-04,2025-08-04 09:00:00,9,144,2,1
4016,HCM District 1,Electric Scooter,2025-05-08,2025-05-09 18:00:00,42,462,4,0
4017,Hanoi Center,Bike,2025-06-28,2025-06-28 05:00:00,5,35,3,1
4018,Da Nang City,Car,2025-03-30,2025-03-31 05:00:00,29,145,2,1
4019,HCM District 1,Car,2025-04-07,2025-04-08 10:00:00,34,442,1,0
4020,Da Nang City,Electric Scooter,2025-02-26,2025-02-28 21:00:00,69,1380,3,0
4021,HCM District 1,Electric Scooter,2025-01-22,2025-01-23 08:00:00,32,352,1,0
4022,HCM District 1,Bike,2025-04-10,2025-04-12 12:00:00,60,360,5,0
4023,HCM District 1,Car,2025-03-16,2025-03-16 06:00:00,6,90,5,0
4024,HCM District 1,Bike,2025-05-07,2025-05-08 13:00:00,37,740,4,0
4025,Da Nang City,Bike,2025-03-03,2025-03-05 15:00:00,63,693,2,0
4026,HCM District 1,Bike,2025-01-18,2025-01-19 11:00:00,35,630,4,1
4027,HCM District 1,Bike,2025-03-06,2025-03-07 00:00:00,24,192,2,0
4028,HCM District 1,Car,2025-07-29,2025-07-30 08:00:00,32,224,1,0
4029,Da Nang City,Bike,2025-09-11,2025-09-12 22:00:00,46,460,2,0
4030,Da Nang City,Electric Scooter,2025-07-21,2025-07-21 21:00:00,21,168,3,1
4031,Hanoi Center,Car,2025-09-17,2025-09-17 14:00:00,14,154,3,1
4032,Da Nang City,Car,2025-02-10,2025-02-10 20:00:00,20,300,1,1
4033,Hanoi Center,Electric Scooter,2025-10-16,2025-10-17 15:00:00,39,507,2,0
4034,Da Nang City,Bike,2025-07-16,2025-07-17 05:00:00,29,174,5,0
4035,Da Nang City,Electric Scooter,2025-07-07,2025-07-07 13:00:00,13,260,4,1
4036,HCM District 1,Car,2025-05-30,2025-05-30 14:00:00,14,252,3,0
4037,HCM District 1,Car,2025-05-20,2025-05-20 12:00:00,12,180,4,1
4038,HCM District 1,Car,2025-07-18,2025-07-18 03:00:00,3,33,4,0
4039,HCM District 1,Bike,2025-03-08,2025-03-08 23:00:00,23,322,3,1
4040,HCM District 1,Electric Scooter,2025-07-26,2025-07-27 14:00:00,38,608,2,0
4041,Da Nang City,Bike,2025-07-11,2025-07-14 00:00:00,72,864,1,1
4042,Da Nang City,Bike,2025-10-12,2025-10-13 22:00:00,46,506,5,0
4043,Hanoi Center,Electric Scooter,2025-10-18,2025-10-20 13:00:00,61,1159,4,0
4044,Hanoi Center,Electric Scooter,2025-04-28,2025-04-29 09:00:00,33,297,5,0
4045,HCM District 1,Car,2025-05-31,2025-06-01 22:00:00,46,506,4,0
4046,Da Nang City,Electric Scooter,2025-08-15,2025-08-15 10:00:00,10,60,3,1
4047,Da Nang City,Electric Scooter,2025-04-06,2025-04-08 04:00:00,52,988,2,0
4048,HCM District 1,Car,2025-07-21,2025-07-23 16:00:00,64,1152,3,0
4049,HCM District 1,Car,2025-08-12,2025-08-14 14:00:00,62,744,1,1
4050,HCM District 1,Bike,2025-01-03,2025-01-03 01:00:00,1,19,2,0
4051,HCM District 1,Electric Scooter,2025-03-01,2025-03-02 03:00:00,27,405,1,1
4052,HCM District 1,Car,2025-07-12,2025-07-13 09:00:00,33,495,2,1
4053,Da Nang City,Bike,2025-09-28,2025-09-30 01:00:00,49,343,1,0
4054,Hanoi Center,Car,2025-09-24,2025-09-24 14:00:00,14,252,4,1
4055,Hanoi Center,Electric Scooter,2025-05-02,2025-05-03 07:00:00,31,620,4,0
4056,HCM District 1,Electric Scooter,2025-10-21,2025-10-23 09:00:00,57,399,1,0
4057,Da Nang City,Electric Scooter,2025-04-26,2025-04-26 05:00:00,5,65,1,0
4058,Hanoi Center,Electric Scooter,2025-09-12,2025-09-13 12:00:00,36,612,1,1
4059,Da Nang City,Car,2025-05-04,2025-05-06 06:00:00,54,648,1,1
4060,Da Nang City,Car,2025-08-03,2025-08-04 19:00:00,43,860,5,1
4061,Hanoi Center,Car,2025-05-17,2025-05-18 03:00:00,27,432,1,1
4062,Hanoi Center,Car,2025-07-06,2025-07-08 07:00:00,55,495,3,0
4063,Da Nang City,Electric Scooter,2025-10-04,2025-10-04 05:00:00,5,40,3,0
4064,Hanoi Center,Car,2025-04-19,2025-04-20 07:00:00,31,217,1,1
4065,Da Nang City,Car,2025-05-18,2025-05-19 08:00:00,32,288,1,0
4066,Hanoi Center,Bike,2025-06-23,2025-06-23 20:00:00,20,340,3,1
4067,Hanoi Center,Bike,2025-08-01,2025-08-03 02:00:00,50,650,2,1
4068,HCM District 1,Bike,2025-01-09,2025-01-09 04:00:00,4,20,1,0
4069,HCM District 1,Bike,2025-02-09,2025-02-10 00:00:00,24,336,5,1
4070,Hanoi Center,Car,2025-06-12,2025-06-13 16:00:00,40,280,5,1
4071,Hanoi Center,Electric Scooter,2025-08-23,2025-08-25 07:00:00,55,1045,5,1
4072,HCM District 1,Bike,2025-04-25,2025-04-25 19:00:00,19,133,1,1
4073,Hanoi Center,Electric Scooter,2025-04-21,2025-04-22 06:00:00,30,420,1,0
4074,Hanoi Center,Bike,2025-06-26,2025-06-27 17:00:00,41,492,3,0
4075,Da Nang City,Electric Scooter,2025-06-09,2025-06-11 23:00:00,71,994,4,1
4076,Hanoi Center,Bike,2025-06-12,2025-06-14 04:00:00,52,780,2,1
4077,Hanoi Center,Electric Scooter,2025-10-01,2025-10-01 01:00:00,1,15,2,0
4078,Hanoi Center,Bike,2025-08-21,2025-08-22 08:00:00,32,576,5,0
4079,Hanoi Center,Bike,2025-02-08,2025-02-09 10:00:00,34,680,4,1
4080,Da Nang City,Car,2025-08-27,2025-08-28 17:00:00,41,574,4,1
4081,HCM District 1,Electric Scooter,2025-09-02,2025-09-04 05:00:00,53,954,3,0
4082,Hanoi Center,Car,2025-03-16,2025-03-17 15:00:00,39,351,4,0
4083,Hanoi Center,Bike,2025-03-09,2025-03-11 14:00:00,62,1240,1,1
4084,Da Nang City,Electric Scooter,2025-08-31,2025-08-31 02:00:00,2,14,1,1
4085,Hanoi Center,Bike,2025-09-06,2025-09-08 11:00:00,59,531,3,0
4086,Hanoi Center,Car,2025-02-12,2025-02-13 12:00:00,36,288,1,0
4087,Da Nang City,Bike,2025-07-30,2025-07-31 14:00:00,38,532,4,1
4088,Hanoi Center,Bike,2025-09-07,2025-09-09 03:00:00,51,612,4,1
4089,Hanoi Center,Electric Scooter,2025-06-07,2025-06-07 10:00:00,10,90,5,0
4090,HCM District 1,Car,2025-08-07,2025-08-07 07:00:00,7,84,1,1
4091,Da Nang City,Electric Scooter,2025-09-15,2025-09-16 21:00:00,45,855,1,1
4092,Da Nang City,Car,2025-06-17,2025-06-17 22:00:00,22,308,3,1
4093,HCM District 1,Bike,2025-04-10,2025-04-12 04:00:00,52,676,4,0
4094,Hanoi Center,Electric Scooter,2025-08-19,2025-08-21 10:00:00,58,522,2,1
4095,HCM District 1,Bike,2025-09-13,2025-09-13 14:00:00,14,112,4,1
4096,HCM District 1,Bike,2025-05-13,2025-05-13 01:00:00,1,17,1,1
4097,Da Nang City,Electric Scooter,2025-09-09,2025-09-10 16:00:00,40,480,3,1
4098,HCM District 1,Electric Scooter,2025-06-13,2025-06-14 09:00:00,33,594,5,0
4099,HCM District 1,Bike,2025-01-05,2025-01-06 04:00:00,28,420,5,1
4100,HCM District 1,Car,2025-06-26,2025-06-28 14:00:00,62,744,5,1
4101,Hanoi Center,Bike,2025-10-09,2025-10-10 07:00:00,31,558,5,1
4102,Da Nang City,Electric Scooter,2025-10-21,2025-10-22 19:00:00,43,774,1,1
4103,Da Nang City,Car,2025-03-15,2025-03-17 18:00:00,66,858,5,0
4104,Da Nang City,Bike,2025-03-28,2025-03-28 09:00:00,9,117,1,0
4105,Da Nang City,Car,2025-03-01,2025-03-01 03:00:00,3,18,2,1
4106,Da Nang City,Electric Scooter,2025-01-25,2025-01-26 13:00:00,37,666,5,1
4107,HCM District 1,Bike,2025-08-21,2025-08-22 05:00:00,29,232,2,0
4108,Hanoi Center,Electric Scooter,2025-10-27,2025-10-29 06:00:00,54,540,1,1
4109,Da Nang City,Car,2025-04-03,2025-04-04 07:00:00,31,558,1,1
4110,Hanoi Center,Electric Scooter,2025-02-28,2025-02-28 03:00:00,3,42,2,0
4111,Hanoi Center,Bike,2025-07-15,2025-07-16 07:00:00,31,620,4,0
4112,Da Nang City,Car,2025-07-05,2025-07-07 09:00:00,57,1083,5,1
4113,Da Nang City,Electric Scooter,2025-08-31,2025-08-31 10:00:00,10,180,2,1
4114,HCM District 1,Bike,2025-05-28,2025-05-28 22:00:00,22,198,3,1
4115,Hanoi Center,Electric Scooter,2025-04-02,2025-04-02 19:00:00,19,190,5,0
4116,Da Nang City,Electric Scooter,2025-04-11,2025-04-12 05:00:00,29,435,1,1
4117,HCM District 1,Bike,2025-04-20,2025-04-22 21:00:00,69,1311,3,1
4118,Hanoi Center,Bike,2025-04-20,2025-04-21 04:00:00,28,532,5,0
4119,Da Nang City,Car,2025-05-29,2025-05-29 09:00:00,9,117,5,0
4120,Hanoi Center,Electric Scooter,2025-03-03,2025-03-03 13:00:00,13,260,2,0
4121,Da Nang City,Car,2025-01-22,2025-01-23 12:00:00,36,432,3,1
4122,Hanoi Center,Electric Scooter,2025-04-07,2025-04-07 12:00:00,12,168,1,1
4123,Hanoi Center,Electric Scooter,2025-10-09,2025-10-10 22:00:00,46,460,4,1
4124,Da Nang City,Electric Scooter,2025-10-11,2025-10-11 11:00:00,11,77,3,0
4125,HCM District 1,Car,2025-03-28,2025-03-28 06:00:00,6,30,5,1
4126,Hanoi Center,Electric Scooter,2025-06-06,2025-06-06 22:00:00,22,198,3,0
4127,Hanoi Center,Bike,2025-03-27,2025-03-28 09:00:00,33,297,5,0
4128,Da Nang City,Bike,2025-08-03,2025-08-05 09:00:00,57,912,5,0
4129,Da Nang City,Electric Scooter,2025-05-05,2025-05-07 02:00:00,50,700,1,1
4130,Da Nang City,Car,2025-08-21,2025-08-21 07:00:00,7,119,5,0
4131,Hanoi Center,Car,2025-08-10,2025-08-12 04:00:00,52,468,5,0
4132,Da Nang City,Bike,2025-03-25,2025-03-25 05:00:00,5,25,4,1
4133,HCM District 1,Bike,2025-04-18,2025-04-19 01:00:00,25,125,1,0
4134,HCM District 1,Car,2025-08-17,2025-08-19 09:00:00,57,342,4,1
4135,HCM District 1,Electric Scooter,2025-04-04,2025-04-06 13:00:00,61,305,1,0
4136,Hanoi Center,Bike,2025-02-07,2025-02-08 04:00:00,28,448,4,1
4137,Hanoi Center,Electric Scooter,2025-05-15,2025-05-17 19:00:00,67,402,3,0
4138,HCM District 1,Car,2025-09-26,2025-09-28 19:00:00,67,1273,4,0
4139,Da Nang City,Bike,2025-10-24,2025-10-25 02:00:00,26,156,3,1
4140,HCM District 1,Car,2025-04-11,2025-04-11 04:00:00,4,20,2,0
4141,Da Nang City,Electric Scooter,2025-08-29,2025-08-29 08:00:00,8,104,1,1
4142,Da Nang City,Bike,2025-01-12,2025-01-13 21:00:00,45,585,5,0
4143,Hanoi Center,Electric Scooter,2025-02-17,2025-02-19 02:00:00,50,900,3,1
4144,HCM District 1,Car,2025-04-01,2025-04-01 06:00:00,6,84,1,0
4145,Hanoi Center,Electric Scooter,2025-10-21,2025-10-21 22:00:00,22,352,2,0
4146,HCM District 1,Electric Scooter,2025-06-24,2025-06-24 05:00:00,5,95,4,1
4147,Hanoi Center,Car,2025-02-13,2025-02-15 11:00:00,59,1121,5,0
4148,Da Nang City,Electric Scooter,2025-02-25,2025-02-26 15:00:00,39,585,4,1
4149,HCM District 1,Electric Scooter,2025-08-03,2025-08-04 12:00:00,36,180,3,0
4150,Da Nang City,Electric Scooter,2025-10-10,2025-10-12 12:00:00,60,420,4,1
4151,Hanoi Center,Electric Scooter,2025-10-15,2025-10-15 16:00:00,16,240,5,1
4152,HCM District 1,Electric Scooter,2025-07-29,2025-07-30 03:00:00,27,405,2,1
4153,HCM District 1,Electric Scooter,2025-03-23,2025-03-25 16:00:00,64,448,5,0
4154,Da Nang City,Electric Scooter,2025-09-23,2025-09-23 22:00:00,22,330,5,1
4155,HCM District 1,Bike,2025-01-25,2025-01-27 03:00:00,51,918,3,0
4156,HCM District 1,Electric Scooter,2025-04-03,2025-04-05 13:00:00,61,549,1,0
4157,Hanoi Center,Electric Scooter,2025-06-19,2025-06-21 10:00:00,58,464,2,1
4158,HCM District 1,Car,2025-05-03,2025-05-03 13:00:00,13,195,1,0
4159,Da Nang City,Car,2025-06-08,2025-06-09 20:00:00,44,264,1,1
4160,HCM District 1,Car,2025-08-29,2025-08-31 16:00:00,64,1152,5,1
4161,Hanoi Center,Bike,2025-08-20,2025-08-21 19:00:00,43,215,2,1
4162,Hanoi Center,Car,2025-07-31,2025-07-31 14:00:00,14,98,2,1
4163,Da Nang City,Electric Scooter,2025-03-27,2025-03-29 01:00:00,49,980,4,0
4164,HCM District 1,Bike,2025-10-28,2025-10-29 19:00:00,43,215,1,0
4165,Da Nang City,Car,2025-10-28,2025-10-29 07:00:00,31,527,3,0
4166,Hanoi Center,Car,2025-04-03,2025-04-05 18:00:00,66,1188,2,0
4167,HCM District 1,Electric Scooter,2025-08-26,2025-08-28 07:00:00,55,1045,4,0
4168,Hanoi Center,Bike,2025-01-05,2025-01-05 21:00:00,21,189,1,0
4169,HCM District 1,Bike,2025-07-09,2025-07-10 23:00:00,47,564,3,0
4170,Da Nang City,Car,2025-03-14,2025-03-14 14:00:00,14,252,3,1
4171,HCM District 1,Electric Scooter,2025-06-12,2025-06-12 09:00:00,9,63,4,0
4172,Da Nang City,Car,2025-10-13,2025-10-13 02:00:00,2,26,4,1
4173,Hanoi Center,Car,2025-01-28,2025-01-30 05:00:00,53,371,2,1
4174,Da Nang City,Bike,2025-06-08,2025-06-09 11:00:00,35,420,2,1
4175,Hanoi Center,Bike,2025-05-17,2025-05-18 10:00:00,34,476,3,1
4176,Da Nang City,Car,2025-04-16,2025-04-17 21:00:00,45,675,3,0
4177,HCM District 1,Bike,2025-08-25,2025-08-26 14:00:00,38,570,4,0
4178,Da Nang City,Car,2025-02-14,2025-02-15 10:00:00,34,646,2,0
4179,HCM District 1,Bike,2025-07-10,2025-07-11 18:00:00,42,756,2,1
4180,HCM District 1,Car,2025-01-03,2025-01-05 16:00:00,64,1216,1,0
4181,Hanoi Center,Bike,2025-08-11,2025-08-12 08:00:00,32,640,3,1
4182,HCM District 1,Car,2025-07-05,2025-07-07 23:00:00,71,568,5,1
4183,HCM District 1,Bike,2025-10-13,2025-10-15 10:00:00,58,290,5,0
4184,Hanoi Center,Car,2025-05-02,2025-05-03 22:00:00,46,828,2,0
4185,HCM District 1,Electric Scooter,2025-09-16,2025-09-17 11:00:00,35,420,3,1
4186,Da Nang City,Bike,2025-04-27,2025-04-30 00:00:00,72,1080,5,0
4187,Hanoi Center,Car,2025-07-23,2025-07-25 11:00:00,59,944,1,0
4188,Hanoi Center,Electric Scooter,2025-05-15,2025-05-16 06:00:00,30,180,1,0
4189,HCM District 1,Car,2025-08-24,2025-08-25 08:00:00,32,160,2,1
4190,Da Nang City,Car,2025-05-12,2025-05-12 18:00:00,18,126,3,1
4191,HCM District 1,Car,2025-03-12,2025-03-13 15:00:00,39,468,4,1
4192,Da Nang City,Car,2025-02-25,2025-02-25 07:00:00,7,112,4,1
4193,Hanoi Center,Car,2025-05-31,2025-06-01 02:00:00,26,260,2,1
4194,Da Nang City,Bike,2025-02-13,2025-02-14 03:00:00,27,189,2,0
4195,HCM District 1,Car,2025-02-03,2025-02-04 11:00:00,35,420,4,1
4196,HCM District 1,Bike,2025-02-23,2025-02-24 21:00:00,45,630,2,0
4197,HCM District 1,Bike,2025-04-14,2025-04-16 01:00:00,49,294,2,1
4198,Hanoi Center,Car,2025-05-13,2025-05-15 10:00:00,58,812,3,0
4199,HCM District 1,Electric Scooter,2025-09-07,2025-09-07 04:00:00,4,32,3,0
4200,Da Nang City,Bike,2025-05-25,2025-05-25 05:00:00,5,50,3,0
4201,Da Nang City,Bike,2025-10-03,2025-10-03 08:00:00,8,96,1,0
4202,Da Nang City,Bike,2025-08-19,2025-08-22 00:00:00,72,1440,5,0
4203,HCM District 1,Bike,2025-06-26,2025-06-27 22:00:00,46,736,5,1
4204,HCM District 1,Bike,2025-04-28,2025-04-30 15:00:00,63,1134,1,1
4205,Da Nang City,Electric Scooter,2025-05-14,2025-05-16 09:00:00,57,456,5,1
4206,Hanoi Center,Car,2025-06-11,2025-06-13 07:00:00,55,770,3,1
4207,HCM District 1,Car,2025-01-22,2025-01-24 04:00:00,52,676,5,1
4208,Hanoi Center,Car,2025-05-17,2025-05-18 03:00:00,27,540,4,1
4209,Hanoi Center,Electric Scooter,2025-02-02,2025-02-02 09:00:00,9,153,3,1
4210,Hanoi Center,Electric Scooter,2025-02-07,2025-02-07 19:00:00,19,152,4,1
4211,Da Nang City,Electric Scooter,2025-01-16,2025-01-16 06:00:00,6,42,2,1
4212,Hanoi Center,Electric Scooter,2025-04-30,2025-05-02 00:00:00,48,960,2,1
4213,HCM District 1,Bike,2025-05-21,2025-05-21 20:00:00,20,380,5,1
4214,Da Nang City,Electric Scooter,2025-04-06,2025-04-08 00:00:00,48,624,4,1
4215,Hanoi Center,Electric Scooter,2025-02-09,2025-02-11 06:00:00,54,702,2,1
4216,Da Nang City,Car,2025-10-20,2025-10-20 22:00:00,22,352,3,1
4217,Da Nang City,Electric Scooter,2025-02-05,2025-02-05 19:00:00,19,266,1,0
4218,Hanoi Center,Car,2025-04-19,2025-04-20 13:00:00,37,333,1,0
4219,Hanoi Center,Bike,2025-09-19,2025-09-19 04:00:00,4,72,1,0
4220,Da Nang City,Electric Scooter,2025-06-28,2025-06-28 06:00:00,6,96,1,0
4221,Hanoi Center,Bike,2025-07-06,2025-07-06 07:00:00,7,119,2,0
4222,HCM District 1,Electric Scooter,2025-03-03,2025-03-05 07:00:00,55,495,4,1
4223,Da Nang City,Bike,2025-06-08,2025-06-08 16:00:00,16,96,4,0
4224,HCM District 1,Electric Scooter,2025-06-06,2025-06-06 20:00:00,20,340,2,0
4225,Hanoi Center,Electric Scooter,2025-02-18,2025-02-20 06:00:00,54,1026,2,0
4226,Hanoi Center,Car,2025-10-26,2025-10-26 15:00:00,15,75,1,0
4227,HCM District 1,Car,2025-06-25,2025-06-26 02:00:00,26,312,3,1
4228,Hanoi Center,Car,2025-08-09,2025-08-09 11:00:00,11,143,5,1
4229,Hanoi Center,Car,2025-05-01,2025-05-03 03:00:00,51,255,1,0
4230,Hanoi Center,Car,2025-03-29,2025-03-30 01:00:00,25,300,4,1
4231,Da Nang City,Bike,2025-02-24,2025-02-25 10:00:00,34,680,4,1
4232,Hanoi Center,Car,2025-08-28,2025-08-28 13:00:00,13,117,5,0
4233,Hanoi Center,Car,2025-02-01,2025-02-02 08:00:00,32,416,2,0
4234,Da Nang City,Bike,2025-02-27,2025-02-28 15:00:00,39,273,2,1
4235,Da Nang City,Electric Scooter,2025-07-03,2025-07-03 06:00:00,6,102,5,0
4236,Hanoi Center,Bike,2025-02-01,2025-02-01 21:00:00,21,420,4,0
4237,Hanoi Center,Car,2025-05-28,2025-05-30 13:00:00,61,793,2,1
4238,HCM District 1,Electric Scooter,2025-10-10,2025-10-10 15:00:00,15,180,3,1
4239,Hanoi Center,Bike,2025-06-11,2025-06-11 22:00:00,22,110,2,0
4240,HCM District 1,Car,2025-10-26,2025-10-29 00:00:00,72,1224,4,0
4241,Hanoi Center,Car,2025-06-05,2025-06-05 18:00:00,18,288,2,0
4242,Hanoi Center,Electric Scooter,2025-03-18,2025-03-20 12:00:00,60,360,5,1
4243,Hanoi Center,Car,2025-03-31,2025-04-01 22:00:00,46,690,1,1
4244,Da Nang City,Bike,2025-03-10,2025-03-12 15:00:00,63,1071,2,0
4245,HCM District 1,Car,2025-04-29,2025-04-30 11:00:00,35,245,4,1
4246,Da Nang City,Car,2025-09-07,2025-09-07 20:00:00,20,260,3,0
4247,Hanoi Center,Car,2025-07-28,2025-07-29 04:00:00,28,392,5,1
4248,Da Nang City,Bike,2025-05-21,2025-05-22 05:00:00,29,290,1,0
4249,HCM District 1,Bike,2025-08-20,2025-08-22 10:00:00,58,986,3,1
4250,Hanoi Center,Electric Scooter,2025-02-11,2025-02-11 15:00:00,15,105,1,1
4251,Da Nang City,Car,2025-09-03,2025-09-04 20:00:00,44,308,3,1
4252,Da Nang City,Bike,2025-03-19,2025-03-21 10:00:00,58,464,5,1
4253,Hanoi Center,Car,2025-05-12,2025-05-14 01:00:00,49,980,2,1
4254,Hanoi Center,Electric Scooter,2025-09-05,2025-09-05 20:00:00,20,260,5,0
4255,Hanoi Center,Bike,2025-02-16,2025-02-18 12:00:00,60,780,4,1
4256,HCM District 1,Bike,2025-05-30,2025-05-31 02:00:00,26,208,3,1
4257,Da Nang City,Bike,2025-05-28,2025-05-29 08:00:00,32,224,4,1
4258,HCM District 1,Car,2025-10-26,2025-10-27 10:00:00,34,204,3,0
4259,HCM District 1,Car,2025-02-27,2025-02-27 07:00:00,7,63,5,0
4260,Da Nang City,Bike,2025-09-22,2025-09-22 20:00:00,20,240,3,1
4261,HCM District 1,Bike,2025-04-12,2025-04-12 07:00:00,7,84,1,1
4262,Da Nang City,Car,2025-05-31,2025-06-01 16:00:00,40,720,3,0
4263,Da Nang City,Electric Scooter,2025-08-22,2025-08-23 16:00:00,40,720,3,0
4264,Da Nang City,Electric Scooter,2025-02-03,2025-02-05 08:00:00,56,560,3,1
4265,Da Nang City,Car,2025-01-23,2025-01-25 12:00:00,60,420,5,1
4266,Da Nang City,Electric Scooter,2025-02-09,2025-02-11 16:00:00,64,1216,4,1
4267,Hanoi Center,Electric Scooter,2025-08-02,2025-08-03 19:00:00,43,301,5,0
4268,Hanoi Center,Electric Scooter,2025-05-23,2025-05-24 23:00:00,47,893,3,0
4269,Da Nang City,Car,2025-08-06,2025-08-07 06:00:00,30,510,4,0
4270,Da Nang City,Bike,2025-05-09,2025-05-10 19:00:00,43,817,2,1
4271,Da Nang City,Car,2025-07-15,2025-07-17 04:00:00,52,780,5,0
4272,Hanoi Center,Bike,2025-01-16,2025-01-16 06:00:00,6,48,3,1
4273,HCM District 1,Car,2025-07-23,2025-07-24 08:00:00,32,352,1,0
4274,HCM District 1,Electric Scooter,2025-07-17,2025-07-17 01:00:00,1,7,4,1
4275,Da Nang City,Bike,2025-04-19,2025-04-21 07:00:00,55,935,2,1
4276,HCM District 1,Car,2025-09-15,2025-09-15 20:00:00,20,100,3,1
4277,HCM District 1,Electric Scooter,2025-10-23,2025-10-25 00:00:00,48,432,3,0
4278,Hanoi Center,Electric Scooter,2025-07-07,2025-07-09 17:00:00,65,1170,5,1
4279,HCM District 1,Bike,2025-03-29,2025-03-29 06:00:00,6,42,3,0
4280,Da Nang City,Bike,2025-08-26,2025-08-29 00:00:00,72,576,4,1
4281,Hanoi Center,Bike,2025-01-19,2025-01-21 00:00:00,48,240,1,0
4282,HCM District 1,Electric Scooter,2025-08-19,2025-08-19 07:00:00,7,119,4,0
4283,Da Nang City,Bike,2025-07-20,2025-07-21 23:00:00,47,423,1,1
4284,HCM District 1,Bike,2025-06-24,2025-06-24 15:00:00,15,240,1,0
4285,Hanoi Center,Car,2025-06-28,2025-06-28 18:00:00,18,198,3,1
4286,HCM District 1,Car,2025-01-23,2025-01-25 05:00:00,53,689,4,0
4287,Da Nang City,Electric Scooter,2025-03-30,2025-03-30 21:00:00,21,378,1,0
4288,Da Nang City,Car,2025-06-29,2025-06-30 20:00:00,44,308,1,0
4289,HCM District 1,Electric Scooter,2025-04-24,2025-04-24 05:00:00,5,55,4,1
4290,Hanoi Center,Bike,2025-04-23,2025-04-25 01:00:00,49,490,1,0
4291,Da Nang City,Bike,2025-05-19,2025-05-20 08:00:00,32,480,1,0
4292,HCM District 1,Bike,2025-02-17,2025-02-17 22:00:00,22,110,5,0
4293,Hanoi Center,Bike,2025-02-18,2025-02-20 01:00:00,49,245,2,0
4294,Hanoi Center,Car,2025-08-15,2025-08-15 02:00:00,2,34,1,1
4295,Da Nang City,Car,2025-05-25,2025-05-25 17:00:00,17,119,5,1
4296,Hanoi Center,Electric Scooter,2025-08-20,2025-08-20 19:00:00,19,304,1,0
4297,Hanoi Center,Car,2025-08-19,2025-08-21 22:00:00,70,490,5,1
4298,Hanoi Center,Car,2025-10-05,2025-10-06 19:00:00,43,688,3,1
4299,Da Nang City,Bike,2025-04-09,2025-04-10 10:00:00,34,170,2,1
4300,HCM District 1,Bike,2025-04-20,2025-04-21 22:00:00,46,644,3,1
4301,Hanoi Center,Electric Scooter,2025-01-19,2025-01-21 16:00:00,64,576,3,1
4302,HCM District 1,Car,2025-07-14,2025-07-15 12:00:00,36,432,4,0
4303,Hanoi Center,Bike,2025-04-05,2025-04-07 13:00:00,61,488,4,1
4304,HCM District 1,Car,2025-09-17,2025-09-19 15:00:00,63,945,3,0
4305,Hanoi Center,Bike,2025-06-07,2025-06-08 10:00:00,34,374,1,1
4306,Da Nang City,Bike,2025-03-22,2025-03-24 20:00:00,68,884,2,0
4307,Da Nang City,Bike,2025-06-06,2025-06-06 15:00:00,15,210,4,1
4308,HCM District 1,Bike,2025-05-15,2025-05-17 17:00:00,65,1170,1,0
4309,HCM District 1,Car,2025-06-25,2025-06-25 05:00:00,5,25,4,0
4310,Da Nang City,Car,2025-01-03,2025-01-04 01:00:00,25,475,4,1
4311,Da Nang City,Car,2025-05-23,2025-05-23 07:00:00,7,49,5,1
4312,HCM District 1,Car,2025-02-13,2025-02-15 11:00:00,59,1180,1,0
4313,Hanoi Center,Electric Scooter,2025-02-11,2025-02-12 03:00:00,27,432,2,0
4314,Da Nang City,Bike,2025-03-03,2025-03-03 09:00:00,9,81,1,0
4315,HCM District 1,Car,2025-10-08,2025-10-10 00:00:00,48,768,3,0
4316,HCM District 1,Car,2025-07-20,2025-07-21 11:00:00,35,490,5,0
4317,Hanoi Center,Bike,2025-06-23,2025-06-23 09:00:00,9,117,5,1
4318,Da Nang City,Car,2025-04-22,2025-04-22 19:00:00,19,228,1,0
4319,HCM District 1,Car,2025-10-26,2025-10-26 13:00:00,13,208,4,0
4320,HCM District 1,Car,2025-04-28,2025-04-29 04:00:00,28,252,2,1
4321,HCM District 1,Car,2025-10-26,2025-10-26 07:00:00,7,49,1,1
4322,Hanoi Center,Car,2025-09-22,2025-09-24 05:00:00,53,1007,5,0
4323,Hanoi Center,Electric Scooter,2025-07-07,2025-07-09 03:00:00,51,459,5,1
4324,Da Nang City,Bike,2025-08-23,2025-08-25 00:00:00,48,960,2,0
4325,Da Nang City,Electric Scooter,2025-04-19,2025-04-20 14:00:00,38,418,5,0
4326,HCM District 1,Bike,2025-01-02,2025-01-02 02:00:00,2,22,3,0
4327,Hanoi Center,Bike,2025-03-21,2025-03-21 02:00:00,2,18,3,0
4328,HCM District 1,Bike,2025-04-16,2025-04-17 16:00:00,40,800,1,1
4329,Hanoi Center,Bike,2025-01-29,2025-01-29 17:00:00,17,221,1,0
4330,Da Nang City,Car,2025-09-29,2025-09-29 17:00:00,17,170,4,1
4331,HCM District 1,Electric Scooter,2025-02-05,2025-02-07 15:00:00,63,693,5,1
4332,Hanoi Center,Electric Scooter,2025-08-29,2025-08-29 21:00:00,21,378,5,0
4333,Hanoi Center,Car,2025-10-01,2025-10-02 14:00:00,38,190,2,0
4334,HCM District 1,Car,2025-10-17,2025-10-18 23:00:00,47,611,3,1
4335,HCM District 1,Electric Scooter,2025-10-28,2025-10-30 11:00:00,59,1003,5,0
4336,Da Nang City,Electric Scooter,2025-05-23,2025-05-24 19:00:00,43,688,4,0
4337,HCM District 1,Car,2025-01-01,2025-01-02 23:00:00,47,329,2,1
4338,Hanoi Center,Electric Scooter,2025-07-05,2025-07-07 09:00:00,57,456,1,0
4339,Da Nang City,Car,2025-09-12,2025-09-14 02:00:00,50,900,5,0
4340,Hanoi Center,Electric Scooter,2025-08-27,2025-08-29 15:00:00,63,756,2,0
4341,Hanoi Center,Car,2025-01-12,2025-01-13 22:00:00,46,828,4,1
4342,Hanoi Center,Car,2025-06-18,2025-06-20 22:00:00,70,490,1,0
4343,Hanoi Center,Car,2025-09-06,2025-09-08 12:00:00,60,1020,5,1
4344,Da Nang City,Car,2025-03-17,2025-03-17 07:00:00,7,105,5,0
4345,Da Nang City,Electric Scooter,2025-08-06,2025-08-07 13:00:00,37,407,4,0
4346,HCM District 1,Car,2025-03-14,2025-03-16 06:00:00,54,486,4,1
4347,Da Nang City,Bike,2025-03-21,2025-03-22 05:00:00,29,290,3,0
4348,Da Nang City,Bike,2025-03-04,2025-03-06 16:00:00,64,320,3,0
4349,Hanoi Center,Car,2025-03-10,2025-03-12 07:00:00,55,330,5,0
4350,Da Nang City,Car,2025-05-02,2025-05-04 06:00:00,54,594,1,0
4351,Hanoi Center,Car,2025-08-17,2025-08-18 11:00:00,35,490,2,0
4352,Da Nang City,Electric Scooter,2025-10-27,2025-10-29 04:00:00,52,364,3,0
4353,Hanoi Center,Electric Scooter,2025-08-08,2025-08-10 13:00:00,61,305,5,1
4354,HCM District 1,Car,2025-01-14,2025-01-15 11:00:00,35,385,3,0
4355,Da Nang City,Electric Scooter,2025-06-25,2025-06-26 00:00:00,24,480,5,1
4356,Hanoi Center,Bike,2025-06-13,2025-06-14 13:00:00,37,222,5,1
4357,HCM District 1,Electric Scooter,2025-02-03,2025-02-03 02:00:00,2,18,1,0
4358,HCM District 1,Car,2025-08-20,2025-08-21 17:00:00,41,451,1,1
4359,Hanoi Center,Car,2025-05-21,2025-05-22 23:00:00,47,799,5,0
4360,Da Nang City,Car,2025-10-06,2025-10-08 03:00:00,51,816,5,1
4361,Da Nang City,Car,2025-10-24,2025-10-24 12:00:00,12,192,3,0
4362,Hanoi Center,Bike,2025-01-09,2025-01-10 13:00:00,37,629,1,1
4363,HCM District 1,Bike,2025-05-06,2025-05-07 18:00:00,42,588,4,1
4364,Hanoi Center,Electric Scooter,2025-05-29,2025-05-30 08:00:00,32,256,2,1
4365,Hanoi Center,Electric Scooter,2025-10-08,2025-10-10 11:00:00,59,590,1,0
4366,Hanoi Center,Car,2025-06-21,2025-06-22 18:00:00,42,210,3,0
4367,Da Nang City,Electric Scooter,2025-08-26,2025-08-27 22:00:00,46,644,1,0
4368,Da Nang City,Electric Scooter,2025-03-30,2025-03-30 21:00:00,21,357,5,1
4369,HCM District 1,Electric Scooter,2025-04-10,2025-04-11 02:00:00,26,494,4,0
4370,Hanoi Center,Car,2025-02-14,2025-02-14 13:00:00,13,221,4,0
4371,Hanoi Center,Bike,2025-02-19,2025-02-19 14:00:00,14,266,4,0
4372,Hanoi Center,Car,2025-02-18,2025-02-20 15:00:00,63,756,4,1
4373,Da Nang City,Bike,2025-02-22,2025-02-24 19:00:00,67,603,2,1
4374,Hanoi Center,Bike,2025-04-08,2025-04-10 23:00:00,71,781,4,0
4375,HCM District 1,Car,2025-06-03,2025-06-05 22:00:00,70,420,5,1
4376,HCM District 1,Car,2025-06-05,2025-06-06 21:00:00,45,360,5,0
4377,Da Nang City,Car,2025-06-12,2025-06-14 21:00:00,69,897,2,1
4378,HCM District 1,Car,2025-10-23,2025-10-25 05:00:00,53,1060,1,1
4379,HCM District 1,Bike,2025-05-14,2025-05-14 17:00:00,17,272,1,0
4380,HCM District 1,Car,2025-02-23,2025-02-24 09:00:00,33,297,4,1
4381,HCM District 1,Car,2025-10-21,2025-10-23 04:00:00,52,1040,1,1
4382,Hanoi Center,Bike,2025-02-23,2025-02-25 04:00:00,52,468,4,1
4383,Da Nang City,Bike,2025-04-25,2025-04-25 04:00:00,4,24,4,1
4384,Da Nang City,Car,2025-04-11,2025-04-12 12:00:00,36,720,2,0
4385,Hanoi Center,Bike,2025-09-28,2025-09-30 09:00:00,57,798,2,1
4386,HCM District 1,Bike,2025-03-09,2025-03-11 11:00:00,59,767,1,1
4387,Da Nang City,Bike,2025-02-22,2025-02-23 00:00:00,24,480,2,1
4388,Da Nang City,Electric Scooter,2025-07-29,2025-07-29 17:00:00,17,85,5,0
4389,Hanoi Center,Car,2025-03-10,2025-03-11 08:00:00,32,192,2,0
4390,HCM District 1,Car,2025-09-05,2025-09-06 03:00:00,27,459,1,0
4391,HCM District 1,Electric Scooter,2025-10-05,2025-10-07 17:00:00,65,1170,1,1
4392,Da Nang City,Car,2025-10-19,2025-10-19 03:00:00,3,60,5,1
4393,HCM District 1,Car,2025-05-18,2025-05-19 04:00:00,28,476,2,1
4394,Da Nang City,Electric Scooter,2025-07-15,2025-07-15 15:00:00,15,300,3,0
4395,Hanoi Center,Bike,2025-06-28,2025-06-28 16:00:00,16,256,4,1
4396,HCM District 1,Car,2025-08-31,2025-09-01 22:00:00,46,506,1,0
4397,Hanoi Center,Car,2025-01-02,2025-01-04 03:00:00,51,867,1,1
4398,Hanoi Center,Car,2025-07-22,2025-07-24 09:00:00,57,855,2,0
4399,Da Nang City,Car,2025-08-03,2025-08-05 22:00:00,70,350,3,0
4400,Hanoi Center,Bike,2025-07-31,2025-08-01 09:00:00,33,627,2,1
4401,Da Nang City,Bike,2025-10-20,2025-10-20 18:00:00,18,144,3,0
4402,Da Nang City,Car,2025-03-29,2025-03-31 03:00:00,51,510,3,1
4403,Hanoi Center,Bike,2025-10-15,2025-10-16 20:00:00,44,660,1,1
4404,Hanoi Center,Car,2025-03-12,2025-03-13 18:00:00,42,756,2,1
4405,Da Nang City,Car,2025-05-07,2025-05-07 11:00:00,11,154,1,0
4406,Hanoi Center,Car,2025-06-13,2025-06-13 07:00:00,7,42,3,0
4407,HCM District 1,Bike,2025-02-19,2025-02-20 10:00:00,34,544,3,1
4408,Da Nang City,Electric Scooter,2025-02-27,2025-02-27 04:00:00,4,52,2,1
4409,Da Nang City,Car,2025-04-16,2025-04-17 12:00:00,36,468,4,0
4410,Da Nang City,Bike,2025-04-08,2025-04-09 17:00:00,41,738,3,1
4411,Da Nang City,Electric Scooter,2025-02-06,2025-02-08 17:00:00,65,845,3,1
4412,Hanoi Center,Bike,2025-07-31,2025-08-02 17:00:00,65,1300,1,0
4413,Da Nang City,Electric Scooter,2025-10-12,2025-10-13 16:00:00,40,480,1,1
4414,Da Nang City,Bike,2025-03-14,2025-03-16 01:00:00,49,245,2,0
4415,HCM District 1,Car,2025-05-05,2025-05-05 09:00:00,9,126,4,0
4416,Da Nang City,Car,2025-07-17,2025-07-17 09:00:00,9,162,5,0
4417,Da Nang City,Bike,2025-10-13,2025-10-14 20:00:00,44,264,4,1
4418,Hanoi Center,Car,2025-04-30,2025-05-01 17:00:00,41,492,4,0
4419,HCM District 1,Bike,2025-04-17,2025-04-19 12:00:00,60,300,3,0
4420,HCM District 1,Car,2025-06-20,2025-06-21 10:00:00,34,238,5,1
4421,Hanoi Center,Electric Scooter,2025-07-04,2025-07-05 13:00:00,37,592,5,0
4422,Hanoi Center,Car,2025-07-17,2025-07-17 16:00:00,16,160,5,1
4423,Hanoi Center,Bike,2025-02-05,2025-02-07 02:00:00,50,900,1,0
4424,HCM District 1,Car,2025-09-10,2025-09-11 12:00:00,36,180,1,1
4425,HCM District 1,Electric Scooter,2025-03-28,2025-03-29 01:00:00,25,450,5,0
4426,Da Nang City,Car,2025-05-30,2025-05-31 18:00:00,42,420,4,0
4427,Da Nang City,Car,2025-03-24,2025-03-24 07:00:00,7,119,2,0
4428,HCM District 1,Car,2025-05-02,2025-05-04 21:00:00,69,690,5,0
4429,HCM District 1,Electric Scooter,2025-08-24,2025-08-26 00:00:00,48,480,3,0
4430,Da Nang City,Electric Scooter,2025-09-20,2025-09-21 21:00:00,45,630,1,1
4431,HCM District 1,Car,2025-10-18,2025-10-18 02:00:00,2,38,5,1
4432,Hanoi Center,Car,2025-08-10,2025-08-10 02:00:00,2,22,1,1
4433,Da Nang City,Car,2025-04-15,2025-04-17 22:00:00,70,770,1,0
4434,Hanoi Center,Bike,2025-06-07,2025-06-07 23:00:00,23,230,5,1
4435,Hanoi Center,Bike,2025-08-09,2025-08-10 03:00:00,27,405,1,1
4436,HCM District 1,Electric Scooter,2025-05-25,2025-05-25 15:00:00,15,135,4,1
4437,Hanoi Center,Car,2025-07-01,2025-07-01 03:00:00,3,30,5,0
4438,Hanoi Center,Bike,2025-03-16,2025-03-16 22:00:00,22,286,1,1
4439,Da Nang City,Car,2025-01-28,2025-01-28 18:00:00,18,198,3,0
4440,Hanoi Center,Bike,2025-05-26,2025-05-28 11:00:00,59,708,3,1
4441,Hanoi Center,Electric Scooter,2025-05-21,2025-05-23 15:00:00,63,1260,2,0
4442,Da Nang City,Electric Scooter,2025-09-21,2025-09-23 08:00:00,56,896,4,0
4443,HCM District 1,Electric Scooter,2025-01-06,2025-01-08 10:00:00,58,1102,3,0
4444,HCM District 1,Electric Scooter,2025-04-11,2025-04-13 00:00:00,48,960,1,1
4445,Da Nang City,Bike,2025-07-15,2025-07-17 20:00:00,68,1224,1,0
4446,HCM District 1,Bike,2025-09-10,2025-09-12 00:00:00,48,384,4,0
4447,Hanoi Center,Car,2025-03-18,2025-03-20 02:00:00,50,250,2,0
4448,Da Nang City,Car,2025-05-11,2025-05-12 09:00:00,33,528,2,0
4449,HCM District 1,Electric Scooter,2025-06-07,2025-06-07 01:00:00,1,13,5,0
4450,Hanoi Center,Bike,2025-10-14,2025-10-16 16:00:00,64,896,1,1
4451,Da Nang City,Bike,2025-06-07,2025-06-07 21:00:00,21,231,4,0
4452,Hanoi Center,Bike,2025-01-15,2025-01-15 20:00:00,20,100,1,0
4453,HCM District 1,Electric Scooter,2025-03-23,2025-03-25 14:00:00,62,744,5,1
4454,Hanoi Center,Electric Scooter,2025-03-01,2025-03-02 00:00:00,24,408,5,0
4455,HCM District 1,Bike,2025-04-18,2025-04-20 18:00:00,66,660,5,0
4456,HCM District 1,Electric Scooter,2025-08-11,2025-08-13 08:00:00,56,896,3,0
4457,Hanoi Center,Electric Scooter,2025-07-11,2025-07-12 05:00:00,29,174,2,1
4458,HCM District 1,Car,2025-03-09,2025-03-10 07:00:00,31,527,4,1
4459,HCM District 1,Bike,2025-04-19,2025-04-20 18:00:00,42,630,2,1
4460,Da Nang City,Electric Scooter,2025-09-12,2025-09-13 04:00:00,28,168,2,1
4461,Hanoi Center,Electric Scooter,2025-10-05,2025-10-07 06:00:00,54,972,5,0
4462,Da Nang City,Car,2025-08-15,2025-08-16 03:00:00,27,432,1,0
4463,Hanoi Center,Bike,2025-08-01,2025-08-02 01:00:00,25,125,3,0
4464,HCM District 1,Bike,2025-02-05,2025-02-07 07:00:00,55,605,1,0
4465,HCM District 1,Electric Scooter,2025-04-01,2025-04-02 06:00:00,30,390,4,1
4466,HCM District 1,Bike,2025-01-21,2025-01-21 08:00:00,8,80,2,1
4467,Hanoi Center,Bike,2025-10-19,2025-10-20 21:00:00,45,495,4,0
4468,Hanoi Center,Car,2025-08-31,2025-09-02 10:00:00,58,638,1,1
4469,Da Nang City,Car,2025-04-30,2025-05-02 14:00:00,62,806,1,0
4470,HCM District 1,Electric Scooter,2025-10-12,2025-10-14 03:00:00,51,765,5,0
4471,Da Nang City,Bike,2025-07-18,2025-07-20 23:00:00,71,1207,1,1
4472,HCM District 1,Car,2025-04-30,2025-05-01 11:00:00,35,350,5,1
4473,Hanoi Center,Electric Scooter,2025-07-17,2025-07-18 14:00:00,38,266,1,1
4474,Hanoi Center,Electric Scooter,2025-05-05,2025-05-06 17:00:00,41,656,5,1
4475,HCM District 1,Bike,2025-09-03,2025-09-05 11:00:00,59,885,4,0
4476,Da Nang City,Car,2025-10-16,2025-10-17 07:00:00,31,372,4,1
4477,Da Nang City,Electric Scooter,2025-02-23,2025-02-25 11:00:00,59,1121,2,1
4478,HCM District 1,Electric Scooter,2025-08-25,2025-08-26 18:00:00,42,840,2,0
4479,HCM District 1,Bike,2025-08-29,2025-08-30 18:00:00,42,840,2,0
4480,HCM District 1,Car,2025-03-12,2025-03-14 16:00:00,64,320,1,0
4481,HCM District 1,Bike,2025-06-05,2025-06-05 19:00:00,19,209,4,0
4482,Da Nang City,Bike,2025-10-14,2025-10-14 05:00:00,5,60,3,0
4483,Da Nang City,Electric Scooter,2025-02-02,2025-02-03 23:00:00,47,705,1,1
4484,HCM District 1,Car,2025-05-04,2025-05-04 13:00:00,13,104,5,0
4485,Da Nang City,Bike,2025-08-03,2025-08-04 00:00:00,24,144,5,0
4486,HCM District 1,Car,2025-09-25,2025-09-25 02:00:00,2,18,1,1
4487,HCM District 1,Electric Scooter,2025-03-03,2025-03-03 04:00:00,4,40,5,1
4488,Hanoi Center,Bike,2025-07-23,2025-07-24 08:00:00,32,640,3,1
4489,Hanoi Center,Bike,2025-10-17,2025-10-17 08:00:00,8,104,1,0
4490,Hanoi Center,Car,2025-09-28,2025-09-28 07:00:00,7,56,5,1
4491,Da Nang City,Bike,2025-05-08,2025-05-10 19:00:00,67,402,2,0
4492,HCM District 1,Car,2025-10-11,2025-10-13 00:00:00,48,960,3,0
4493,Hanoi Center,Bike,2025-07-15,2025-07-15 01:00:00,1,19,1,1
4494,Hanoi Center,Car,2025-09-24,2025-09-24 01:00:00,1,18,2,0
4495,Hanoi Center,Electric Scooter,2025-08-19,2025-08-19 12:00:00,12,192,3,0
4496,Hanoi Center,Bike,2025-01-22,2025-01-23 11:00:00,35,595,3,1
4497,Hanoi Center,Car,2025-03-08,2025-03-08 06:00:00,6,96,1,1
4498,Da Nang City,Electric Scooter,2025-09-23,2025-09-23 02:00:00,2,32,3,1
4499,Da Nang City,Car,2025-09-06,2025-09-08 17:00:00,65,455,3,0
4500,Da Nang City,Bike,2025-04-24,2025-04-24 23:00:00,23,161,5,1
4501,HCM District 1,Bike,2025-04-17,2025-04-19 03:00:00,51,357,1,1
4502,Hanoi Center,Bike,2025-07-17,2025-07-18 07:00:00,31,372,3,1
4503,Hanoi Center,Car,2025-09-17,2025-09-19 19:00:00,67,1273,1,0
4504,Hanoi Center,Car,2025-04-22,2025-04-24 13:00:00,61,488,4,1
4505,HCM District 1,Electric Scooter,2025-08-21,2025-08-21 02:00:00,2,38,1,1
4506,Hanoi Center,Car,2025-01-04,2025-01-05 23:00:00,47,705,1,0
4507,HCM District 1,Electric Scooter,2025-05-22,2025-05-24 11:00:00,59,1062,3,0
4508,HCM District 1,Car,2025-10-21,2025-10-22 06:00:00,30,450,2,1
4509,Hanoi Center,Car,2025-04-07,2025-04-07 23:00:00,23,253,3,0
4510,HCM District 1,Bike,2025-04-22,2025-04-22 08:00:00,8,96,2,0
4511,HCM District 1,Bike,2025-03-16,2025-03-16 02:00:00,2,26,4,0
4512,Hanoi Center,Electric Scooter,2025-02-27,2025-03-01 16:00:00,64,1088,2,1
4513,Da Nang City,Bike,2025-07-16,2025-07-18 03:00:00,51,561,4,0
4514,HCM District 1,Car,2025-01-07,2025-01-07 18:00:00,18,360,1,1
4515,Da Nang City,Car,2025-07-15,2025-07-17 01:00:00,49,490,1,0
4516,Hanoi Center,Bike,2025-08-04,2025-08-05 07:00:00,31,341,4,0
4517,HCM District 1,Car,2025-06-02,2025-06-04 13:00:00,61,366,5,0
4518,Hanoi Center,Car,2025-02-24,2025-02-26 22:00:00,70,350,5,0
4519,Da Nang City,Electric Scooter,2025-04-30,2025-04-30 11:00:00,11,154,2,1
4520,Da Nang City,Car,2025-07-03,2025-07-05 23:00:00,71,497,2,0
4521,Da Nang City,Electric Scooter,2025-09-24,2025-09-26 02:00:00,50,400,5,1
4522,Hanoi Center,Electric Scooter,2025-06-10,2025-06-10 01:00:00,1,16,5,1
4523,Hanoi Center,Bike,2025-06-06,2025-06-08 02:00:00,50,850,3,1
4524,Da Nang City,Electric Scooter,2025-04-11,2025-04-12 02:00:00,26,286,2,1
4525,Hanoi Center,Car,2025-02-12,2025-02-12 07:00:00,7,63,2,0
4526,Da Nang City,Bike,2025-03-12,2025-03-13 19:00:00,43,387,1,0
4527,HCM District 1,Bike,2025-07-01,2025-07-03 04:00:00,52,780,5,1
4528,Hanoi Center,Car,2025-07-22,2025-07-24 05:00:00,53,1007,3,0
4529,Da Nang City,Electric Scooter,2025-09-02,2025-09-04 22:00:00,70,1190,1,0
4530,Hanoi Center,Car,2025-02-19,2025-02-19 18:00:00,18,234,1,0
4531,HCM District 1,Electric Scooter,2025-01-31,2025-02-02 06:00:00,54,1080,3,0
4532,Da Nang City,Car,2025-02-15,2025-02-17 10:00:00,58,754,4,0
4533,HCM District 1,Car,2025-09-19,2025-09-21 19:00:00,67,737,4,0
4534,Hanoi Center,Bike,2025-02-21,2025-02-21 06:00:00,6,84,4,0
4535,Hanoi Center,Electric Scooter,2025-09-26,2025-09-28 07:00:00,55,550,5,0
4536,Hanoi Center,Electric Scooter,2025-06-18,2025-06-20 06:00:00,54,1026,5,0
4537,HCM District 1,Car,2025-09-04,2025-09-05 09:00:00,33,528,5,0
4538,Da Nang City,Electric Scooter,2025-06-22,2025-06-24 11:00:00,59,472,1,1
4539,Hanoi Center,Bike,2025-01-29,2025-01-29 02:00:00,2,32,1,0
4540,Da Nang City,Bike,2025-05-10,2025-05-11 20:00:00,44,308,2,1
4541,HCM District 1,Electric Scooter,2025-05-27,2025-05-29 19:00:00,67,469,1,0
4542,Da Nang City,Car,2025-02-24,2025-02-25 23:00:00,47,611,4,0
4543,Hanoi Center,Bike,2025-07-22,2025-07-22 10:00:00,10,150,1,0
4544,HCM District 1,Bike,2025-09-01,2025-09-01 22:00:00,22,374,2,0
4545,Da Nang City,Bike,2025-03-19,2025-03-21 21:00:00,69,759,3,1
4546,Da Nang City,Electric Scooter,2025-03-16,2025-03-16 18:00:00,18,306,1,0
4547,HCM District 1,Car,2025-02-14,2025-02-14 19:00:00,19,361,2,1
4548,Hanoi Center,Car,2025-02-19,2025-02-19 04:00:00,4,68,2,1
4549,Hanoi Center,Bike,2025-09-04,2025-09-06 12:00:00,60,660,3,0
4550,Da Nang City,Electric Scooter,2025-05-04,2025-05-05 03:00:00,27,432,4,0
4551,Hanoi Center,Bike,2025-09-12,2025-09-12 13:00:00,13,169,3,1
4552,Hanoi Center,Bike,2025-08-14,2025-08-14 20:00:00,20,200,1,1
4553,HCM District 1,Car,2025-01-30,2025-01-30 21:00:00,21,399,4,1
4554,Hanoi Center,Electric Scooter,2025-07-17,2025-07-19 00:00:00,48,720,3,0
4555,Da Nang City,Car,2025-09-21,2025-09-21 09:00:00,9,117,1,0
4556,Hanoi Center,Car,2025-08-07,2025-08-09 04:00:00,52,312,3,0
4557,Da Nang City,Bike,2025-04-25,2025-04-26 09:00:00,33,528,2,1
4558,HCM District 1,Bike,2025-08-10,2025-08-12 15:00:00,63,819,4,0
4559,Da Nang City,Bike,2025-02-25,2025-02-26 16:00:00,40,640,2,0
4560,Da Nang City,Bike,2025-03-09,2025-03-11 00:00:00,48,336,1,0
4561,Hanoi Center,Bike,2025-06-07,2025-06-08 07:00:00,31,341,3,0
4562,Da Nang City,Car,2025-06-26,2025-06-28 01:00:00,49,833,4,0
4563,Da Nang City,Bike,2025-10-17,2025-10-18 19:00:00,43,387,2,1
4564,Hanoi Center,Electric Scooter,2025-04-15,2025-04-17 15:00:00,63,1134,4,1
4565,Hanoi Center,Electric Scooter,2025-06-01,2025-06-03 06:00:00,54,1026,2,1
4566,Hanoi Center,Car,2025-03-02,2025-03-04 23:00:00,71,568,1,1
4567,HCM District 1,Electric Scooter,2025-06-04,2025-06-06 09:00:00,57,627,1,0
4568,Da Nang City,Electric Scooter,2025-05-19,2025-05-21 20:00:00,68,884,4,1
4569,HCM District 1,Electric Scooter,2025-08-30,2025-08-30 09:00:00,9,135,2,0
4570,Hanoi Center,Bike,2025-03-26,2025-03-28 08:00:00,56,840,1,0
4571,Da Nang City,Car,2025-02-21,2025-02-21 13:00:00,13,182,4,1
4572,Hanoi Center,Electric Scooter,2025-03-16,2025-03-18 14:00:00,62,806,3,0
4573,Da Nang City,Electric Scooter,2025-08-24,2025-08-26 16:00:00,64,1280,1,0
4574,Hanoi Center,Electric Scooter,2025-04-04,2025-04-04 07:00:00,7,119,5,0
4575,HCM District 1,Bike,2025-07-24,2025-07-26 01:00:00,49,735,1,1
4576,HCM District 1,Car,2025-10-07,2025-10-09 05:00:00,53,636,2,0
4577,Da Nang City,Electric Scooter,2025-10-12,2025-10-14 01:00:00,49,294,2,1
4578,HCM District 1,Car,2025-07-16,2025-07-19 00:00:00,72,1368,5,0
4579,Da Nang City,Electric Scooter,2025-10-11,2025-10-11 05:00:00,5,60,2,1
4580,Da Nang City,Electric Scooter,2025-10-25,2025-10-25 07:00:00,7,56,4,0
4581,Hanoi Center,Electric Scooter,2025-03-22,2025-03-24 08:00:00,56,392,5,0
4582,HCM District 1,Electric Scooter,2025-05-16,2025-05-18 19:00:00,67,402,1,1
4583,Da Nang City,Electric Scooter,2025-07-20,2025-07-22 03:00:00,51,918,1,0
4584,HCM District 1,Bike,2025-05-07,2025-05-07 12:00:00,12,192,4,0
4585,HCM District 1,Bike,2025-06-26,2025-06-27 20:00:00,44,836,1,0
4586,Hanoi Center,Electric Scooter,2025-03-26,2025-03-28 02:00:00,50,900,3,0
4587,Da Nang City,Electric Scooter,2025-07-04,2025-07-05 10:00:00,34,340,5,0
4588,HCM District 1,Bike,2025-06-05,2025-06-06 17:00:00,41,574,3,1
4589,HCM District 1,Electric Scooter,2025-05-10,2025-05-10 02:00:00,2,40,2,1
4590,Hanoi Center,Bike,2025-05-05,2025-05-06 17:00:00,41,287,3,1
4591,HCM District 1,Bike,2025-07-08,2025-07-08 10:00:00,10,140,2,1
4592,HCM District 1,Electric Scooter,2025-04-16,2025-04-17 22:00:00,46,782,5,1
4593,HCM District 1,Car,2025-09-20,2025-09-22 08:00:00,56,1064,3,0
4594,Da Nang City,Bike,2025-03-04,2025-03-06 23:00:00,71,497,4,1
4595,HCM District 1,Electric Scooter,2025-01-18,2025-01-18 18:00:00,18,162,4,0
4596,HCM District 1,Car,2025-01-21,2025-01-22 02:00:00,26,416,3,1
4597,HCM District 1,Electric Scooter,2025-08-25,2025-08-26 19:00:00,43,602,2,0
4598,Hanoi Center,Bike,2025-03-12,2025-03-12 17:00:00,17,323,5,1
4599,HCM District 1,Car,2025-02-04,2025-02-06 03:00:00,51,663,4,1
4600,Da Nang City,Car,2025-01-13,2025-01-15 20:00:00,68,952,4,0
4601,Hanoi Center,Car,2025-06-16,2025-06-17 13:00:00,37,592,2,0
4602,Da Nang City,Electric Scooter,2025-05-04,2025-05-04 03:00:00,3,51,4,1
4603,HCM District 1,Electric Scooter,2025-07-08,2025-07-08 13:00:00,13,65,3,0
4604,Da Nang City,Electric Scooter,2025-03-18,2025-03-18 16:00:00,16,224,2,1
4605,HCM District 1,Electric Scooter,2025-03-19,2025-03-21 05:00:00,53,689,3,0
4606,Hanoi Center,Electric Scooter,2025-04-05,2025-04-06 18:00:00,42,546,2,0
4607,Hanoi Center,Bike,2025-08-28,2025-08-28 19:00:00,19,133,5,0
4608,Da Nang City,Car,2025-07-16,2025-07-17 19:00:00,43,344,4,1
4609,HCM District 1,Bike,2025-07-30,2025-08-01 04:00:00,52,312,1,1
4610,HCM District 1,Bike,2025-01-04,2025-01-04 02:00:00,2,14,2,1
4611,Da Nang City,Car,2025-04-30,2025-05-01 19:00:00,43,731,5,1
4612,HCM District 1,Car,2025-08-12,2025-08-14 14:00:00,62,930,4,1
4613,HCM District 1,Electric Scooter,2025-04-04,2025-04-05 23:00:00,47,564,2,1
4614,HCM District 1,Car,2025-02-06,2025-02-06 23:00:00,23,184,4,0
4615,HCM District 1,Bike,2025-08-09,2025-08-10 16:00:00,40,200,1,0
4616,HCM District 1,Bike,2025-09-06,2025-09-08 23:00:00,71,994,5,0
4617,HCM District 1,Electric Scooter,2025-06-07,2025-06-07 12:00:00,12,132,5,1
4618,Da Nang City,Bike,2025-10-05,2025-10-05 18:00:00,18,234,2,0
4619,Hanoi Center,Bike,2025-04-19,2025-04-21 08:00:00,56,280,3,1
4620,Da Nang City,Electric Scooter,2025-08-16,2025-08-18 00:00:00,48,576,4,0
4621,Hanoi Center,Electric Scooter,2025-08-30,2025-08-31 02:00:00,26,286,1,1
4622,HCM District 1,Car,2025-06-20,2025-06-22 09:00:00,57,1140,1,0
4623,Da Nang City,Car,2025-04-10,2025-04-10 07:00:00,7,84,2,0
4624,HCM District 1,Bike,2025-04-14,2025-04-14 15:00:00,15,270,1,0
4625,Da Nang City,Car,2025-05-09,2025-05-09 18:00:00,18,342,3,1
4626,HCM District 1,Car,2025-07-15,2025-07-17 19:00:00,67,1005,4,0
4627,Hanoi Center,Car,2025-05-02,2025-05-03 03:00:00,27,162,1,1
4628,Hanoi Center,Electric Scooter,2025-01-29,2025-01-31 17:00:00,65,520,3,1
4629,HCM District 1,Bike,2025-03-22,2025-03-23 12:00:00,36,648,3,1
4630,HCM District 1,Bike,2025-07-06,2025-07-07 19:00:00,43,301,3,0
4631,Da Nang City,Car,2025-04-16,2025-04-17 21:00:00,45,900,4,0
4632,HCM District 1,Car,2025-07-12,2025-07-14 01:00:00,49,735,1,1
4633,Hanoi Center,Bike,2025-10-01,2025-10-03 03:00:00,51,357,3,0
4634,Hanoi Center,Electric Scooter,2025-01-17,2025-01-18 21:00:00,45,810,1,0
4635,HCM District 1,Bike,2025-06-12,2025-06-14 07:00:00,55,1045,2,0
4636,Hanoi Center,Bike,2025-02-24,2025-02-25 09:00:00,33,330,1,1
4637,HCM District 1,Electric Scooter,2025-04-23,2025-04-25 08:00:00,56,616,2,0
4638,Da Nang City,Bike,2025-02-12,2025-02-14 09:00:00,57,570,3,1
4639,HCM District 1,Electric Scooter,2025-06-24,2025-06-24 16:00:00,16,96,4,0
4640,Hanoi Center,Electric Scooter,2025-10-15,2025-10-17 08:00:00,56,336,4,0
4641,HCM District 1,Electric Scooter,2025-01-03,2025-01-04 11:00:00,35,560,4,1
4642,Da Nang City,Car,2025-04-28,2025-04-30 02:00:00,50,700,3,1
4643,Hanoi Center,Electric Scooter,2025-10-26,2025-10-27 19:00:00,43,387,4,1
4644,Da Nang City,Car,2025-02-01,2025-02-03 19:00:00,67,469,2,1
4645,HCM District 1,Electric Scooter,2025-03-17,2025-03-19 11:00:00,59,649,1,1
4646,HCM District 1,Electric Scooter,2025-05-01,2025-05-02 20:00:00,44,880,3,0
4647,HCM District 1,Bike,2025-04-07,2025-04-09 00:00:00,48,864,5,1
4648,Hanoi Center,Electric Scooter,2025-04-24,2025-04-25 03:00:00,27,270,1,1
4649,HCM District 1,Electric Scooter,2025-08-24,2025-08-24 03:00:00,3,54,3,0
4650,HCM District 1,Electric Scooter,2025-04-08,2025-04-10 09:00:00,57,684,5,0
4651,Da Nang City,Bike,2025-09-28,2025-09-29 10:00:00,34,442,3,1
4652,Da Nang City,Bike,2025-01-09,2025-01-09 11:00:00,11,110,3,0
4653,Da Nang City,Bike,2025-06-27,2025-06-27 05:00:00,5,60,2,0
4654,Hanoi Center,Car,2025-03-28,2025-03-30 07:00:00,55,1100,2,1
4655,HCM District 1,Car,2025-09-03,2025-09-04 18:00:00,42,504,3,1
4656,Da Nang City,Car,2025-09-18,2025-09-19 19:00:00,43,387,1,1
4657,HCM District 1,Electric Scooter,2025-04-23,2025-04-24 06:00:00,30,540,4,0
4658,Da Nang City,Electric Scooter,2025-03-05,2025-03-07 01:00:00,49,490,4,1
4659,Hanoi Center,Car,2025-10-16,2025-10-17 06:00:00,30,240,5,0
4660,Da Nang City,Car,2025-04-09,2025-04-10 15:00:00,39,312,5,0
4661,Da Nang City,Bike,2025-08-31,2025-08-31 02:00:00,2,22,1,0
4662,Da Nang City,Electric Scooter,2025-06-04,2025-06-04 08:00:00,8,72,4,1
4663,HCM District 1,Electric Scooter,2025-07-24,2025-07-24 18:00:00,18,234,5,0
4664,Hanoi Center,Electric Scooter,2025-10-28,2025-10-28 13:00:00,13,195,3,0
4665,HCM District 1,Electric Scooter,2025-08-30,2025-08-30 19:00:00,19,114,2,1
4666,HCM District 1,Bike,2025-08-26,2025-08-26 13:00:00,13,221,5,1
4667,Da Nang City,Bike,2025-09-19,2025-09-21 03:00:00,51,867,5,0
4668,Hanoi Center,Car,2025-07-04,2025-07-05 11:00:00,35,455,4,1
4669,HCM District 1,Bike,2025-02-18,2025-02-19 18:00:00,42,798,2,0
4670,Hanoi Center,Car,2025-06-13,2025-06-14 11:00:00,35,595,3,1
4671,HCM District 1,Electric Scooter,2025-02-14,2025-02-14 06:00:00,6,78,2,1
4672,HCM District 1,Bike,2025-06-19,2025-06-20 13:00:00,37,259,3,0
4673,Da Nang City,Electric Scooter,2025-09-10,2025-09-11 14:00:00,38,342,5,1
4674,Da Nang City,Bike,2025-04-12,2025-04-12 06:00:00,6,120,3,0
4675,HCM District 1,Electric Scooter,2025-05-03,2025-05-05 06:00:00,54,648,3,1
4676,Da Nang City,Bike,2025-05-26,2025-05-28 09:00:00,57,285,1,1
4677,Hanoi Center,Electric Scooter,2025-06-30,2025-07-03 00:00:00,72,1008,1,0
4678,Da Nang City,Bike,2025-05-08,2025-05-09 20:00:00,44,704,5,1
4679,HCM District 1,Electric Scooter,2025-10-22,2025-10-22 12:00:00,12,240,2,1
4680,Hanoi Center,Car,2025-08-04,2025-08-04 02:00:00,2,36,2,0
4681,Da Nang City,Bike,2025-07-27,2025-07-28 02:00:00,26,468,3,0
4682,HCM District 1,Car,2025-09-10,2025-09-10 21:00:00,21,168,5,0
4683,Da Nang City,Car,2025-05-28,2025-05-28 16:00:00,16,112,1,0
4684,HCM District 1,Electric Scooter,2025-08-18,2025-08-20 04:00:00,52,572,1,0
4685,HCM District 1,Electric Scooter,2025-09-20,2025-09-22 14:00:00,62,558,1,1
4686,Da Nang City,Bike,2025-03-01,2025-03-01 18:00:00,18,108,3,0
4687,Hanoi Center,Car,2025-01-01,2025-01-02 18:00:00,42,378,2,0
4688,Hanoi Center,Bike,2025-04-12,2025-04-13 01:00:00,25,350,4,0
4689,Hanoi Center,Electric Scooter,2025-09-14,2025-09-16 17:00:00,65,650,1,0
4690,Da Nang City,Car,2025-06-17,2025-06-17 07:00:00,7,119,2,1
4691,HCM District 1,Electric Scooter,2025-03-09,2025-03-10 13:00:00,37,481,5,0
4692,HCM District 1,Bike,2025-07-20,2025-07-20 04:00:00,4,64,1,0
4693,Hanoi Center,Bike,2025-04-14,2025-04-16 03:00:00,51,561,4,1
4694,Da Nang City,Electric Scooter,2025-03-01,2025-03-01 23:00:00,23,437,5,0
4695,Hanoi Center,Electric Scooter,2025-09-17,2025-09-18 01:00:00,25,350,5,0
4696,Da Nang City,Electric Scooter,2025-03-10,2025-03-10 01:00:00,1,18,1,0
4697,HCM District 1,Bike,2025-02-06,2025-02-07 18:00:00,42,378,4,0
4698,Hanoi Center,Car,2025-10-06,2025-10-06 08:00:00,8,128,3,1
4699,HCM District 1,Bike,2025-03-10,2025-03-12 13:00:00,61,1037,1,0
4700,Da Nang City,Electric Scooter,2025-10-19,2025-10-20 20:00:00,44,748,2,0
4701,Hanoi Center,Bike,2025-06-20,2025-06-22 23:00:00,71,497,3,0
4702,Hanoi Center,Electric Scooter,2025-06-11,2025-06-11 21:00:00,21,105,2,1
4703,Da Nang City,Electric Scooter,2025-01-20,2025-01-20 13:00:00,13,143,1,0
4704,Da Nang City,Bike,2025-08-25,2025-08-26 05:00:00,29,406,2,1
4705,Hanoi Center,Electric Scooter,2025-03-13,2025-03-14 21:00:00,45,540,2,0
4706,Hanoi Center,Bike,2025-03-08,2025-03-09 03:00:00,27,513,3,1
4707,HCM District 1,Car,2025-03-01,2025-03-02 14:00:00,38,684,4,0
4708,Da Nang City,Bike,2025-10-06,2025-10-08 21:00:00,69,966,5,0
4709,Da Nang City,Bike,2025-01-28,2025-01-30 17:00:00,65,1170,3,1
4710,HCM District 1,Bike,2025-05-14,2025-05-15 04:00:00,28,308,3,0
4711,Hanoi Center,Car,2025-05-27,2025-05-29 07:00:00,55,935,5,1
4712,Hanoi Center,Electric Scooter,2025-07-14,2025-07-14 05:00:00,5,30,4,0
4713,HCM District 1,Bike,2025-02-17,2025-02-17 07:00:00,7,70,1,0
4714,Hanoi Center,Electric Scooter,2025-02-20,2025-02-20 18:00:00,18,180,3,0
4715,Hanoi Center,Electric Scooter,2025-09-20,2025-09-22 22:00:00,70,1190,4,0
4716,Hanoi Center,Electric Scooter,2025-03-30,2025-03-30 23:00:00,23,230,3,0
4717,Hanoi Center,Bike,2025-01-28,2025-01-29 16:00:00,40,240,4,1
4718,Hanoi Center,Electric Scooter,2025-04-18,2025-04-20 19:00:00,67,1206,1,0
4719,Hanoi Center,Bike,2025-09-08,2025-09-08 11:00:00,11,143,5,1
4720,Da Nang City,Electric Scooter,2025-05-08,2025-05-09 22:00:00,46,828,2,1
4721,HCM District 1,Electric Scooter,2025-09-18,2025-09-19 22:00:00,46,414,4,1
4722,Da Nang City,Car,2025-08-16,2025-08-17 21:00:00,45,810,5,0
4723,HCM District 1,Car,2025-07-22,2025-07-22 19:00:00,19,133,2,0
4724,Da Nang City,Bike,2025-03-21,2025-03-21 07:00:00,7,112,5,0
4725,HCM District 1,Car,2025-06-08,2025-06-09 00:00:00,24,480,4,0
4726,Da Nang City,Car,2025-06-19,2025-06-20 11:00:00,35,245,5,1
4727,Hanoi Center,Bike,2025-03-02,2025-03-03 22:00:00,46,874,1,1
4728,Da Nang City,Bike,2025-07-03,2025-07-03 06:00:00,6,114,5,0
4729,Da Nang City,Bike,2025-09-26,2025-09-26 09:00:00,9,162,3,0
4730,HCM District 1,Electric Scooter,2025-02-04,2025-02-04 22:00:00,22,220,2,0
4731,Hanoi Center,Electric Scooter,2025-04-16,2025-04-18 05:00:00,53,901,4,0
4732,Hanoi Center,Electric Scooter,2025-03-06,2025-03-08 19:00:00,67,737,3,0
4733,HCM District 1,Bike,2025-04-09,2025-04-11 03:00:00,51,969,1,1
4734,Hanoi Center,Bike,2025-06-13,2025-06-14 18:00:00,42,546,4,1
4735,Hanoi Center,Bike,2025-04-04,2025-04-06 09:00:00,57,912,1,1
4736,Hanoi Center,Bike,2025-03-24,2025-03-25 12:00:00,36,252,1,1
4737,Hanoi Center,Car,2025-08-03,2025-08-03 18:00:00,18,288,3,0
4738,Da Nang City,Car,2025-06-14,2025-06-16 05:00:00,53,265,1,0
4739,Hanoi Center,Car,2025-10-26,2025-10-28 22:00:00,70,1260,1,0
4740,HCM District 1,Car,2025-02-11,2025-02-12 22:00:00,46,920,5,0
4741,Hanoi Center,Electric Scooter,2025-07-10,2025-07-11 08:00:00,32,608,5,0
4742,HCM District 1,Car,2025-05-23,2025-05-24 00:00:00,24,360,2,0
4743,Da Nang City,Electric Scooter,2025-09-28,2025-09-28 14:00:00,14,280,5,1
4744,Da Nang City,Car,2025-06-19,2025-06-21 10:00:00,58,1102,3,1
4745,HCM District 1,Car,2025-06-15,2025-06-16 14:00:00,38,266,3,0
4746,Da Nang City,Bike,2025-09-18,2025-09-20 20:00:00,68,1360,1,1
4747,Da Nang City,Electric Scooter,2025-07-06,2025-07-07 22:00:00,46,322,3,1
4748,Da Nang City,Electric Scooter,2025-01-05,2025-01-07 01:00:00,49,539,4,1
4749,Da Nang City,Bike,2025-02-10,2025-02-12 12:00:00,60,420,4,1
4750,HCM District 1,Car,2025-05-23,2025-05-24 20:00:00,44,352,4,1
4751,HCM District 1,Car,2025-01-17,2025-01-19 11:00:00,59,472,2,0
4752,HCM District 1,Bike,2025-06-23,2025-06-23 13:00:00,13,117,5,1
4753,Hanoi Center,Car,2025-08-21,2025-08-21 17:00:00,17,323,4,0
4754,HCM District 1,Bike,2025-01-20,2025-01-20 23:00:00,23,161,2,0
4755,Da Nang City,Bike,2025-06-10,2025-06-10 20:00:00,20,400,1,0
4756,Da Nang City,Bike,2025-05-13,2025-05-13 19:00:00,19,266,2,0
4757,HCM District 1,Car,2025-10-06,2025-10-06 09:00:00,9,99,1,1
4758,Da Nang City,Electric Scooter,2025-07-27,2025-07-29 03:00:00,51,663,4,0
4759,HCM District 1,Car,2025-10-25,2025-10-27 03:00:00,51,969,2,0
4760,Da Nang City,Car,2025-08-02,2025-08-02 11:00:00,11,187,1,0
4761,Da Nang City,Electric Scooter,2025-02-06,2025-02-08 20:00:00,68,544,1,1
4762,Hanoi Center,Electric Scooter,2025-03-14,2025-03-16 01:00:00,49,637,3,1
4763,Hanoi Center,Bike,2025-09-19,2025-09-21 23:00:00,71,1349,5,1
4764,Hanoi Center,Car,2025-06-19,2025-06-20 05:00:00,29,261,2,0
4765,Hanoi Center,Electric Scooter,2025-04-22,2025-04-24 00:00:00,48,768,5,1
4766,Da Nang City,Car,2025-04-15,2025-04-16 14:00:00,38,608,2,1
4767,HCM District 1,Bike,2025-04-15,2025-04-16 07:00:00,31,527,1,1
4768,Hanoi Center,Electric Scooter,2025-08-27,2025-08-29 07:00:00,55,935,4,0
4769,Hanoi Center,Bike,2025-02-15,2025-02-16 09:00:00,33,594,3,0
4770,HCM District 1,Electric Scooter,2025-10-02,2025-10-04 07:00:00,55,330,3,1
4771,HCM District 1,Car,2025-07-31,2025-08-02 10:00:00,58,986,3,1
4772,Hanoi Center,Car,2025-10-08,2025-10-09 07:00:00,31,620,1,1
4773,Da Nang City,Bike,2025-03-27,2025-03-29 00:00:00,48,480,3,1
4774,HCM District 1,Car,2025-09-03,2025-09-06 00:00:00,72,1080,2,0
4775,Da Nang City,Electric Scooter,2025-01-17,2025-01-19 13:00:00,61,671,1,0
4776,Da Nang City,Electric Scooter,2025-02-05,2025-02-06 22:00:00,46,368,3,1
4777,Hanoi Center,Bike,2025-03-17,2025-03-19 15:00:00,63,567,4,0
4778,Da Nang City,Electric Scooter,2025-07-30,2025-07-30 03:00:00,3,45,2,0
4779,Hanoi Center,Car,2025-02-07,2025-02-07 10:00:00,10,160,4,1
4780,Hanoi Center,Car,2025-04-14,2025-04-16 12:00:00,60,1200,4,1
4781,Da Nang City,Electric Scooter,2025-06-30,2025-06-30 21:00:00,21,378,2,1
4782,Hanoi Center,Electric Scooter,2025-01-04,2025-01-04 14:00:00,14,182,4,1
4783,Hanoi Center,Car,2025-08-15,2025-08-17 03:00:00,51,459,1,1
4784,Da Nang City,Bike,2025-01-14,2025-01-15 03:00:00,27,297,4,0
4785,Da Nang City,Electric Scooter,2025-05-23,2025-05-24 05:00:00,29,522,2,1
4786,Da Nang City,Car,2025-03-03,2025-03-03 07:00:00,7,63,5,1
4787,Da Nang City,Car,2025-08-20,2025-08-21 17:00:00,41,779,3,1
4788,HCM District 1,Electric Scooter,2025-07-22,2025-07-23 13:00:00,37,296,2,0
4789,HCM District 1,Car,2025-08-16,2025-08-18 21:00:00,69,1104,2,0
4790,HCM District 1,Bike,2025-04-24,2025-04-26 20:00:00,68,1224,5,1
4791,HCM District 1,Bike,2025-02-11,2025-02-11 21:00:00,21,189,5,0
4792,Da Nang City,Car,2025-08-15,2025-08-17 08:00:00,56,504,4,0
4793,HCM District 1,Bike,2025-01-31,2025-02-02 04:00:00,52,468,4,1
4794,HCM District 1,Bike,2025-03-04,2025-03-04 14:00:00,14,182,5,1
4795,Da Nang City,Car,2025-10-17,2025-10-19 04:00:00,52,364,2,1
4796,Hanoi Center,Electric Scooter,2025-09-15,2025-09-15 01:00:00,1,11,4,1
4797,HCM District 1,Electric Scooter,2025-03-21,2025-03-23 09:00:00,57,1140,5,0
4798,HCM District 1,Car,2025-01-28,2025-01-30 07:00:00,55,1100,1,1
4799,Da Nang City,Electric Scooter,2025-07-14,2025-07-15 19:00:00,43,344,5,0
4800,Hanoi Center,Car,2025-10-28,2025-10-28 07:00:00,7,91,3,0
4801,HCM District 1,Bike,2025-09-06,2025-09-06 01:00:00,1,18,3,1
4802,HCM District 1,Car,2025-08-20,2025-08-20 09:00:00,9,144,1,1
4803,Hanoi Center,Bike,2025-04-09,2025-04-10 20:00:00,44,880,4,1
4804,HCM District 1,Bike,2025-06-13,2025-06-13 22:00:00,22,110,2,0
4805,Da Nang City,Electric Scooter,2025-02-03,2025-02-05 19:00:00,67,469,1,1
4806,Da Nang City,Electric Scooter,2025-02-14,2025-02-15 20:00:00,44,572,2,1
4807,Da Nang City,Car,2025-03-14,2025-03-15 19:00:00,43,602,1,0
4808,Da Nang City,Electric Scooter,2025-10-27,2025-10-28 09:00:00,33,594,5,0
4809,HCM District 1,Bike,2025-08-29,2025-08-30 23:00:00,47,893,4,1
4810,HCM District 1,Bike,2025-03-26,2025-03-27 15:00:00,39,702,5,0
4811,Da Nang City,Electric Scooter,2025-03-15,2025-03-16 01:00:00,25,275,3,1
4812,Hanoi Center,Car,2025-08-24,2025-08-26 11:00:00,59,354,3,1
4813,Hanoi Center,Bike,2025-08-08,2025-08-09 09:00:00,33,297,1,1
4814,Hanoi Center,Car,2025-01-07,2025-01-09 13:00:00,61,1159,1,0
4815,Hanoi Center,Car,2025-07-28,2025-07-30 16:00:00,64,512,1,0
4816,HCM District 1,Car,2025-07-06,2025-07-08 02:00:00,50,300,4,0
4817,Da Nang City,Electric Scooter,2025-05-04,2025-05-05 22:00:00,46,552,1,1
4818,Da Nang City,Bike,2025-09-14,2025-09-14 23:00:00,23,184,3,1
4819,HCM District 1,Bike,2025-05-27,2025-05-29 07:00:00,55,1100,3,1
4820,HCM District 1,Electric Scooter,2025-09-20,2025-09-20 22:00:00,22,198,1,1
4821,HCM District 1,Electric Scooter,2025-10-18,2025-10-19 15:00:00,39,663,5,0
4822,Da Nang City,Car,2025-02-08,2025-02-10 19:00:00,67,670,3,1
4823,Hanoi Center,Electric Scooter,2025-09-13,2025-09-13 14:00:00,14,98,1,0
4824,HCM District 1,Car,2025-10-13,2025-10-13 20:00:00,20,200,4,1
4825,Da Nang City,Car,2025-08-19,2025-08-20 10:00:00,34,204,1,1
4826,HCM District 1,Car,2025-06-29,2025-06-30 18:00:00,42,840,2,1
4827,HCM District 1,Bike,2025-07-30,2025-08-01 05:00:00,53,689,1,1
4828,Hanoi Center,Electric Scooter,2025-06-01,2025-06-02 06:00:00,30,480,5,1
4829,Da Nang City,Bike,2025-09-26,2025-09-29 00:00:00,72,1080,5,1
4830,HCM District 1,Bike,2025-08-15,2025-08-16 03:00:00,27,405,2,0
4831,Hanoi Center,Car,2025-08-01,2025-08-03 14:00:00,62,558,5,1
4832,Da Nang City,Car,2025-07-22,2025-07-22 04:00:00,4,36,1,1
4833,HCM District 1,Electric Scooter,2025-09-16,2025-09-18 16:00:00,64,448,5,1
4834,HCM District 1,Car,2025-04-29,2025-05-01 21:00:00,69,414,2,1
4835,HCM District 1,Bike,2025-08-27,2025-08-30 00:00:00,72,576,4,1
4836,Da Nang City,Electric Scooter,2025-02-06,2025-02-07 06:00:00,30,600,2,0
4837,HCM District 1,Electric Scooter,2025-09-16,2025-09-16 19:00:00,19,247,1,1
4838,Da Nang City,Car,2025-03-19,2025-03-19 07:00:00,7,42,1,0
4839,Hanoi Center,Bike,2025-08-22,2025-08-24 05:00:00,53,318,5,0
4840,Hanoi Center,Car,2025-10-23,2025-10-25 03:00:00,51,969,1,0
4841,HCM District 1,Car,2025-01-26,2025-01-27 16:00:00,40,720,1,1
4842,Hanoi Center,Car,2025-08-18,2025-08-18 20:00:00,20,120,3,1
4843,Hanoi Center,Car,2025-04-13,2025-04-14 21:00:00,45,360,4,1
4844,Hanoi Center,Bike,2025-02-22,2025-02-22 21:00:00,21,399,2,0
4845,Da Nang City,Electric Scooter,2025-01-15,2025-01-17 02:00:00,50,650,1,1
4846,Hanoi Center,Electric Scooter,2025-03-17,2025-03-17 16:00:00,16,176,3,1
4847,HCM District 1,Bike,2025-03-25,2025-03-25 01:00:00,1,10,5,1
4848,Hanoi Center,Car,2025-04-27,2025-04-29 18:00:00,66,462,5,1
4849,Da Nang City,Electric Scooter,2025-09-07,2025-09-09 07:00:00,55,770,4,0
4850,HCM District 1,Electric Scooter,2025-05-25,2025-05-26 10:00:00,34,170,3,0
4851,Da Nang City,Electric Scooter,2025-07-31,2025-08-01 13:00:00,37,518,2,0
4852,Hanoi Center,Car,2025-01-05,2025-01-05 17:00:00,17,340,5,1
4853,HCM District 1,Electric Scooter,2025-06-26,2025-06-27 12:00:00,36,576,1,0
4854,HCM District 1,Electric Scooter,2025-03-16,2025-03-16 22:00:00,22,198,1,1
4855,HCM District 1,Electric Scooter,2025-06-07,2025-06-08 07:00:00,31,341,5,1
4856,HCM District 1,Electric Scooter,2025-07-02,2025-07-03 20:00:00,44,880,4,0
4857,Hanoi Center,Bike,2025-08-25,2025-08-27 09:00:00,57,570,2,1
4858,Da Nang City,Bike,2025-01-11,2025-01-13 06:00:00,54,972,1,1
4859,HCM District 1,Car,2025-08-31,2025-09-01 14:00:00,38,760,5,0
4860,Hanoi Center,Bike,2025-05-13,2025-05-14 21:00:00,45,270,3,0
4861,HCM District 1,Bike,2025-03-28,2025-03-28 07:00:00,7,140,3,0
4862,HCM District 1,Car,2025-01-19,2025-01-21 21:00:00,69,552,3,1
4863,Hanoi Center,Electric Scooter,2025-03-20,2025-03-20 16:00:00,16,160,2,0
4864,Da Nang City,Bike,2025-06-26,2025-06-28 09:00:00,57,513,1,1
4865,Da Nang City,Car,2025-10-26,2025-10-26 01:00:00,1,20,3,0
4866,Hanoi Center,Bike,2025-06-11,2025-06-11 06:00:00,6,30,4,0
4867,Hanoi Center,Car,2025-05-12,2025-05-13 03:00:00,27,540,5,0
4868,Da Nang City,Electric Scooter,2025-08-17,2025-08-19 07:00:00,55,935,2,0
4869,HCM District 1,Electric Scooter,2025-01-06,2025-01-06 18:00:00,18,306,1,1
4870,Hanoi Center,Car,2025-02-06,2025-02-07 03:00:00,27,486,5,1
4871,HCM District 1,Bike,2025-09-10,2025-09-11 14:00:00,38,228,1,0
4872,HCM District 1,Car,2025-06-24,2025-06-26 13:00:00,61,976,4,1
4873,Da Nang City,Bike,2025-06-08,2025-06-10 08:00:00,56,616,2,1
4874,HCM District 1,Bike,2025-04-27,2025-04-27 07:00:00,7,119,1,0
4875,HCM District 1,Bike,2025-02-27,2025-03-02 00:00:00,72,576,5,0
4876,Hanoi Center,Electric Scooter,2025-02-20,2025-02-21 06:00:00,30,450,2,0
4877,HCM District 1,Electric Scooter,2025-02-02,2025-02-02 20:00:00,20,360,2,0
4878,Da Nang City,Bike,2025-05-02,2025-05-04 20:00:00,68,1292,1,0
4879,Da Nang City,Electric Scooter,2025-04-12,2025-04-13 07:00:00,31,186,3,0
4880,Da Nang City,Car,2025-08-09,2025-08-09 03:00:00,3,24,5,0
4881,HCM District 1,Car,2025-10-09,2025-10-09 05:00:00,5,95,3,1
4882,Hanoi Center,Car,2025-04-11,2025-04-13 14:00:00,62,682,1,1
4883,Da Nang City,Car,2025-08-02,2025-08-04 09:00:00,57,1026,2,1
4884,HCM District 1,Electric Scooter,2025-04-28,2025-04-30 21:00:00,69,1104,3,0
4885,Hanoi Center,Bike,2025-10-05,2025-10-06 20:00:00,44,308,1,1
4886,Da Nang City,Car,2025-06-21,2025-06-22 22:00:00,46,322,3,0
4887,Da Nang City,Electric Scooter,2025-06-25,2025-06-25 08:00:00,8,64,5,1
4888,HCM District 1,Car,2025-09-03,2025-09-04 05:00:00,29,319,2,1
4889,Hanoi Center,Bike,2025-03-06,2025-03-06 22:00:00,22,418,2,0
4890,Hanoi Center,Car,2025-10-02,2025-10-02 20:00:00,20,400,1,0
4891,Da Nang City,Electric Scooter,2025-06-12,2025-06-14 21:00:00,69,690,1,1
4892,Da Nang City,Car,2025-02-17,2025-02-17 07:00:00,7,42,3,0
4893,Hanoi Center,Electric Scooter,2025-03-04,2025-03-05 03:00:00,27,486,3,0
4894,Da Nang City,Car,2025-01-26,2025-01-28 00:00:00,48,384,1,0
4895,Da Nang City,Bike,2025-06-12,2025-06-12 22:00:00,22,110,2,0
4896,HCM District 1,Bike,2025-09-23,2025-09-23 15:00:00,15,90,5,0
4897,Da Nang City,Bike,2025-10-05,2025-10-07 05:00:00,53,1060,3,1
4898,HCM District 1,Bike,2025-02-20,2025-02-22 20:00:00,68,340,3,0
4899,Hanoi Center,Car,2025-09-06,2025-09-07 03:00:00,27,297,2,1
4900,HCM District 1,Bike,2025-09-14,2025-09-16 10:00:00,58,638,4,1
4901,Hanoi Center,Electric Scooter,2025-08-31,2025-09-01 02:00:00,26,130,4,0
4902,HCM District 1,Electric Scooter,2025-09-15,2025-09-17 09:00:00,57,627,1,1
4903,HCM District 1,Car,2025-03-19,2025-03-19 23:00:00,23,322,2,0
4904,Hanoi Center,Car,2025-06-26,2025-06-27 02:00:00,26,130,2,0
4905,HCM District 1,Electric Scooter,2025-06-12,2025-06-13 04:00:00,28,448,1,0
4906,HCM District 1,Electric Scooter,2025-01-06,2025-01-06 01:00:00,1,5,4,1
4907,Hanoi Center,Bike,2025-07-23,2025-07-24 03:00:00,27,513,4,1
4908,HCM District 1,Electric Scooter,2025-09-28,2025-09-30 13:00:00,61,1098,4,0
4909,HCM District 1,Electric Scooter,2025-09-19,2025-09-19 21:00:00,21,105,1,1
4910,Da Nang City,Car,2025-08-16,2025-08-17 05:00:00,29,406,5,0
4911,Hanoi Center,Bike,2025-09-27,2025-09-27 23:00:00,23,414,2,1
4912,HCM District 1,Electric Scooter,2025-10-20,2025-10-22 21:00:00,69,552,3,1
4913,HCM District 1,Car,2025-05-14,2025-05-17 00:00:00,72,792,3,1
4914,Hanoi Center,Electric Scooter,2025-03-08,2025-03-10 02:00:00,50,550,1,0
4915,Hanoi Center,Car,2025-10-11,2025-10-11 23:00:00,23,230,1,1
4916,HCM District 1,Electric Scooter,2025-04-30,2025-05-02 13:00:00,61,1037,2,1
4917,HCM District 1,Electric Scooter,2025-06-10,2025-06-10 07:00:00,7,77,2,1
4918,HCM District 1,Car,2025-01-26,2025-01-26 17:00:00,17,289,1,1
4919,HCM District 1,Electric Scooter,2025-04-05,2025-04-06 23:00:00,47,282,2,1
4920,HCM District 1,Car,2025-09-30,2025-10-01 23:00:00,47,282,3,0
4921,HCM District 1,Car,2025-03-31,2025-04-02 02:00:00,50,650,5,1
4922,Da Nang City,Bike,2025-09-24,2025-09-24 22:00:00,22,198,5,0
4923,HCM District 1,Electric Scooter,2025-08-22,2025-08-22 18:00:00,18,360,1,0
4924,Hanoi Center,Electric Scooter,2025-08-18,2025-08-18 17:00:00,17,204,3,1
4925,Hanoi Center,Electric Scooter,2025-08-24,2025-08-25 04:00:00,28,308,4,1
4926,Hanoi Center,Electric Scooter,2025-01-02,2025-01-02 21:00:00,21,168,3,1
4927,Hanoi Center,Bike,2025-01-28,2025-01-28 15:00:00,15,165,1,0
4928,Da Nang City,Car,2025-04-26,2025-04-26 21:00:00,21,357,3,1
4929,Da Nang City,Car,2025-09-07,2025-09-09 19:00:00,67,536,3,0
4930,Hanoi Center,Bike,2025-02-09,2025-02-10 18:00:00,42,210,2,1
4931,Hanoi Center,Bike,2025-01-16,2025-01-17 01:00:00,25,150,2,0
4932,HCM District 1,Bike,2025-10-13,2025-10-15 21:00:00,69,828,2,1
4933,Da Nang City,Bike,2025-09-01,2025-09-03 03:00:00,51,816,5,0
4934,HCM District 1,Electric Scooter,2025-07-16,2025-07-18 23:00:00,71,923,3,1
4935,Da Nang City,Electric Scooter,2025-07-01,2025-07-02 03:00:00,27,405,1,1
4936,Hanoi Center,Car,2025-06-15,2025-06-17 16:00:00,64,448,5,0
4937,HCM District 1,Bike,2025-06-19,2025-06-19 12:00:00,12,228,4,0
4938,HCM District 1,Bike,2025-05-14,2025-05-15 10:00:00,34,578,1,0
4939,HCM District 1,Car,2025-07-05,2025-07-07 10:00:00,58,928,5,1
4940,Da Nang City,Electric Scooter,2025-10-04,2025-10-06 00:00:00,48,528,3,1
4941,Da Nang City,Bike,2025-07-26,2025-07-26 13:00:00,13,117,1,1
4942,Da Nang City,Car,2025-05-25,2025-05-26 12:00:00,36,648,3,0
4943,Hanoi Center,Bike,2025-07-23,2025-07-23 19:00:00,19,304,5,1
4944,HCM District 1,Bike,2025-08-18,2025-08-20 09:00:00,57,912,1,0
4945,HCM District 1,Car,2025-06-09,2025-06-10 11:00:00,35,630,1,1
4946,Hanoi Center,Bike,2025-04-17,2025-04-18 08:00:00,32,288,2,1
4947,Da Nang City,Bike,2025-07-02,2025-07-03 09:00:00,33,627,2,0
4948,HCM District 1,Car,2025-06-29,2025-06-29 22:00:00,22,154,3,1
4949,HCM District 1,Car,2025-04-19,2025-04-20 08:00:00,32,480,4,1
4950,Da Nang City,Bike,2025-08-01,2025-08-03 15:00:00,63,630,3,0
4951,HCM District 1,Electric Scooter,2025-02-11,2025-02-11 11:00:00,11,187,1,0
4952,Hanoi Center,Car,2025-03-01,2025-03-03 07:00:00,55,605,3,1
4953,HCM District 1,Bike,2025-03-25,2025-03-27 04:00:00,52,312,2,1
4954,Hanoi Center,Electric Scooter,2025-02-08,2025-02-08 18:00:00,18,144,2,0
4955,Da Nang City,Electric Scooter,2025-04-11,2025-04-12 16:00:00,40,200,4,1
4956,Da Nang City,Car,2025-08-30,2025-08-30 01:00:00,1,7,2,0
4957,HCM District 1,Electric Scooter,2025-10-06,2025-10-06 16:00:00,16,144,2,1
4958,HCM District 1,Electric Scooter,2025-05-07,2025-05-08 01:00:00,25,425,2,0
4959,Hanoi Center,Electric Scooter,2025-09-23,2025-09-23 12:00:00,12,192,5,0
4960,Hanoi Center,Car,2025-03-24,2025-03-25 00:00:00,24,288,4,1
4961,HCM District 1,Car,2025-02-24,2025-02-25 08:00:00,32,192,2,1
4962,Hanoi Center,Car,2025-07-10,2025-07-12 20:00:00,68,680,5,0
4963,Da Nang City,Car,2025-08-17,2025-08-19 04:00:00,52,728,3,0
4964,Da Nang City,Car,2025-01-17,2025-01-18 10:00:00,34,476,4,1
4965,HCM District 1,Bike,2025-09-01,2025-09-01 10:00:00,10,70,2,1
4966,Da Nang City,Electric Scooter,2025-03-05,2025-03-05 12:00:00,12,120,4,1
4967,Da Nang City,Car,2025-02-01,2025-02-02 02:00:00,26,130,2,1
4968,Da Nang City,Car,2025-09-06,2025-09-07 08:00:00,32,288,5,0
4969,HCM District 1,Car,2025-03-02,2025-03-04 06:00:00,54,648,3,1
4970,Hanoi Center,Electric Scooter,2025-07-20,2025-07-21 11:00:00,35,245,2,0
4971,HCM District 1,Bike,2025-09-09,2025-09-11 21:00:00,69,621,3,0
4972,HCM District 1,Electric Scooter,2025-07-21,2025-07-23 15:00:00,63,378,5,1
4973,Da Nang City,Bike,2025-06-25,2025-06-26 03:00:00,27,189,2,1
4974,Hanoi Center,Car,2025-09-15,2025-09-17 20:00:00,68,680,4,1
4975,Hanoi Center,Electric Scooter,2025-07-09,2025-07-10 17:00:00,41,492,1,0
4976,Da Nang City,Car,2025-09-14,2025-09-14 20:00:00,20,300,5,1
4977,HCM District 1,Car,2025-07-20,2025-07-22 15:00:00,63,1260,1,0
4978,Hanoi Center,Bike,2025-01-30,2025-01-30 01:00:00,1,14,3,0
4979,HCM District 1,Car,2025-03-14,2025-03-15 00:00:00,24,216,2,0
4980,Da Nang City,Electric Scooter,2025-02-28,2025-02-28 10:00:00,10,100,5,0
4981,HCM District 1,Car,2025-08-20,2025-08-21 17:00:00,41,738,4,1
4982,Hanoi Center,Car,2025-05-31,2025-06-01 18:00:00,42,336,5,1
4983,HCM District 1,Bike,2025-02-04,2025-02-05 05:00:00,29,580,3,0
4984,Da Nang City,Electric Scooter,2025-01-27,2025-01-27 23:00:00,23,299,2,1
4985,HCM District 1,Bike,2025-01-24,2025-01-26 15:00:00,63,945,1,0
4986,HCM District 1,Car,2025-01-28,2025-01-29 15:00:00,39,780,1,1
4987,HCM District 1,Car,2025-01-03,2025-01-03 23:00:00,23,391,2,1
4988,Da Nang City,Car,2025-05-18,2025-05-18 14:00:00,14,210,3,1
4989,Hanoi Center,Car,2025-10-07,2025-10-09 08:00:00,56,448,4,1
4990,Da Nang City,Electric Scooter,2025-01-11,2025-01-12 00:00:00,24,456,5,0
4991,HCM District 1,Electric Scooter,2025-10-13,2025-10-15 08:00:00,56,280,1,1
4992,Da Nang City,Electric Scooter,2025-10-11,2025-10-11 09:00:00,9,153,2,1
4993,Hanoi Center,Bike,2025-08-29,2025-08-31 03:00:00,51,510,4,0
4994,HCM District 1,Electric Scooter,2025-06-24,2025-06-26 00:00:00,48,720,2,0
4995,Da Nang City,Car,2025-02-09,2025-02-10 19:00:00,43,559,1,1
4996,Hanoi Center,Bike,2025-01-26,2025-01-26 04:00:00,4,64,2,0
4997,HCM District 1,Electric Scooter,2025-10-15,2025-10-17 10:00:00,58,1044,2,0
4998,HCM District 1,Car,2025-10-07,2025-10-07 21:00:00,21,126,5,0
4999,Da Nang City,Car,2025-10-18,2025-10-20 17:00:00,65,520,2,1
5000,Da Nang City,Electric Scooter,2025-03-28,2025-03-30 08:00:00,56,840,5,1
5001,HCM District 1,Electric Scooter,2025-10-04,2025-10-04 09:00:00,9,144,2,1
5002,Hanoi Center,Electric Scooter,2025-07-07,2025-07-08 15:00:00,39,468,2,1
5003,Da Nang City,Bike,2025-08-16,2025-08-18 07:00:00,55,385,4,1
5004,HCM District 1,Car,2025-09-23,2025-09-25 02:00:00,50,800,1,0
5005,Hanoi Center,Car,2025-01-28,2025-01-30 03:00:00,51,663,5,0
5006,Da Nang City,Electric Scooter,2025-10-17,2025-10-18 05:00:00,29,580,1,0
5007,Hanoi Center,Electric Scooter,2025-06-10,2025-06-11 23:00:00,47,470,1,0
5008,Hanoi Center,Bike,2025-01-11,2025-01-11 22:00:00,22,132,5,1
5009,HCM District 1,Bike,2025-06-14,2025-06-14 15:00:00,15,255,1,0
5010,Da Nang City,Car,2025-07-20,2025-07-20 01:00:00,1,15,4,0
5011,Da Nang City,Car,2025-03-08,2025-03-08 20:00:00,20,140,1,1
5012,Da Nang City,Car,2025-09-07,2025-09-08 06:00:00,30,300,4,0
5013,Da Nang City,Bike,2025-08-24,2025-08-24 10:00:00,10,100,5,0
5014,Da Nang City,Car,2025-06-23,2025-06-23 22:00:00,22,132,5,0
5015,Da Nang City,Bike,2025-02-15,2025-02-16 08:00:00,32,544,2,0
5016,Da Nang City,Bike,2025-07-15,2025-07-17 13:00:00,61,549,2,0
5017,HCM District 1,Bike,2025-10-07,2025-10-07 21:00:00,21,399,1,1
5018,Da Nang City,Electric Scooter,2025-03-31,2025-04-01 20:00:00,44,880,5,1
5019,HCM District 1,Bike,2025-02-03,2025-02-03 09:00:00,9,171,2,0
5020,Da Nang City,Bike,2025-05-07,2025-05-07 03:00:00,3,54,1,1
5021,Hanoi Center,Car,2025-07-19,2025-07-19 19:00:00,19,152,3,0
5022,Hanoi Center,Electric Scooter,2025-03-01,2025-03-03 08:00:00,56,392,1,0
5023,HCM District 1,Electric Scooter,2025-02-24,2025-02-25 09:00:00,33,528,5,1
5024,HCM District 1,Car,2025-02-26,2025-02-27 21:00:00,45,720,1,0
5025,HCM District 1,Electric Scooter,2025-03-19,2025-03-19 09:00:00,9,117,5,1
5026,Hanoi Center,Electric Scooter,2025-07-11,2025-07-11 13:00:00,13,130,4,0
5027,Da Nang City,Electric Scooter,2025-03-04,2025-03-05 09:00:00,33,528,2,1
5028,Hanoi Center,Car,2025-10-12,2025-10-14 02:00:00,50,650,1,1
5029,Da Nang City,Electric Scooter,2025-10-15,2025-10-16 06:00:00,30,420,3,0
5030,Da Nang City,Bike,2025-05-29,2025-05-31 01:00:00,49,980,1,0
5031,HCM District 1,Bike,2025-02-22,2025-02-22 04:00:00,4,72,3,1
5032,Da Nang City,Bike,2025-01-06,2025-01-06 03:00:00,3,21,3,0
5033,HCM District 1,Electric Scooter,2025-01-12,2025-01-14 04:00:00,52,728,4,1
5034,Hanoi Center,Bike,2025-04-08,2025-04-09 01:00:00,25,400,4,1
5035,Da Nang City,Electric Scooter,2025-07-02,2025-07-04 08:00:00,56,392,4,0
5036,Hanoi Center,Electric Scooter,2025-09-15,2025-09-16 00:00:00,24,360,4,0
5037,HCM District 1,Bike,2025-05-09,2025-05-09 03:00:00,3,57,4,1
5038,HCM District 1,Bike,2025-09-26,2025-09-28 08:00:00,56,1120,3,0
5039,Hanoi Center,Car,2025-09-06,2025-09-08 12:00:00,60,660,3,1
5040,HCM District 1,Electric Scooter,2025-07-02,2025-07-02 07:00:00,7,105,4,1
5041,HCM District 1,Electric Scooter,2025-09-02,2025-09-02 01:00:00,1,15,4,1
5042,Hanoi Center,Electric Scooter,2025-04-09,2025-04-09 08:00:00,8,120,5,0
5043,Hanoi Center,Bike,2025-10-16,2025-10-18 14:00:00,62,1240,5,0
5044,Hanoi Center,Electric Scooter,2025-06-17,2025-06-20 00:00:00,72,648,3,0
5045,Da Nang City,Bike,2025-01-19,2025-01-19 04:00:00,4,36,5,0
5046,Da Nang City,Electric Scooter,2025-05-25,2025-05-27 13:00:00,61,976,3,0
5047,Da Nang City,Bike,2025-01-09,2025-01-12 00:00:00,72,936,1,0
5048,HCM District 1,Car,2025-09-30,2025-10-02 02:00:00,50,600,4,0
5049,Da Nang City,Car,2025-03-28,2025-03-30 03:00:00,51,918,2,1
5050,Hanoi Center,Bike,2025-09-21,2025-09-21 13:00:00,13,130,5,1
5051,HCM District 1,Electric Scooter,2025-08-12,2025-08-12 06:00:00,6,48,4,1
5052,HCM District 1,Car,2025-10-03,2025-10-04 05:00:00,29,551,4,1
5053,HCM District 1,Car,2025-03-16,2025-03-18 14:00:00,62,620,2,1
5054,HCM District 1,Car,2025-07-23,2025-07-25 07:00:00,55,275,5,1
5055,Da Nang City,Bike,2025-09-26,2025-09-28 12:00:00,60,660,2,0
5056,Da Nang City,Electric Scooter,2025-07-24,2025-07-24 06:00:00,6,78,4,0
5057,HCM District 1,Electric Scooter,2025-06-05,2025-06-05 05:00:00,5,25,1,0
5058,Da Nang City,Car,2025-04-15,2025-04-15 06:00:00,6,102,3,0
5059,HCM District 1,Car,2025-05-09,2025-05-09 02:00:00,2,12,5,0
5060,Hanoi Center,Car,2025-01-12,2025-01-12 10:00:00,10,200,1,0
5061,Hanoi Center,Bike,2025-08-06,2025-08-08 08:00:00,56,616,1,0
5062,Da Nang City,Bike,2025-06-11,2025-06-12 07:00:00,31,403,1,0
5063,HCM District 1,Electric Scooter,2025-03-18,2025-03-20 10:00:00,58,406,2,0
5064,Hanoi Center,Car,2025-09-30,2025-10-02 10:00:00,58,406,5,0
5065,Da Nang City,Bike,2025-05-25,2025-05-27 23:00:00,71,568,2,1
5066,Da Nang City,Car,2025-04-15,2025-04-17 13:00:00,61,915,3,0
5067,HCM District 1,Car,2025-02-06,2025-02-06 20:00:00,20,300,1,1
5068,Da Nang City,Bike,2025-06-24,2025-06-24 09:00:00,9,180,5,1
5069,HCM District 1,Electric Scooter,2025-07-16,2025-07-18 06:00:00,54,540,2,0
5070,Da Nang City,Car,2025-09-05,2025-09-05 19:00:00,19,380,1,1
5071,Hanoi Center,Car,2025-05-10,2025-05-11 03:00:00,27,189,2,1
5072,HCM District 1,Electric Scooter,2025-09-22,2025-09-23 08:00:00,32,288,2,0
5073,HCM District 1,Bike,2025-02-22,2025-02-22 06:00:00,6,90,1,0
5074,Da Nang City,Bike,2025-04-30,2025-05-01 12:00:00,36,648,3,0
5075,HCM District 1,Bike,2025-07-26,2025-07-29 00:00:00,72,432,1,0
5076,HCM District 1,Electric Scooter,2025-06-04,2025-06-05 21:00:00,45,405,3,1
5077,Da Nang City,Car,2025-03-22,2025-03-23 21:00:00,45,540,5,0
5078,HCM District 1,Car,2025-07-07,2025-07-09 21:00:00,69,759,4,0
5079,Hanoi Center,Electric Scooter,2025-07-02,2025-07-02 20:00:00,20,380,5,1
5080,Da Nang City,Car,2025-10-23,2025-10-24 19:00:00,43,817,5,1
5081,Hanoi Center,Car,2025-10-19,2025-10-19 13:00:00,13,195,2,1
5082,Hanoi Center,Electric Scooter,2025-08-07,2025-08-10 00:00:00,72,1080,2,1
5083,Da Nang City,Electric Scooter,2025-04-26,2025-04-28 05:00:00,53,954,5,1
5084,HCM District 1,Bike,2025-08-17,2025-08-18 08:00:00,32,640,2,0
5085,Da Nang City,Electric Scooter,2025-07-20,2025-07-22 15:00:00,63,819,4,0
5086,Da Nang City,Bike,2025-08-18,2025-08-18 05:00:00,5,80,2,0
5087,Hanoi Center,Car,2025-05-05,2025-05-07 12:00:00,60,1080,1,1
5088,Hanoi Center,Bike,2025-01-18,2025-01-19 18:00:00,42,252,3,0
5089,Hanoi Center,Electric Scooter,2025-01-19,2025-01-19 22:00:00,22,198,3,0
5090,Da Nang City,Electric Scooter,2025-02-13,2025-02-14 14:00:00,38,494,2,1
5091,Da Nang City,Bike,2025-06-04,2025-06-05 12:00:00,36,720,1,1
5092,Hanoi Center,Bike,2025-08-23,2025-08-25 04:00:00,52,572,3,0
5093,Hanoi Center,Bike,2025-02-17,2025-02-17 04:00:00,4,56,2,0
5094,HCM District 1,Electric Scooter,2025-08-22,2025-08-23 16:00:00,40,760,3,0
5095,Da Nang City,Electric Scooter,2025-06-02,2025-06-03 11:00:00,35,630,5,1
5096,Hanoi Center,Bike,2025-08-29,2025-08-30 11:00:00,35,665,4,1
5097,Da Nang City,Bike,2025-06-06,2025-06-06 13:00:00,13,78,5,1
5098,Da Nang City,Electric Scooter,2025-03-28,2025-03-30 16:00:00,64,448,3,1
5099,Da Nang City,Electric Scooter,2025-07-22,2025-07-22 02:00:00,2,10,4,0
5100,HCM District 1,Bike,2025-01-24,2025-01-26 12:00:00,60,360,1,1
5101,Hanoi Center,Bike,2025-09-11,2025-09-13 00:00:00,48,672,3,0
5102,Hanoi Center,Bike,2025-02-23,2025-02-25 05:00:00,53,848,4,0
5103,Hanoi Center,Car,2025-09-22,2025-09-22 06:00:00,6,120,2,0
5104,HCM District 1,Electric Scooter,2025-04-17,2025-04-17 11:00:00,11,121,3,1
5105,Hanoi Center,Electric Scooter,2025-05-03,2025-05-03 13:00:00,13,65,2,1
5106,HCM District 1,Electric Scooter,2025-08-15,2025-08-16 11:00:00,35,455,3,1
5107,Da Nang City,Car,2025-01-18,2025-01-20 01:00:00,49,343,4,1
5108,Da Nang City,Bike,2025-09-05,2025-09-05 05:00:00,5,35,2,0
5109,Hanoi Center,Electric Scooter,2025-10-17,2025-10-17 10:00:00,10,130,4,1
5110,Hanoi Center,Car,2025-03-24,2025-03-25 23:00:00,47,517,3,0
5111,Da Nang City,Electric Scooter,2025-07-08,2025-07-10 02:00:00,50,600,1,0
5112,HCM District 1,Car,2025-08-02,2025-08-02 15:00:00,15,210,4,1
5113,HCM District 1,Car,2025-03-04,2025-03-04 22:00:00,22,352,2,1
5114,Da Nang City,Bike,2025-03-22,2025-03-24 02:00:00,50,550,4,1
5115,Hanoi Center,Electric Scooter,2025-08-02,2025-08-03 00:00:00,24,480,3,0
5116,Da Nang City,Car,2025-06-09,2025-06-11 00:00:00,48,960,1,0
5117,Da Nang City,Electric Scooter,2025-09-24,2025-09-25 06:00:00,30,480,3,1
5118,Da Nang City,Bike,2025-08-07,2025-08-07 16:00:00,16,160,4,0
5119,Hanoi Center,Electric Scooter,2025-03-01,2025-03-02 23:00:00,47,517,1,0
5120,Da Nang City,Car,2025-03-21,2025-03-21 08:00:00,8,104,1,1
5121,Hanoi Center,Bike,2025-05-30,2025-05-30 04:00:00,4,60,5,1
5122,Da Nang City,Car,2025-04-13,2025-04-13 13:00:00,13,234,2,1
5123,Hanoi Center,Electric Scooter,2025-07-31,2025-07-31 11:00:00,11,198,2,1
5124,Hanoi Center,Bike,2025-07-29,2025-07-29 12:00:00,12,216,2,1
5125,Da Nang City,Car,2025-06-06,2025-06-07 16:00:00,40,760,3,1
5126,HCM District 1,Electric Scooter,2025-02-21,2025-02-22 11:00:00,35,455,4,0
5127,Da Nang City,Electric Scooter,2025-10-18,2025-10-18 09:00:00,9,90,2,1
5128,HCM District 1,Car,2025-06-06,2025-06-06 20:00:00,20,260,3,0
5129,HCM District 1,Electric Scooter,2025-01-08,2025-01-08 15:00:00,15,165,4,0
5130,Da Nang City,Bike,2025-04-02,2025-04-03 10:00:00,34,204,2,0
5131,Da Nang City,Car,2025-01-01,2025-01-01 09:00:00,9,135,1,0
5132,Hanoi Center,Electric Scooter,2025-05-22,2025-05-24 18:00:00,66,462,4,1
5133,Hanoi Center,Electric Scooter,2025-07-10,2025-07-11 16:00:00,40,640,3,0
5134,HCM District 1,Electric Scooter,2025-06-06,2025-06-08 17:00:00,65,650,3,0
5135,HCM District 1,Car,2025-02-08,2025-02-08 10:00:00,10,200,4,0
5136,HCM District 1,Electric Scooter,2025-09-24,2025-09-25 13:00:00,37,666,3,1
5137,Hanoi Center,Car,2025-07-31,2025-07-31 03:00:00,3,15,4,0
5138,Da Nang City,Electric Scooter,2025-05-24,2025-05-24 10:00:00,10,50,2,1
5139,Hanoi Center,Bike,2025-05-29,2025-05-30 13:00:00,37,666,5,0
5140,HCM District 1,Bike,2025-08-16,2025-08-17 13:00:00,37,222,3,1
5141,Da Nang City,Bike,2025-01-03,2025-01-05 02:00:00,50,650,1,0
5142,Da Nang City,Car,2025-03-06,2025-03-06 02:00:00,2,20,4,1
5143,Da Nang City,Car,2025-05-20,2025-05-20 20:00:00,20,180,4,0
5144,HCM District 1,Car,2025-07-01,2025-07-03 07:00:00,55,825,4,1
5145,HCM District 1,Electric Scooter,2025-04-05,2025-04-06 03:00:00,27,540,4,0
5146,Hanoi Center,Car,2025-01-10,2025-01-12 19:00:00,67,402,3,0
5147,Da Nang City,Bike,2025-01-17,2025-01-18 03:00:00,27,189,1,0
5148,Da Nang City,Bike,2025-04-30,2025-05-02 22:00:00,70,700,2,0
5149,Da Nang City,Electric Scooter,2025-08-04,2025-08-05 14:00:00,38,190,3,1
5150,Da Nang City,Car,2025-05-04,2025-05-04 15:00:00,15,105,4,0
5151,Hanoi Center,Car,2025-05-09,2025-05-11 02:00:00,50,250,4,0
5152,HCM District 1,Bike,2025-08-23,2025-08-25 18:00:00,66,462,4,0
5153,HCM District 1,Electric Scooter,2025-01-01,2025-01-01 06:00:00,6,102,3,1
5154,HCM District 1,Bike,2025-03-30,2025-03-31 04:00:00,28,308,4,1
5155,HCM District 1,Bike,2025-03-23,2025-03-25 20:00:00,68,408,4,1
5156,HCM District 1,Bike,2025-06-22,2025-06-22 15:00:00,15,165,1,1
5157,Da Nang City,Bike,2025-04-17,2025-04-18 12:00:00,36,504,4,0
5158,Hanoi Center,Electric Scooter,2025-07-21,2025-07-22 06:00:00,30,150,1,0
5159,Hanoi Center,Car,2025-10-08,2025-10-10 16:00:00,64,576,4,1
5160,Hanoi Center,Bike,2025-02-19,2025-02-20 17:00:00,41,533,4,1
5161,Da Nang City,Electric Scooter,2025-01-22,2025-01-23 04:00:00,28,448,2,0
5162,Da Nang City,Electric Scooter,2025-10-14,2025-10-14 21:00:00,21,231,5,0
5163,Da Nang City,Electric Scooter,2025-10-08,2025-10-08 19:00:00,19,152,1,1
5164,Hanoi Center,Car,2025-08-22,2025-08-23 12:00:00,36,504,4,1
5165,Hanoi Center,Electric Scooter,2025-10-04,2025-10-04 04:00:00,4,48,3,1
5166,Hanoi Center,Bike,2025-01-17,2025-01-17 23:00:00,23,391,4,1
5167,Hanoi Center,Car,2025-08-06,2025-08-06 23:00:00,23,345,2,0
5168,Hanoi Center,Electric Scooter,2025-05-06,2025-05-08 14:00:00,62,744,3,0
5169,HCM District 1,Car,2025-02-08,2025-02-09 19:00:00,43,301,1,1
5170,HCM District 1,Bike,2025-07-04,2025-07-04 23:00:00,23,138,3,1
5171,Hanoi Center,Car,2025-09-06,2025-09-06 09:00:00,9,180,1,1
5172,Da Nang City,Electric Scooter,2025-06-22,2025-06-23 02:00:00,26,494,3,1
5173,Da Nang City,Bike,2025-05-12,2025-05-13 11:00:00,35,315,4,1
5174,HCM District 1,Electric Scooter,2025-04-05,2025-04-05 23:00:00,23,414,1,1
5175,HCM District 1,Electric Scooter,2025-06-07,2025-06-08 17:00:00,41,656,3,0
5176,HCM District 1,Electric Scooter,2025-09-07,2025-09-07 07:00:00,7,112,4,1
5177,Hanoi Center,Car,2025-04-10,2025-04-10 16:00:00,16,304,2,0
5178,Hanoi Center,Electric Scooter,2025-06-26,2025-06-27 02:00:00,26,520,3,1
5179,Da Nang City,Electric Scooter,2025-05-25,2025-05-25 09:00:00,9,81,3,0
5180,Hanoi Center,Bike,2025-01-21,2025-01-21 05:00:00,5,70,3,0
5181,HCM District 1,Electric Scooter,2025-06-27,2025-06-27 03:00:00,3,51,3,0
5182,Da Nang City,Car,2025-09-13,2025-09-14 19:00:00,43,817,5,0
5183,Da Nang City,Electric Scooter,2025-09-20,2025-09-22 21:00:00,69,759,1,1
5184,HCM District 1,Car,2025-04-10,2025-04-10 23:00:00,23,115,4,0
5185,Hanoi Center,Car,2025-09-13,2025-09-15 15:00:00,63,504,4,1
5186,Hanoi Center,Car,2025-09-17,2025-09-19 00:00:00,48,768,4,0
5187,Hanoi Center,Electric Scooter,2025-09-03,2025-09-05 00:00:00,48,384,4,0
5188,Da Nang City,Bike,2025-08-09,2025-08-10 08:00:00,32,352,4,0
5189,Hanoi Center,Bike,2025-01-16,2025-01-18 00:00:00,48,816,5,1
5190,Hanoi Center,Electric Scooter,2025-07-08,2025-07-09 02:00:00,26,130,5,0
5191,HCM District 1,Car,2025-02-23,2025-02-25 16:00:00,64,768,1,1
5192,HCM District 1,Bike,2025-01-10,2025-01-12 04:00:00,52,520,2,1
5193,Da Nang City,Car,2025-06-19,2025-06-20 02:00:00,26,442,2,0
5194,Hanoi Center,Electric Scooter,2025-10-28,2025-10-30 10:00:00,58,464,4,1
5195,HCM District 1,Bike,2025-02-28,2025-02-28 20:00:00,20,240,2,0
5196,Da Nang City,Car,2025-07-11,2025-07-11 14:00:00,14,238,5,0
5197,Hanoi Center,Electric Scooter,2025-09-15,2025-09-17 00:00:00,48,288,4,1
5198,HCM District 1,Bike,2025-07-08,2025-07-10 10:00:00,58,928,5,0
5199,Hanoi Center,Electric Scooter,2025-05-27,2025-05-27 13:00:00,13,130,5,0
5200,HCM District 1,Bike,2025-07-28,2025-07-29 04:00:00,28,504,2,0
5201,Hanoi Center,Car,2025-02-01,2025-02-03 18:00:00,66,792,1,1
5202,HCM District 1,Electric Scooter,2025-05-03,2025-05-03 15:00:00,15,270,3,1
5203,Hanoi Center,Bike,2025-10-05,2025-10-06 08:00:00,32,576,3,0
5204,Da Nang City,Electric Scooter,2025-01-28,2025-01-29 21:00:00,45,405,1,0
5205,Da Nang City,Car,2025-02-23,2025-02-23 02:00:00,2,26,3,1
5206,Hanoi Center,Electric Scooter,2025-01-20,2025-01-22 07:00:00,55,880,1,0
5207,HCM District 1,Car,2025-05-26,2025-05-27 17:00:00,41,287,2,0
5208,Hanoi Center,Bike,2025-10-21,2025-10-21 07:00:00,7,70,3,1
5209,HCM District 1,Car,2025-06-04,2025-06-05 15:00:00,39,351,3,1
5210,Hanoi Center,Bike,2025-07-14,2025-07-16 16:00:00,64,768,3,0
5211,Da Nang City,Bike,2025-05-19,2025-05-21 16:00:00,64,1088,2,0
5212,HCM District 1,Electric Scooter,2025-03-25,2025-03-26 21:00:00,45,720,2,1
5213,HCM District 1,Car,2025-08-20,2025-08-20 16:00:00,16,144,4,0
5214,Da Nang City,Bike,2025-02-14,2025-02-15 23:00:00,47,517,1,0
5215,Da Nang City,Car,2025-06-04,2025-06-04 15:00:00,15,210,4,0
5216,Da Nang City,Car,2025-04-26,2025-04-27 09:00:00,33,561,3,1
5217,Hanoi Center,Electric Scooter,2025-10-04,2025-10-05 23:00:00,47,235,1,1
5218,Da Nang City,Car,2025-08-24,2025-08-24 10:00:00,10,200,3,1
5219,HCM District 1,Car,2025-04-16,2025-04-18 22:00:00,70,560,3,0
5220,Da Nang City,Electric Scooter,2025-06-13,2025-06-13 16:00:00,16,256,1,0
5221,Hanoi Center,Car,2025-06-24,2025-06-25 19:00:00,43,774,4,0
5222,Hanoi Center,Bike,2025-07-28,2025-07-30 02:00:00,50,600,1,0
5223,HCM District 1,Electric Scooter,2025-03-30,2025-03-31 01:00:00,25,250,1,1
5224,HCM District 1,Bike,2025-03-04,2025-03-04 01:00:00,1,14,2,1
5225,Da Nang City,Electric Scooter,2025-01-19,2025-01-21 02:00:00,50,500,4,0
5226,HCM District 1,Bike,2025-03-18,2025-03-18 09:00:00,9,63,1,1
5227,HCM District 1,Car,2025-05-01,2025-05-01 11:00:00,11,143,2,1
5228,HCM District 1,Bike,2025-06-28,2025-06-28 13:00:00,13,91,3,0
5229,Da Nang City,Car,2025-05-13,2025-05-15 18:00:00,66,858,3,1
5230,Da Nang City,Bike,2025-05-20,2025-05-21 15:00:00,39,585,3,1
5231,Hanoi Center,Electric Scooter,2025-01-27,2025-01-29 03:00:00,51,816,4,0
5232,Hanoi Center,Bike,2025-09-19,2025-09-20 13:00:00,37,222,1,0
5233,Da Nang City,Bike,2025-10-07,2025-10-08 08:00:00,32,288,2,1
5234,Da Nang City,Car,2025-03-04,2025-03-06 04:00:00,52,832,3,0
5235,Da Nang City,Electric Scooter,2025-06-21,2025-06-23 17:00:00,65,1235,2,1
5236,Hanoi Center,Car,2025-04-29,2025-05-01 19:00:00,67,1206,3,1
5237,HCM District 1,Bike,2025-04-10,2025-04-12 14:00:00,62,434,1,0
5238,HCM District 1,Bike,2025-03-09,2025-03-09 16:00:00,16,256,5,1
5239,HCM District 1,Bike,2025-04-02,2025-04-03 06:00:00,30,180,3,0
5240,HCM District 1,Car,2025-04-17,2025-04-17 12:00:00,12,84,3,0
5241,Da Nang City,Electric Scooter,2025-07-19,2025-07-19 04:00:00,4,24,1,1
5242,HCM District 1,Car,2025-08-23,2025-08-23 08:00:00,8,136,4,1
5243,HCM District 1,Bike,2025-01-06,2025-01-08 13:00:00,61,305,1,0
5244,Da Nang City,Bike,2025-01-17,2025-01-18 02:00:00,26,130,4,0
5245,Da Nang City,Car,2025-07-28,2025-07-30 08:00:00,56,448,4,1
5246,Hanoi Center,Car,2025-01-22,2025-01-23 04:00:00,28,476,1,1
5247,Hanoi Center,Electric Scooter,2025-09-22,2025-09-24 05:00:00,53,848,2,0
5248,Da Nang City,Bike,2025-01-18,2025-01-19 13:00:00,37,592,4,0
5249,Hanoi Center,Bike,2025-02-25,2025-02-25 03:00:00,3,30,3,1
5250,Da Nang City,Electric Scooter,2025-10-06,2025-10-07 19:00:00,43,215,1,0
5251,Da Nang City,Bike,2025-10-13,2025-10-13 07:00:00,7,42,3,0
5252,Hanoi Center,Electric Scooter,2025-02-02,2025-02-04 01:00:00,49,735,5,0
5253,HCM District 1,Car,2025-05-23,2025-05-24 23:00:00,47,517,5,0
5254,HCM District 1,Car,2025-08-04,2025-08-06 15:00:00,63,567,1,1
5255,Hanoi Center,Electric Scooter,2025-10-25,2025-10-27 20:00:00,68,1020,3,1
5256,Hanoi Center,Car,2025-07-06,2025-07-08 10:00:00,58,1160,2,0
5257,Hanoi Center,Electric Scooter,2025-08-02,2025-08-04 18:00:00,66,1056,5,1
5258,HCM District 1,Bike,2025-10-12,2025-10-12 20:00:00,20,340,4,1
5259,HCM District 1,Electric Scooter,2025-02-14,2025-02-15 07:00:00,31,434,1,0
5260,HCM District 1,Car,2025-01-25,2025-01-27 13:00:00,61,854,3,0
5261,HCM District 1,Electric Scooter,2025-06-27,2025-06-27 05:00:00,5,35,4,1
5262,Hanoi Center,Bike,2025-10-17,2025-10-17 06:00:00,6,114,3,0
5263,Da Nang City,Bike,2025-03-21,2025-03-21 19:00:00,19,266,1,0
5264,Hanoi Center,Bike,2025-03-31,2025-03-31 16:00:00,16,288,1,1
5265,Da Nang City,Bike,2025-09-11,2025-09-11 19:00:00,19,209,5,0
5266,Da Nang City,Car,2025-05-19,2025-05-21 01:00:00,49,392,1,0
5267,Da Nang City,Electric Scooter,2025-06-18,2025-06-20 00:00:00,48,480,3,1
5268,Hanoi Center,Electric Scooter,2025-05-12,2025-05-14 17:00:00,65,1235,4,0
5269,Hanoi Center,Bike,2025-07-17,2025-07-17 14:00:00,14,252,3,0
5270,Da Nang City,Bike,2025-02-03,2025-02-03 21:00:00,21,357,2,1
5271,Da Nang City,Car,2025-02-23,2025-02-24 21:00:00,45,495,5,1
5272,Da Nang City,Bike,2025-09-18,2025-09-20 15:00:00,63,378,4,0
5273,Da Nang City,Car,2025-07-15,2025-07-17 11:00:00,59,1121,1,0
5274,Da Nang City,Electric Scooter,2025-07-08,2025-07-09 21:00:00,45,630,3,1
5275,Hanoi Center,Car,2025-03-26,2025-03-27 16:00:00,40,280,3,0
5276,Hanoi Center,Bike,2025-01-28,2025-01-30 16:00:00,64,640,2,1
5277,Da Nang City,Car,2025-01-07,2025-01-09 13:00:00,61,1037,4,1
5278,Hanoi Center,Electric Scooter,2025-01-31,2025-02-02 23:00:00,71,1349,4,1
5279,HCM District 1,Car,2025-05-09,2025-05-11 07:00:00,55,275,5,1
5280,Hanoi Center,Car,2025-03-26,2025-03-28 04:00:00,52,1040,4,1
5281,Hanoi Center,Car,2025-02-08,2025-02-09 01:00:00,25,350,4,1
5282,Da Nang City,Electric Scooter,2025-01-18,2025-01-19 09:00:00,33,627,2,0
5283,HCM District 1,Car,2025-06-16,2025-06-16 18:00:00,18,198,1,1
5284,Hanoi Center,Bike,2025-05-11,2025-05-12 07:00:00,31,620,2,1
5285,Da Nang City,Bike,2025-02-11,2025-02-12 01:00:00,25,225,2,0
5286,Da Nang City,Bike,2025-04-02,2025-04-03 05:00:00,29,377,2,1
5287,Da Nang City,Bike,2025-07-25,2025-07-28 00:00:00,72,936,3,1
5288,Hanoi Center,Electric Scooter,2025-10-08,2025-10-10 22:00:00,70,490,3,1
5289,Da Nang City,Electric Scooter,2025-08-27,2025-08-28 06:00:00,30,540,2,0
5290,HCM District 1,Car,2025-06-24,2025-06-25 04:00:00,28,308,3,0
5291,HCM District 1,Car,2025-06-19,2025-06-21 18:00:00,66,1320,4,1
5292,HCM District 1,Electric Scooter,2025-01-23,2025-01-24 17:00:00,41,533,5,1
5293,Da Nang City,Electric Scooter,2025-06-11,2025-06-12 05:00:00,29,348,4,0
5294,Hanoi Center,Electric Scooter,2025-08-04,2025-08-04 04:00:00,4,20,5,0
5295,Hanoi Center,Bike,2025-06-05,2025-06-07 16:00:00,64,1088,1,1
5296,HCM District 1,Car,2025-06-02,2025-06-04 15:00:00,63,315,1,0
5297,HCM District 1,Bike,2025-10-16,2025-10-16 10:00:00,10,100,3,1
5298,Da Nang City,Car,2025-06-28,2025-06-30 15:00:00,63,567,1,1
5299,Hanoi Center,Bike,2025-10-21,2025-10-22 21:00:00,45,495,1,1
5300,Da Nang City,Car,2025-04-15,2025-04-15 14:00:00,14,266,3,0
5301,Da Nang City,Car,2025-05-03,2025-05-04 00:00:00,24,168,4,1
5302,Hanoi Center,Bike,2025-05-05,2025-05-05 09:00:00,9,63,5,0
5303,Hanoi Center,Electric Scooter,2025-10-24,2025-10-25 22:00:00,46,690,3,0
5304,Da Nang City,Electric Scooter,2025-01-14,2025-01-14 04:00:00,4,72,3,0
5305,HCM District 1,Bike,2025-01-19,2025-01-19 07:00:00,7,49,2,0
5306,Hanoi Center,Electric Scooter,2025-03-06,2025-03-09 00:00:00,72,1152,5,0
5307,Da Nang City,Car,2025-06-09,2025-06-11 05:00:00,53,265,2,1
5308,Da Nang City,Car,2025-04-11,2025-04-13 13:00:00,61,427,3,1
5309,HCM District 1,Car,2025-08-11,2025-08-11 07:00:00,7,42,5,0
5310,Da Nang City,Electric Scooter,2025-04-06,2025-04-06 21:00:00,21,357,4,1
5311,Da Nang City,Electric Scooter,2025-01-24,2025-01-26 01:00:00,49,980,1,0
5312,HCM District 1,Car,2025-09-28,2025-09-28 19:00:00,19,247,4,1
5313,HCM District 1,Bike,2025-03-25,2025-03-26 11:00:00,35,665,3,1
5314,HCM District 1,Car,2025-10-17,2025-10-19 01:00:00,49,882,3,1
5315,Da Nang City,Bike,2025-10-22,2025-10-22 17:00:00,17,136,2,1
5316,Hanoi Center,Electric Scooter,2025-10-18,2025-10-20 16:00:00,64,896,2,1
5317,Hanoi Center,Bike,2025-10-22,2025-10-23 23:00:00,47,423,5,1
5318,Da Nang City,Car,2025-04-15,2025-04-15 11:00:00,11,55,4,1
5319,HCM District 1,Electric Scooter,2025-05-11,2025-05-13 12:00:00,60,1080,5,0
5320,Da Nang City,Electric Scooter,2025-08-27,2025-08-29 09:00:00,57,684,5,1
5321,Da Nang City,Bike,2025-06-06,2025-06-07 06:00:00,30,270,1,0
5322,Da Nang City,Bike,2025-08-29,2025-08-30 17:00:00,41,738,1,1
5323,Da Nang City,Car,2025-07-10,2025-07-10 13:00:00,13,208,2,1
5324,Hanoi Center,Bike,2025-04-11,2025-04-11 16:00:00,16,96,3,1
5325,Da Nang City,Electric Scooter,2025-03-11,2025-03-12 09:00:00,33,462,4,1
5326,HCM District 1,Electric Scooter,2025-06-10,2025-06-11 15:00:00,39,780,5,1
5327,HCM District 1,Bike,2025-10-17,2025-10-19 22:00:00,70,980,5,0
5328,Da Nang City,Electric Scooter,2025-07-26,2025-07-26 11:00:00,11,121,4,1
5329,Da Nang City,Car,2025-09-15,2025-09-17 04:00:00,52,780,4,1
5330,HCM District 1,Bike,2025-01-26,2025-01-28 06:00:00,54,324,3,0
5331,Hanoi Center,Electric Scooter,2025-06-01,2025-06-01 08:00:00,8,112,2,1
5332,Da Nang City,Bike,2025-04-15,2025-04-15 13:00:00,13,221,2,1
5333,HCM District 1,Electric Scooter,2025-01-13,2025-01-13 09:00:00,9,90,2,1
5334,Hanoi Center,Bike,2025-09-17,2025-09-19 04:00:00,52,1040,5,1
5335,Hanoi Center,Bike,2025-03-11,2025-03-13 18:00:00,66,594,2,1
5336,Hanoi Center,Electric Scooter,2025-03-23,2025-03-23 12:00:00,12,240,4,1
5337,Hanoi Center,Car,2025-04-15,2025-04-17 19:00:00,67,1206,2,1
5338,Hanoi Center,Car,2025-04-24,2025-04-24 01:00:00,1,6,5,1
5339,Da Nang City,Electric Scooter,2025-04-08,2025-04-09 12:00:00,36,396,2,1
5340,Da Nang City,Electric Scooter,2025-09-21,2025-09-21 03:00:00,3,15,1,0
5341,Da Nang City,Bike,2025-03-31,2025-04-02 01:00:00,49,784,3,0
5342,Hanoi Center,Bike,2025-06-19,2025-06-19 16:00:00,16,256,3,1
5343,Hanoi Center,Electric Scooter,2025-05-05,2025-05-05 03:00:00,3,51,4,1
5344,HCM District 1,Electric Scooter,2025-07-28,2025-07-30 10:00:00,58,406,5,0
5345,Da Nang City,Car,2025-09-07,2025-09-09 05:00:00,53,530,3,0
5346,HCM District 1,Bike,2025-06-13,2025-06-14 08:00:00,32,352,1,1
5347,Da Nang City,Bike,2025-02-21,2025-02-22 20:00:00,44,440,5,0
5348,HCM District 1,Electric Scooter,2025-06-07,2025-06-09 13:00:00,61,1098,2,0
5349,Hanoi Center,Car,2025-07-25,2025-07-27 05:00:00,53,583,4,0
5350,Hanoi Center,Car,2025-04-05,2025-04-05 18:00:00,18,342,4,0
5351,Hanoi Center,Electric Scooter,2025-09-08,2025-09-08 20:00:00,20,180,1,1
5352,HCM District 1,Electric Scooter,2025-03-18,2025-03-18 21:00:00,21,420,1,0
5353,Da Nang City,Electric Scooter,2025-09-02,2025-09-03 03:00:00,27,216,4,1
5354,HCM District 1,Electric Scooter,2025-10-27,2025-10-29 18:00:00,66,660,1,0
5355,Da Nang City,Bike,2025-02-02,2025-02-04 11:00:00,59,885,2,0
5356,HCM District 1,Bike,2025-10-12,2025-10-13 17:00:00,41,574,1,0
5357,HCM District 1,Bike,2025-04-15,2025-04-15 03:00:00,3,30,3,1
5358,Hanoi Center,Electric Scooter,2025-03-13,2025-03-13 21:00:00,21,189,3,1
5359,Da Nang City,Bike,2025-01-12,2025-01-12 04:00:00,4,80,3,1
5360,HCM District 1,Electric Scooter,2025-02-15,2025-02-17 23:00:00,71,1349,4,1
5361,Hanoi Center,Electric Scooter,2025-06-08,2025-06-08 05:00:00,5,45,5,0
5362,Da Nang City,Electric Scooter,2025-01-30,2025-02-01 11:00:00,59,531,5,1
5363,Da Nang City,Electric Scooter,2025-06-12,2025-06-15 00:00:00,72,1080,5,0
5364,Da Nang City,Car,2025-05-10,2025-05-10 04:00:00,4,40,5,1
5365,Da Nang City,Electric Scooter,2025-05-28,2025-05-28 16:00:00,16,144,1,1
5366,HCM District 1,Bike,2025-05-13,2025-05-13 16:00:00,16,240,1,1
5367,HCM District 1,Electric Scooter,2025-09-17,2025-09-19 12:00:00,60,1140,1,0
5368,Hanoi Center,Car,2025-01-10,2025-01-11 17:00:00,41,492,1,0
5369,Da Nang City,Car,2025-07-01,2025-07-03 12:00:00,60,1020,2,1
5370,Hanoi Center,Bike,2025-08-02,2025-08-02 08:00:00,8,48,2,0
5371,Da Nang City,Car,2025-07-17,2025-07-17 15:00:00,15,105,4,0
5372,Da Nang City,Bike,2025-01-22,2025-01-22 06:00:00,6,120,1,0
5373,Hanoi Center,Car,2025-09-19,2025-09-19 01:00:00,1,6,3,1
5374,HCM District 1,Bike,2025-02-24,2025-02-25 05:00:00,29,203,2,1
5375,Da Nang City,Bike,2025-07-17,2025-07-19 07:00:00,55,880,2,1
5376,HCM District 1,Bike,2025-09-04,2025-09-05 16:00:00,40,720,3,0
5377,Hanoi Center,Bike,2025-09-04,2025-09-04 18:00:00,18,198,2,0
5378,HCM District 1,Car,2025-09-18,2025-09-18 22:00:00,22,330,4,1
5379,HCM District 1,Bike,2025-03-13,2025-03-13 18:00:00,18,216,4,1
5380,HCM District 1,Electric Scooter,2025-07-03,2025-07-04 16:00:00,40,640,4,0
5381,Da Nang City,Car,2025-01-26,2025-01-26 23:00:00,23,391,2,0
5382,Hanoi Center,Bike,2025-05-20,2025-05-21 15:00:00,39,234,2,0
5383,Hanoi Center,Electric Scooter,2025-10-18,2025-10-20 12:00:00,60,540,5,0
5384,Da Nang City,Car,2025-08-30,2025-09-01 19:00:00,67,469,4,1
5385,HCM District 1,Electric Scooter,2025-04-24,2025-04-24 08:00:00,8,72,3,1
5386,Da Nang City,Electric Scooter,2025-05-25,2025-05-25 02:00:00,2,38,4,1
5387,HCM District 1,Bike,2025-03-18,2025-03-20 05:00:00,53,371,3,0
5388,HCM District 1,Electric Scooter,2025-10-23,2025-10-24 22:00:00,46,414,2,0
5389,HCM District 1,Car,2025-08-14,2025-08-14 02:00:00,2,30,4,0
5390,Da Nang City,Bike,2025-01-08,2025-01-09 09:00:00,33,594,2,1
5391,Hanoi Center,Electric Scooter,2025-05-25,2025-05-25 01:00:00,1,5,5,1
5392,Da Nang City,Bike,2025-07-16,2025-07-18 22:00:00,70,770,5,0
5393,HCM District 1,Car,2025-03-01,2025-03-01 12:00:00,12,144,4,0
5394,HCM District 1,Car,2025-08-05,2025-08-05 03:00:00,3,57,4,0
5395,Hanoi Center,Bike,2025-08-29,2025-08-31 18:00:00,66,858,5,0
5396,Da Nang City,Car,2025-09-14,2025-09-16 03:00:00,51,408,3,1
5397,HCM District 1,Bike,2025-10-25,2025-10-25 19:00:00,19,133,2,0
5398,Hanoi Center,Electric Scooter,2025-10-07,2025-10-08 12:00:00,36,468,4,1
5399,HCM District 1,Car,2025-01-20,2025-01-20 16:00:00,16,320,3,1
5400,Hanoi Center,Bike,2025-04-11,2025-04-13 00:00:00,48,672,5,0
5401,HCM District 1,Bike,2025-05-03,2025-05-03 13:00:00,13,143,2,0
5402,Da Nang City,Car,2025-09-20,2025-09-22 00:00:00,48,384,4,1
5403,HCM District 1,Car,2025-02-09,2025-02-11 15:00:00,63,1260,2,1
5404,Hanoi Center,Car,2025-09-15,2025-09-15 12:00:00,12,228,4,0
5405,Hanoi Center,Bike,2025-02-05,2025-02-06 07:00:00,31,217,4,0
5406,Da Nang City,Bike,2025-03-18,2025-03-18 19:00:00,19,171,5,1
5407,Da Nang City,Car,2025-02-04,2025-02-05 06:00:00,30,390,4,0
5408,Hanoi Center,Bike,2025-09-05,2025-09-06 13:00:00,37,703,5,1
5409,Hanoi Center,Electric Scooter,2025-02-11,2025-02-11 17:00:00,17,323,5,0
5410,Da Nang City,Electric Scooter,2025-05-15,2025-05-17 06:00:00,54,486,5,0
5411,Hanoi Center,Bike,2025-04-17,2025-04-18 03:00:00,27,540,1,1
5412,HCM District 1,Car,2025-03-07,2025-03-07 08:00:00,8,152,5,1
5413,HCM District 1,Car,2025-01-23,2025-01-24 22:00:00,46,460,3,0
5414,Da Nang City,Bike,2025-04-22,2025-04-23 16:00:00,40,440,1,0
5415,Da Nang City,Bike,2025-01-12,2025-01-12 02:00:00,2,26,5,0
5416,Da Nang City,Bike,2025-08-10,2025-08-12 07:00:00,55,1100,3,1
5417,Hanoi Center,Car,2025-09-28,2025-09-29 17:00:00,41,246,5,1
5418,Da Nang City,Bike,2025-02-26,2025-02-27 09:00:00,33,594,4,0
5419,Hanoi Center,Car,2025-05-03,2025-05-05 01:00:00,49,882,1,1
5420,Hanoi Center,Bike,2025-10-16,2025-10-16 06:00:00,6,30,1,1
5421,Da Nang City,Car,2025-07-05,2025-07-06 00:00:00,24,336,5,0
5422,Hanoi Center,Car,2025-04-01,2025-04-03 22:00:00,70,1400,5,0
5423,Hanoi Center,Electric Scooter,2025-09-05,2025-09-05 18:00:00,18,180,3,0
5424,HCM District 1,Electric Scooter,2025-06-09,2025-06-09 09:00:00,9,153,3,0
5425,Hanoi Center,Electric Scooter,2025-06-15,2025-06-15 12:00:00,12,240,3,1
5426,Hanoi Center,Bike,2025-06-24,2025-06-24 05:00:00,5,95,5,0
5427,Hanoi Center,Bike,2025-03-24,2025-03-26 20:00:00,68,1360,5,1
5428,HCM District 1,Car,2025-08-18,2025-08-20 19:00:00,67,737,1,1
5429,HCM District 1,Electric Scooter,2025-10-02,2025-10-03 07:00:00,31,620,3,0
5430,Da Nang City,Car,2025-02-27,2025-02-27 04:00:00,4,24,2,0
5431,Hanoi Center,Car,2025-02-05,2025-02-07 16:00:00,64,1280,1,1
5432,Hanoi Center,Bike,2025-01-17,2025-01-18 08:00:00,32,352,5,1
5433,Hanoi Center,Electric Scooter,2025-08-09,2025-08-11 08:00:00,56,840,4,1
5434,Da Nang City,Bike,2025-10-25,2025-10-27 14:00:00,62,620,1,0
5435,Hanoi Center,Bike,2025-06-27,2025-06-27 21:00:00,21,168,4,1
5436,HCM District 1,Bike,2025-06-16,2025-06-17 21:00:00,45,270,3,1
5437,Da Nang City,Bike,2025-09-11,2025-09-14 00:00:00,72,432,3,0
5438,Hanoi Center,Bike,2025-10-12,2025-10-14 01:00:00,49,735,3,1
5439,Hanoi Center,Car,2025-10-25,2025-10-26 12:00:00,36,216,5,1
5440,HCM District 1,Electric Scooter,2025-01-27,2025-01-29 07:00:00,55,935,1,1
5441,Hanoi Center,Car,2025-04-15,2025-04-16 01:00:00,25,325,4,0
5442,Hanoi Center,Bike,2025-09-27,2025-09-27 12:00:00,12,180,1,1
5443,Hanoi Center,Electric Scooter,2025-07-10,2025-07-11 10:00:00,34,544,1,1
5444,HCM District 1,Car,2025-10-18,2025-10-18 06:00:00,6,108,3,1
5445,HCM District 1,Car,2025-09-07,2025-09-07 17:00:00,17,119,2,0
5446,Da Nang City,Bike,2025-02-22,2025-02-23 20:00:00,44,792,4,1
5447,Hanoi Center,Electric Scooter,2025-06-06,2025-06-08 01:00:00,49,294,3,1
5448,Da Nang City,Car,2025-09-06,2025-09-06 09:00:00,9,117,5,1
5449,HCM District 1,Car,2025-06-22,2025-06-23 12:00:00,36,432,1,1
5450,Hanoi Center,Bike,2025-01-16,2025-01-16 21:00:00,21,252,1,0
5451,Da Nang City,Car,2025-09-15,2025-09-15 19:00:00,19,285,2,1
5452,Da Nang City,Electric Scooter,2025-02-24,2025-02-24 04:00:00,4,48,4,0
5453,Da Nang City,Bike,2025-07-02,2025-07-03 17:00:00,41,656,1,1
5454,Da Nang City,Car,2025-02-25,2025-02-25 14:00:00,14,238,1,0
5455,HCM District 1,Electric Scooter,2025-02-13,2025-02-15 20:00:00,68,1020,5,0
5456,Da Nang City,Car,2025-08-21,2025-08-21 23:00:00,23,207,2,0
5457,HCM District 1,Electric Scooter,2025-08-06,2025-08-06 10:00:00,10,150,2,1
5458,HCM District 1,Electric Scooter,2025-04-30,2025-04-30 04:00:00,4,56,2,1
5459,HCM District 1,Car,2025-06-12,2025-06-12 05:00:00,5,35,3,0
5460,Da Nang City,Car,2025-01-02,2025-01-04 17:00:00,65,650,2,1
5461,Da Nang City,Bike,2025-10-28,2025-10-29 11:00:00,35,175,4,0
5462,HCM District 1,Bike,2025-06-27,2025-06-30 00:00:00,72,504,2,0
5463,Da Nang City,Car,2025-01-03,2025-01-05 01:00:00,49,784,2,1
5464,Da Nang City,Bike,2025-07-02,2025-07-04 05:00:00,53,371,3,0
5465,Da Nang City,Bike,2025-03-29,2025-03-29 14:00:00,14,126,5,0
5466,Da Nang City,Car,2025-06-06,2025-06-07 00:00:00,24,192,4,0
5467,Da Nang City,Car,2025-03-09,2025-03-11 22:00:00,70,700,4,1
5468,Hanoi Center,Electric Scooter,2025-03-15,2025-03-16 01:00:00,25,500,2,1
5469,Hanoi Center,Bike,2025-08-26,2025-08-28 12:00:00,60,900,2,1
5470,HCM District 1,Car,2025-05-04,2025-05-05 10:00:00,34,272,3,0
5471,HCM District 1,Bike,2025-10-12,2025-10-14 05:00:00,53,742,1,1
5472,Da Nang City,Electric Scooter,2025-02-11,2025-02-13 01:00:00,49,490,4,0
5473,HCM District 1,Bike,2025-09-26,2025-09-27 18:00:00,42,504,1,1
5474,HCM District 1,Electric Scooter,2025-04-16,2025-04-17 00:00:00,24,360,2,1
5475,HCM District 1,Bike,2025-04-09,2025-04-09 12:00:00,12,108,4,1
5476,Da Nang City,Car,2025-04-26,2025-04-28 00:00:00,48,816,3,1
5477,HCM District 1,Bike,2025-10-01,2025-10-03 13:00:00,61,488,1,1
5478,HCM District 1,Car,2025-10-01,2025-10-02 00:00:00,24,144,5,1
5479,Da Nang City,Bike,2025-02-05,2025-02-07 06:00:00,54,864,5,1
5480,Hanoi Center,Car,2025-07-23,2025-07-23 02:00:00,2,26,1,1
5481,HCM District 1,Bike,2025-06-29,2025-07-01 13:00:00,61,793,2,0
5482,HCM District 1,Electric Scooter,2025-07-14,2025-07-16 18:00:00,66,1188,1,0
5483,HCM District 1,Electric Scooter,2025-06-23,2025-06-25 02:00:00,50,350,1,0
5484,HCM District 1,Electric Scooter,2025-01-17,2025-01-17 11:00:00,11,121,3,0
5485,Hanoi Center,Electric Scooter,2025-03-21,2025-03-21 18:00:00,18,198,5,0
5486,Da Nang City,Electric Scooter,2025-05-30,2025-06-01 19:00:00,67,1005,5,0
5487,Hanoi Center,Car,2025-06-20,2025-06-22 01:00:00,49,784,3,0
5488,HCM District 1,Electric Scooter,2025-02-21,2025-02-22 15:00:00,39,234,2,0
5489,Hanoi Center,Car,2025-02-07,2025-02-07 04:00:00,4,76,5,0
5490,Da Nang City,Car,2025-04-15,2025-04-16 20:00:00,44,264,5,1
5491,Hanoi Center,Electric Scooter,2025-03-30,2025-04-01 14:00:00,62,744,4,1
5492,Da Nang City,Electric Scooter,2025-08-14,2025-08-14 12:00:00,12,228,3,1
5493,HCM District 1,Bike,2025-09-20,2025-09-20 17:00:00,17,170,5,0
5494,Da Nang City,Electric Scooter,2025-03-31,2025-04-02 08:00:00,56,504,4,1
5495,Da Nang City,Car,2025-08-16,2025-08-17 04:00:00,28,140,5,0
5496,Da Nang City,Bike,2025-04-29,2025-04-30 08:00:00,32,576,2,0
5497,Hanoi Center,Car,2025-10-11,2025-10-13 10:00:00,58,290,5,1
5498,HCM District 1,Bike,2025-05-27,2025-05-28 00:00:00,24,312,5,1
5499,Hanoi Center,Car,2025-09-21,2025-09-23 05:00:00,53,742,1,1
5500,HCM District 1,Bike,2025-10-17,2025-10-18 02:00:00,26,208,4,0
5501,Da Nang City,Electric Scooter,2025-05-27,2025-05-29 06:00:00,54,810,3,1
5502,Hanoi Center,Electric Scooter,2025-06-12,2025-06-13 08:00:00,32,352,4,0
5503,Hanoi Center,Electric Scooter,2025-08-22,2025-08-23 17:00:00,41,205,1,0
5504,Hanoi Center,Electric Scooter,2025-07-22,2025-07-23 10:00:00,34,272,1,1
5505,HCM District 1,Car,2025-05-29,2025-05-30 20:00:00,44,836,5,0
5506,Hanoi Center,Car,2025-04-16,2025-04-16 19:00:00,19,95,2,0
5507,Hanoi Center,Electric Scooter,2025-08-01,2025-08-01 16:00:00,16,256,5,1
5508,HCM District 1,Bike,2025-08-24,2025-08-26 11:00:00,59,885,5,0
5509,Da Nang City,Electric Scooter,2025-05-19,2025-05-20 06:00:00,30,480,4,1
5510,Hanoi Center,Bike,2025-01-11,2025-01-13 07:00:00,55,1100,2,0
5511,Hanoi Center,Bike,2025-07-28,2025-07-30 06:00:00,54,1080,3,0
5512,Hanoi Center,Car,2025-04-30,2025-04-30 15:00:00,15,75,3,1
5513,Hanoi Center,Car,2025-05-09,2025-05-09 22:00:00,22,286,2,0
5514,Hanoi Center,Bike,2025-08-03,2025-08-04 09:00:00,33,330,3,1
5515,HCM District 1,Electric Scooter,2025-06-16,2025-06-17 05:00:00,29,551,2,1
5516,Hanoi Center,Car,2025-06-26,2025-06-28 22:00:00,70,420,4,1
5517,HCM District 1,Car,2025-09-29,2025-09-29 16:00:00,16,288,5,1
5518,Hanoi Center,Bike,2025-09-06,2025-09-07 05:00:00,29,406,1,0
5519,HCM District 1,Electric Scooter,2025-03-30,2025-03-30 01:00:00,1,9,2,1
5520,Hanoi Center,Bike,2025-08-21,2025-08-23 22:00:00,70,1120,5,0
5521,HCM District 1,Electric Scooter,2025-05-04,2025-05-05 16:00:00,40,560,2,1
5522,HCM District 1,Bike,2025-07-06,2025-07-06 04:00:00,4,24,4,1
5523,HCM District 1,Electric Scooter,2025-01-26,2025-01-27 00:00:00,24,288,1,1
5524,HCM District 1,Bike,2025-10-21,2025-10-21 09:00:00,9,135,3,0
5525,HCM District 1,Car,2025-05-20,2025-05-20 22:00:00,22,374,4,0
5526,Da Nang City,Electric Scooter,2025-07-15,2025-07-17 22:00:00,70,1260,4,1
5527,HCM District 1,Car,2025-01-25,2025-01-26 11:00:00,35,490,2,0
5528,Da Nang City,Electric Scooter,2025-01-09,2025-01-09 16:00:00,16,272,3,1
5529,Hanoi Center,Electric Scooter,2025-04-15,2025-04-16 17:00:00,41,492,2,0
5530,HCM District 1,Electric Scooter,2025-09-30,2025-09-30 06:00:00,6,36,2,0
5531,Hanoi Center,Car,2025-03-15,2025-03-17 17:00:00,65,780,5,0
5532,HCM District 1,Electric Scooter,2025-04-17,2025-04-19 04:00:00,52,884,4,0
5533,HCM District 1,Bike,2025-10-06,2025-10-08 21:00:00,69,414,3,0
5534,HCM District 1,Car,2025-05-26,2025-05-28 06:00:00,54,540,1,1
5535,Da Nang City,Electric Scooter,2025-04-01,2025-04-01 14:00:00,14,126,3,1
5536,Da Nang City,Electric Scooter,2025-02-24,2025-02-24 23:00:00,23,138,2,1
5537,Da Nang City,Bike,2025-10-08,2025-10-08 06:00:00,6,30,5,1
5538,Hanoi Center,Bike,2025-01-27,2025-01-28 00:00:00,24,432,3,0
5539,Hanoi Center,Bike,2025-06-30,2025-07-01 14:00:00,38,228,1,0
5540,Da Nang City,Electric Scooter,2025-10-24,2025-10-24 12:00:00,12,84,4,1
5541,HCM District 1,Electric Scooter,2025-05-02,2025-05-02 16:00:00,16,288,2,1
5542,HCM District 1,Electric Scooter,2025-06-25,2025-06-27 12:00:00,60,960,5,0
5543,HCM District 1,Bike,2025-06-02,2025-06-02 23:00:00,23,322,1,0
5544,HCM District 1,Car,2025-02-22,2025-02-24 17:00:00,65,585,1,0
5545,HCM District 1,Car,2025-01-15,2025-01-16 11:00:00,35,490,3,1
5546,Hanoi Center,Bike,2025-06-27,2025-06-27 18:00:00,18,234,3,0
5547,Da Nang City,Car,2025-04-20,2025-04-20 22:00:00,22,396,3,0
5548,Hanoi Center,Car,2025-07-18,2025-07-20 18:00:00,66,1188,4,1
5549,HCM District 1,Electric Scooter,2025-03-13,2025-03-14 07:00:00,31,496,2,0
5550,Da Nang City,Bike,2025-01-04,2025-01-04 07:00:00,7,42,3,0
5551,Hanoi Center,Car,2025-02-21,2025-02-21 06:00:00,6,42,5,1
5552,Da Nang City,Electric Scooter,2025-04-07,2025-04-07 01:00:00,1,18,1,1
5553,HCM District 1,Bike,2025-02-27,2025-03-01 08:00:00,56,784,2,0
5554,HCM District 1,Car,2025-10-27,2025-10-29 07:00:00,55,990,4,0
5555,HCM District 1,Bike,2025-06-17,2025-06-18 13:00:00,37,629,5,0
5556,HCM District 1,Bike,2025-10-03,2025-10-03 21:00:00,21,357,4,0
5557,HCM District 1,Electric Scooter,2025-02-27,2025-02-28 04:00:00,28,532,1,0
5558,Da Nang City,Bike,2025-02-04,2025-02-04 15:00:00,15,135,2,0
5559,HCM District 1,Bike,2025-05-12,2025-05-12 10:00:00,10,80,5,1
5560,HCM District 1,Electric Scooter,2025-01-06,2025-01-06 02:00:00,2,24,2,0
5561,Hanoi Center,Electric Scooter,2025-03-08,2025-03-09 17:00:00,41,246,4,0
5562,HCM District 1,Electric Scooter,2025-01-31,2025-02-02 09:00:00,57,969,1,1
5563,Da Nang City,Electric Scooter,2025-09-03,2025-09-04 21:00:00,45,900,1,0
5564,Da Nang City,Car,2025-07-19,2025-07-21 22:00:00,70,420,2,1
5565,HCM District 1,Electric Scooter,2025-07-01,2025-07-02 12:00:00,36,216,4,1
5566,HCM District 1,Bike,2025-03-27,2025-03-28 04:00:00,28,196,1,1
5567,Da Nang City,Electric Scooter,2025-04-17,2025-04-18 03:00:00,27,351,3,1
5568,Da Nang City,Car,2025-06-28,2025-06-29 11:00:00,35,455,3,1
5569,Hanoi Center,Car,2025-08-24,2025-08-25 14:00:00,38,266,1,0
5570,Da Nang City,Bike,2025-02-08,2025-02-10 21:00:00,69,414,5,1
5571,HCM District 1,Car,2025-05-13,2025-05-14 17:00:00,41,205,1,1
5572,Hanoi Center,Bike,2025-10-20,2025-10-20 01:00:00,1,11,1,1
5573,Da Nang City,Bike,2025-08-13,2025-08-14 07:00:00,31,527,2,0
5574,HCM District 1,Car,2025-09-11,2025-09-11 09:00:00,9,99,3,1
5575,HCM District 1,Car,2025-07-06,2025-07-08 23:00:00,71,710,1,0
5576,HCM District 1,Bike,2025-09-12,2025-09-13 17:00:00,41,574,2,0
5577,Da Nang City,Bike,2025-07-06,2025-07-08 08:00:00,56,952,2,0
5578,Da Nang City,Electric Scooter,2025-10-03,2025-10-05 00:00:00,48,768,3,0
5579,Hanoi Center,Electric Scooter,2025-10-20,2025-10-21 20:00:00,44,836,5,1
5580,Hanoi Center,Car,2025-01-13,2025-01-14 06:00:00,30,570,4,0
5581,Da Nang City,Car,2025-05-15,2025-05-17 15:00:00,63,630,3,0
5582,HCM District 1,Car,2025-10-02,2025-10-03 13:00:00,37,222,1,0
5583,Hanoi Center,Bike,2025-01-23,2025-01-23 06:00:00,6,120,3,1
5584,HCM District 1,Bike,2025-09-25,2025-09-27 05:00:00,53,424,4,0
5585,Da Nang City,Bike,2025-02-03,2025-02-04 03:00:00,27,216,2,0
5586,Hanoi Center,Car,2025-03-10,2025-03-12 18:00:00,66,396,2,1
5587,HCM District 1,Electric Scooter,2025-09-24,2025-09-26 22:00:00,70,560,5,1
5588,Da Nang City,Electric Scooter,2025-09-11,2025-09-12 05:00:00,29,319,5,1
5589,Hanoi Center,Electric Scooter,2025-06-21,2025-06-22 20:00:00,44,660,3,0
5590,Hanoi Center,Bike,2025-08-30,2025-08-31 14:00:00,38,418,4,1
5591,Hanoi Center,Bike,2025-05-10,2025-05-10 04:00:00,4,32,5,1
5592,Hanoi Center,Electric Scooter,2025-06-20,2025-06-21 20:00:00,44,748,4,1
5593,Da Nang City,Car,2025-09-21,2025-09-24 00:00:00,72,648,1,0
5594,Hanoi Center,Car,2025-06-30,2025-07-03 00:00:00,72,864,2,1
5595,HCM District 1,Electric Scooter,2025-05-07,2025-05-07 14:00:00,14,224,5,0
5596,Da Nang City,Bike,2025-08-27,2025-08-29 06:00:00,54,810,2,1
5597,Hanoi Center,Bike,2025-03-14,2025-03-16 03:00:00,51,255,1,1
5598,Hanoi Center,Electric Scooter,2025-03-01,2025-03-01 05:00:00,5,65,2,0
5599,Da Nang City,Bike,2025-03-03,2025-03-04 23:00:00,47,376,2,0
5600,Da Nang City,Car,2025-04-21,2025-04-23 07:00:00,55,660,1,0
5601,Hanoi Center,Electric Scooter,2025-06-15,2025-06-16 08:00:00,32,288,1,1
5602,HCM District 1,Bike,2025-07-31,2025-07-31 16:00:00,16,112,3,0
5603,Da Nang City,Electric Scooter,2025-10-25,2025-10-25 01:00:00,1,13,3,1
5604,HCM District 1,Bike,2025-03-20,2025-03-23 00:00:00,72,1008,5,0
5605,Hanoi Center,Bike,2025-05-27,2025-05-29 19:00:00,67,335,1,0
5606,Hanoi Center,Car,2025-05-15,2025-05-16 11:00:00,35,280,3,0
5607,Hanoi Center,Bike,2025-08-11,2025-08-13 18:00:00,66,396,5,1
5608,Hanoi Center,Bike,2025-09-25,2025-09-25 01:00:00,1,14,1,1
5609,Da Nang City,Car,2025-01-28,2025-01-29 01:00:00,25,450,3,0
5610,Hanoi Center,Bike,2025-02-01,2025-02-01 03:00:00,3,60,3,1
5611,HCM District 1,Car,2025-10-10,2025-10-11 01:00:00,25,450,3,0
5612,Hanoi Center,Car,2025-10-17,2025-10-18 10:00:00,34,238,3,0
5613,HCM District 1,Car,2025-06-10,2025-06-11 15:00:00,39,780,3,1
5614,Da Nang City,Bike,2025-05-23,2025-05-24 22:00:00,46,414,5,0
5615,HCM District 1,Electric Scooter,2025-04-06,2025-04-07 05:00:00,29,551,1,1
5616,HCM District 1,Car,2025-03-22,2025-03-22 12:00:00,12,120,1,1
5617,Da Nang City,Car,2025-01-28,2025-01-28 19:00:00,19,190,2,0
5618,Da Nang City,Bike,2025-07-24,2025-07-26 03:00:00,51,663,3,0
5619,Hanoi Center,Electric Scooter,2025-03-09,2025-03-10 19:00:00,43,344,4,1
5620,Da Nang City,Car,2025-10-17,2025-10-17 16:00:00,16,272,1,0
5621,Hanoi Center,Electric Scooter,2025-02-16,2025-02-17 21:00:00,45,585,3,1
5622,Da Nang City,Car,2025-05-17,2025-05-17 08:00:00,8,56,1,0
5623,HCM District 1,Bike,2025-08-08,2025-08-10 07:00:00,55,880,3,0
5624,Hanoi Center,Electric Scooter,2025-08-25,2025-08-25 12:00:00,12,156,4,1
5625,HCM District 1,Electric Scooter,2025-09-24,2025-09-26 16:00:00,64,1216,1,1
5626,Hanoi Center,Electric Scooter,2025-05-11,2025-05-12 16:00:00,40,320,5,1
5627,Hanoi Center,Bike,2025-07-07,2025-07-07 16:00:00,16,272,4,1
5628,HCM District 1,Car,2025-05-08,2025-05-09 03:00:00,27,135,4,0
5629,Hanoi Center,Bike,2025-04-29,2025-05-01 17:00:00,65,520,1,1
5630,HCM District 1,Electric Scooter,2025-02-12,2025-02-14 08:00:00,56,672,3,1
5631,Da Nang City,Car,2025-05-25,2025-05-25 19:00:00,19,323,4,1
5632,Hanoi Center,Car,2025-10-27,2025-10-28 09:00:00,33,495,2,1
5633,Hanoi Center,Bike,2025-05-10,2025-05-11 18:00:00,42,672,2,1
5634,Da Nang City,Electric Scooter,2025-08-03,2025-08-04 20:00:00,44,528,5,0
5635,HCM District 1,Electric Scooter,2025-07-14,2025-07-16 17:00:00,65,1105,5,1
5636,Hanoi Center,Bike,2025-08-23,2025-08-25 13:00:00,61,549,4,1
5637,Hanoi Center,Electric Scooter,2025-09-08,2025-09-08 07:00:00,7,70,4,0
5638,HCM District 1,Electric Scooter,2025-09-01,2025-09-01 17:00:00,17,272,5,1
5639,Da Nang City,Car,2025-07-01,2025-07-02 22:00:00,46,598,4,1
5640,HCM District 1,Car,2025-08-13,2025-08-13 07:00:00,7,98,2,0
5641,Da Nang City,Bike,2025-09-07,2025-09-08 21:00:00,45,225,3,1
5642,Da Nang City,Electric Scooter,2025-05-06,2025-05-09 00:00:00,72,1440,3,1
5643,HCM District 1,Bike,2025-08-11,2025-08-12 11:00:00,35,175,1,0
5644,Hanoi Center,Electric Scooter,2025-09-27,2025-09-28 22:00:00,46,506,3,1
5645,Da Nang City,Bike,2025-02-13,2025-02-13 10:00:00,10,160,2,1
5646,Da Nang City,Bike,2025-01-05,2025-01-06 11:00:00,35,490,3,0
5647,Da Nang City,Electric Scooter,2025-07-02,2025-07-05 00:00:00,72,1224,4,0
5648,Da Nang City,Bike,2025-01-24,2025-01-24 19:00:00,19,95,2,1
5649,Hanoi Center,Bike,2025-01-12,2025-01-14 13:00:00,61,366,4,0
5650,Hanoi Center,Car,2025-06-11,2025-06-12 06:00:00,30,420,2,1
5651,HCM District 1,Bike,2025-06-11,2025-06-11 01:00:00,1,15,4,0
5652,Da Nang City,Car,2025-03-02,2025-03-02 07:00:00,7,42,5,0
5653,HCM District 1,Bike,2025-01-10,2025-01-11 07:00:00,31,310,2,1
5654,HCM District 1,Car,2025-08-18,2025-08-19 06:00:00,30,180,3,0
5655,Da Nang City,Car,2025-07-14,2025-07-15 18:00:00,42,840,1,0
5656,Da Nang City,Car,2025-07-17,2025-07-17 14:00:00,14,84,5,0
5657,HCM District 1,Electric Scooter,2025-06-21,2025-06-22 21:00:00,45,270,1,1
5658,HCM District 1,Electric Scooter,2025-02-10,2025-02-10 22:00:00,22,154,1,0
5659,Hanoi Center,Car,2025-06-26,2025-06-26 09:00:00,9,117,2,0
5660,HCM District 1,Electric Scooter,2025-08-13,2025-08-14 15:00:00,39,351,3,1
5661,HCM District 1,Car,2025-02-02,2025-02-04 16:00:00,64,704,1,0
5662,Hanoi Center,Car,2025-04-16,2025-04-18 03:00:00,51,255,4,1
5663,Da Nang City,Bike,2025-04-28,2025-04-28 11:00:00,11,154,4,0
5664,Hanoi Center,Electric Scooter,2025-02-12,2025-02-13 00:00:00,24,408,2,0
5665,Da Nang City,Car,2025-04-21,2025-04-23 23:00:00,71,994,2,0
5666,Da Nang City,Car,2025-07-30,2025-07-31 04:00:00,28,560,4,1
5667,Hanoi Center,Electric Scooter,2025-05-08,2025-05-09 10:00:00,34,306,5,0
5668,Da Nang City,Electric Scooter,2025-06-26,2025-06-27 08:00:00,32,480,4,0
5669,Da Nang City,Bike,2025-06-13,2025-06-13 16:00:00,16,96,4,1
5670,Da Nang City,Electric Scooter,2025-06-08,2025-06-08 12:00:00,12,144,4,1
5671,Da Nang City,Car,2025-03-18,2025-03-19 05:00:00,29,551,2,1
5672,HCM District 1,Electric Scooter,2025-03-30,2025-03-30 17:00:00,17,340,2,1
5673,HCM District 1,Bike,2025-09-20,2025-09-20 13:00:00,13,195,2,0
5674,Hanoi Center,Bike,2025-10-17,2025-10-19 16:00:00,64,960,2,0
5675,Hanoi Center,Electric Scooter,2025-10-21,2025-10-23 20:00:00,68,612,1,1
5676,Da Nang City,Electric Scooter,2025-01-30,2025-01-31 09:00:00,33,660,4,0
5677,HCM District 1,Electric Scooter,2025-08-22,2025-08-23 08:00:00,32,192,3,0
5678,HCM District 1,Electric Scooter,2025-05-10,2025-05-10 15:00:00,15,255,3,1
5679,HCM District 1,Electric Scooter,2025-09-26,2025-09-26 07:00:00,7,77,2,0
5680,Da Nang City,Electric Scooter,2025-04-06,2025-04-08 11:00:00,59,885,5,1
5681,Da Nang City,Car,2025-05-22,2025-05-24 10:00:00,58,1160,1,0
5682,HCM District 1,Electric Scooter,2025-04-10,2025-04-11 19:00:00,43,344,4,0
5683,HCM District 1,Electric Scooter,2025-04-07,2025-04-08 18:00:00,42,672,2,1
5684,HCM District 1,Car,2025-03-22,2025-03-23 05:00:00,29,493,5,1
5685,Da Nang City,Bike,2025-01-23,2025-01-25 22:00:00,70,700,1,0
5686,HCM District 1,Bike,2025-08-06,2025-08-06 09:00:00,9,108,4,0
5687,Hanoi Center,Bike,2025-01-22,2025-01-23 14:00:00,38,684,3,0
5688,Hanoi Center,Electric Scooter,2025-01-05,2025-01-05 22:00:00,22,110,3,0
5689,Hanoi Center,Car,2025-07-06,2025-07-08 04:00:00,52,832,5,0
5690,HCM District 1,Bike,2025-08-04,2025-08-06 07:00:00,55,880,5,1
5691,Hanoi Center,Electric Scooter,2025-09-01,2025-09-03 10:00:00,58,812,1,0
5692,Da Nang City,Electric Scooter,2025-04-29,2025-04-29 04:00:00,4,36,1,0
5693,HCM District 1,Electric Scooter,2025-02-26,2025-02-27 02:00:00,26,130,2,1
5694,HCM District 1,Car,2025-03-26,2025-03-26 09:00:00,9,162,2,0
5695,Hanoi Center,Car,2025-01-05,2025-01-07 08:00:00,56,336,1,0
5696,HCM District 1,Car,2025-03-14,2025-03-14 14:00:00,14,196,2,0
5697,Da Nang City,Bike,2025-05-06,2025-05-08 04:00:00,52,624,5,1
5698,Hanoi Center,Car,2025-10-11,2025-10-12 00:00:00,24,312,1,0
5699,Hanoi Center,Bike,2025-09-05,2025-09-06 06:00:00,30,330,5,0
5700,HCM District 1,Bike,2025-03-03,2025-03-04 04:00:00,28,336,4,0
5701,HCM District 1,Bike,2025-10-09,2025-10-11 01:00:00,49,931,1,1
5702,HCM District 1,Bike,2025-05-21,2025-05-23 22:00:00,70,840,4,0
5703,Hanoi Center,Bike,2025-07-21,2025-07-23 09:00:00,57,456,1,1
5704,Hanoi Center,Bike,2025-03-23,2025-03-24 22:00:00,46,874,2,1
5705,HCM District 1,Electric Scooter,2025-10-02,2025-10-02 13:00:00,13,104,5,1
5706,Da Nang City,Car,2025-07-19,2025-07-20 13:00:00,37,185,2,0
5707,Hanoi Center,Bike,2025-08-01,2025-08-02 16:00:00,40,760,3,0
5708,Da Nang City,Electric Scooter,2025-02-02,2025-02-04 02:00:00,50,300,2,0
5709,Hanoi Center,Electric Scooter,2025-08-21,2025-08-21 22:00:00,22,198,2,1
5710,Hanoi Center,Car,2025-06-03,2025-06-04 16:00:00,40,320,2,1
5711,HCM District 1,Bike,2025-06-08,2025-06-08 19:00:00,19,247,4,0
5712,Da Nang City,Electric Scooter,2025-02-17,2025-02-19 01:00:00,49,931,4,0
5713,Da Nang City,Electric Scooter,2025-06-05,2025-06-05 09:00:00,9,162,5,1
5714,HCM District 1,Electric Scooter,2025-08-19,2025-08-21 20:00:00,68,1020,1,0
5715,Da Nang City,Electric Scooter,2025-09-02,2025-09-04 06:00:00,54,594,5,1
5716,Hanoi Center,Electric Scooter,2025-04-21,2025-04-21 18:00:00,18,234,2,1
5717,Da Nang City,Bike,2025-07-28,2025-07-30 21:00:00,69,1311,1,0
5718,HCM District 1,Car,2025-06-14,2025-06-16 01:00:00,49,441,2,0
5719,HCM District 1,Bike,2025-03-24,2025-03-24 03:00:00,3,45,2,0
5720,Da Nang City,Electric Scooter,2025-03-31,2025-04-01 12:00:00,36,288,5,0
5721,Hanoi Center,Car,2025-09-11,2025-09-13 12:00:00,60,600,2,0
5722,HCM District 1,Car,2025-07-31,2025-08-02 18:00:00,66,1122,1,1
5723,HCM District 1,Car,2025-10-14,2025-10-15 07:00:00,31,620,4,1
5724,Hanoi Center,Electric Scooter,2025-07-25,2025-07-25 14:00:00,14,140,5,0
5725,HCM District 1,Car,2025-02-13,2025-02-13 02:00:00,2,12,3,1
5726,Hanoi Center,Bike,2025-09-10,2025-09-10 21:00:00,21,336,3,0
5727,Hanoi Center,Bike,2025-04-22,2025-04-23 20:00:00,44,528,1,1
5728,HCM District 1,Electric Scooter,2025-06-02,2025-06-02 01:00:00,1,15,3,0
5729,Da Nang City,Car,2025-04-28,2025-04-30 10:00:00,58,406,4,1
5730,Hanoi Center,Car,2025-01-15,2025-01-15 14:00:00,14,238,5,0
5731,Hanoi Center,Electric Scooter,2025-02-24,2025-02-25 18:00:00,42,420,2,0
5732,Da Nang City,Electric Scooter,2025-10-05,2025-10-07 22:00:00,70,490,5,0
5733,Hanoi Center,Car,2025-10-10,2025-10-11 18:00:00,42,252,5,1
5734,Da Nang City,Bike,2025-09-14,2025-09-14 19:00:00,19,285,3,1
5735,HCM District 1,Electric Scooter,2025-06-27,2025-06-29 02:00:00,50,850,4,1
5736,Hanoi Center,Electric Scooter,2025-10-16,2025-10-16 05:00:00,5,30,3,1
5737,HCM District 1,Car,2025-08-07,2025-08-09 10:00:00,58,348,2,1
5738,HCM District 1,Bike,2025-09-08,2025-09-08 07:00:00,7,49,5,0
5739,Hanoi Center,Bike,2025-09-20,2025-09-22 06:00:00,54,486,4,1
5740,HCM District 1,Car,2025-01-30,2025-02-01 03:00:00,51,612,1,0
5741,HCM District 1,Electric Scooter,2025-10-10,2025-10-11 01:00:00,25,250,4,0
5742,Hanoi Center,Car,2025-08-02,2025-08-03 09:00:00,33,627,2,0
5743,Hanoi Center,Electric Scooter,2025-06-01,2025-06-03 19:00:00,67,1340,1,0
5744,Da Nang City,Bike,2025-03-29,2025-03-31 09:00:00,57,513,1,0
5745,Hanoi Center,Car,2025-09-26,2025-09-27 14:00:00,38,266,5,0
5746,Da Nang City,Car,2025-04-03,2025-04-03 07:00:00,7,42,1,0
5747,Da Nang City,Electric Scooter,2025-02-12,2025-02-13 04:00:00,28,504,3,1
5748,Da Nang City,Bike,2025-01-04,2025-01-05 20:00:00,44,704,2,1
5749,HCM District 1,Electric Scooter,2025-07-03,2025-07-05 20:00:00,68,408,5,0
5750,Da Nang City,Electric Scooter,2025-10-26,2025-10-26 06:00:00,6,66,2,0
5751,Hanoi Center,Car,2025-02-13,2025-02-14 18:00:00,42,840,3,1
5752,HCM District 1,Electric Scooter,2025-04-05,2025-04-07 07:00:00,55,770,1,0
5753,Hanoi Center,Bike,2025-08-31,2025-09-01 19:00:00,43,774,4,1
5754,Da Nang City,Electric Scooter,2025-09-22,2025-09-23 05:00:00,29,261,2,0
5755,Hanoi Center,Electric Scooter,2025-02-22,2025-02-24 19:00:00,67,871,1,1
5756,Da Nang City,Car,2025-10-20,2025-10-22 11:00:00,59,708,2,1
5757,HCM District 1,Bike,2025-02-09,2025-02-10 03:00:00,27,324,2,0
5758,Da Nang City,Car,2025-05-18,2025-05-20 09:00:00,57,1026,1,0
5759,Da Nang City,Electric Scooter,2025-08-28,2025-08-29 22:00:00,46,230,4,0
5760,Da Nang City,Bike,2025-04-14,2025-04-15 16:00:00,40,600,2,0
5761,Hanoi Center,Car,2025-01-29,2025-01-31 01:00:00,49,343,5,0
5762,Da Nang City,Car,2025-07-07,2025-07-09 11:00:00,59,1062,3,0
5763,Da Nang City,Bike,2025-08-01,2025-08-01 01:00:00,1,18,4,0
5764,Da Nang City,Electric Scooter,2025-08-28,2025-08-30 11:00:00,59,1121,4,1
5765,HCM District 1,Bike,2025-04-11,2025-04-12 02:00:00,26,494,3,1
5766,HCM District 1,Electric Scooter,2025-08-28,2025-08-28 13:00:00,13,91,5,1
5767,Da Nang City,Bike,2025-09-02,2025-09-04 16:00:00,64,448,4,1
5768,Hanoi Center,Electric Scooter,2025-10-05,2025-10-05 07:00:00,7,49,4,0
5769,Hanoi Center,Electric Scooter,2025-03-07,2025-03-09 03:00:00,51,765,5,0
5770,Da Nang City,Bike,2025-10-25,2025-10-27 13:00:00,61,1220,5,0
5771,Da Nang City,Bike,2025-02-15,2025-02-17 21:00:00,69,552,2,0
5772,Da Nang City,Electric Scooter,2025-04-01,2025-04-02 06:00:00,30,360,2,1
5773,Da Nang City,Electric Scooter,2025-01-23,2025-01-23 18:00:00,18,324,4,1
5774,Hanoi Center,Bike,2025-08-16,2025-08-18 17:00:00,65,390,2,0
5775,Hanoi Center,Bike,2025-04-29,2025-04-29 23:00:00,23,161,5,0
5776,HCM District 1,Bike,2025-10-25,2025-10-27 23:00:00,71,1349,5,1
5777,Hanoi Center,Electric Scooter,2025-08-15,2025-08-15 10:00:00,10,70,4,0
5778,Da Nang City,Car,2025-08-19,2025-08-19 05:00:00,5,30,3,1
5779,Da Nang City,Car,2025-01-02,2025-01-02 01:00:00,1,5,5,0
5780,Da Nang City,Bike,2025-04-19,2025-04-19 18:00:00,18,252,4,1
5781,Hanoi Center,Car,2025-09-28,2025-09-30 18:00:00,66,660,4,0
5782,Da Nang City,Electric Scooter,2025-08-16,2025-08-16 04:00:00,4,32,1,0
5783,HCM District 1,Car,2025-01-11,2025-01-11 14:00:00,14,238,4,1
5784,Hanoi Center,Electric Scooter,2025-05-16,2025-05-17 16:00:00,40,520,2,0
5785,Hanoi Center,Bike,2025-04-19,2025-04-21 10:00:00,58,986,1,1
5786,Hanoi Center,Bike,2025-09-19,2025-09-20 11:00:00,35,560,4,1
5787,Hanoi Center,Car,2025-10-27,2025-10-29 04:00:00,52,988,2,1
5788,Hanoi Center,Car,2025-08-04,2025-08-04 04:00:00,4,20,1,1
5789,HCM District 1,Car,2025-05-25,2025-05-25 04:00:00,4,76,5,1
5790,Hanoi Center,Car,2025-02-23,2025-02-24 06:00:00,30,360,5,1
5791,HCM District 1,Bike,2025-02-20,2025-02-21 15:00:00,39,585,5,1
5792,Da Nang City,Bike,2025-07-07,2025-07-07 01:00:00,1,15,3,0
5793,HCM District 1,Bike,2025-09-14,2025-09-14 11:00:00,11,176,5,0
5794,HCM District 1,Electric Scooter,2025-08-29,2025-08-31 23:00:00,71,1065,2,1
5795,Da Nang City,Bike,2025-09-01,2025-09-03 16:00:00,64,768,5,1
5796,HCM District 1,Electric Scooter,2025-02-14,2025-02-15 22:00:00,46,874,5,0
5797,Da Nang City,Bike,2025-01-28,2025-01-29 07:00:00,31,620,5,0
5798,Da Nang City,Car,2025-06-11,2025-06-11 07:00:00,7,84,4,1
5799,Hanoi Center,Electric Scooter,2025-05-25,2025-05-25 12:00:00,12,144,4,1
5800,HCM District 1,Bike,2025-02-14,2025-02-16 19:00:00,67,1206,1,1
5801,Hanoi Center,Car,2025-08-12,2025-08-12 15:00:00,15,285,5,1
5802,HCM District 1,Electric Scooter,2025-05-25,2025-05-25 16:00:00,16,320,3,1
5803,Hanoi Center,Bike,2025-08-02,2025-08-02 03:00:00,3,30,4,1
5804,Da Nang City,Bike,2025-04-24,2025-04-25 09:00:00,33,660,5,0
5805,HCM District 1,Car,2025-03-20,2025-03-20 05:00:00,5,45,3,0
5806,HCM District 1,Electric Scooter,2025-06-27,2025-06-29 05:00:00,53,1060,4,0
5807,Da Nang City,Electric Scooter,2025-05-15,2025-05-15 22:00:00,22,242,1,0
5808,HCM District 1,Car,2025-04-22,2025-04-24 10:00:00,58,928,1,0
5809,Da Nang City,Bike,2025-05-11,2025-05-12 17:00:00,41,779,3,1
5810,Hanoi Center,Car,2025-10-14,2025-10-15 02:00:00,26,390,4,1
5811,Da Nang City,Electric Scooter,2025-06-20,2025-06-20 21:00:00,21,315,1,1
5812,Da Nang City,Electric Scooter,2025-01-07,2025-01-08 02:00:00,26,442,3,1
5813,Da Nang City,Car,2025-03-16,2025-03-16 15:00:00,15,195,4,1
5814,HCM District 1,Electric Scooter,2025-10-06,2025-10-07 03:00:00,27,243,2,0
5815,Hanoi Center,Bike,2025-03-20,2025-03-22 16:00:00,64,960,4,0
5816,Da Nang City,Electric Scooter,2025-08-12,2025-08-12 06:00:00,6,108,2,0
5817,Da Nang City,Bike,2025-05-07,2025-05-08 12:00:00,36,360,3,1
5818,HCM District 1,Electric Scooter,2025-08-27,2025-08-29 22:00:00,70,490,1,1
5819,HCM District 1,Bike,2025-08-25,2025-08-25 15:00:00,15,150,5,0
5820,Da Nang City,Electric Scooter,2025-06-28,2025-06-29 15:00:00,39,390,5,0
5821,HCM District 1,Electric Scooter,2025-06-12,2025-06-12 13:00:00,13,91,2,0
5822,Hanoi Center,Electric Scooter,2025-09-20,2025-09-21 00:00:00,24,312,3,1
5823,Hanoi Center,Electric Scooter,2025-10-19,2025-10-20 00:00:00,24,336,4,0
5824,Hanoi Center,Car,2025-08-31,2025-09-01 07:00:00,31,527,2,0
5825,Da Nang City,Electric Scooter,2025-03-28,2025-03-28 12:00:00,12,168,1,0
5826,Hanoi Center,Car,2025-04-08,2025-04-09 23:00:00,47,329,3,1
5827,HCM District 1,Car,2025-01-18,2025-01-19 01:00:00,25,125,1,1
5828,Hanoi Center,Car,2025-08-21,2025-08-23 21:00:00,69,1104,2,0
5829,Da Nang City,Bike,2025-10-06,2025-10-07 08:00:00,32,448,2,1
5830,HCM District 1,Electric Scooter,2025-02-23,2025-02-24 03:00:00,27,216,2,0
5831,Hanoi Center,Electric Scooter,2025-04-08,2025-04-10 05:00:00,53,318,5,1
5832,HCM District 1,Bike,2025-03-01,2025-03-02 22:00:00,46,506,5,1
5833,HCM District 1,Electric Scooter,2025-06-19,2025-06-19 06:00:00,6,96,5,1
5834,Da Nang City,Bike,2025-08-19,2025-08-20 01:00:00,25,350,2,0
5835,HCM District 1,Car,2025-01-31,2025-02-02 23:00:00,71,1136,4,1
5836,Hanoi Center,Car,2025-05-07,2025-05-07 11:00:00,11,176,2,0
5837,Hanoi Center,Electric Scooter,2025-07-14,2025-07-14 22:00:00,22,374,3,1
5838,Da Nang City,Car,2025-10-07,2025-10-09 09:00:00,57,399,4,1
5839,HCM District 1,Car,2025-01-27,2025-01-29 21:00:00,69,966,1,1
5840,HCM District 1,Electric Scooter,2025-04-27,2025-04-29 18:00:00,66,528,1,0
5841,Da Nang City,Car,2025-04-29,2025-04-30 17:00:00,41,656,4,0
5842,HCM District 1,Car,2025-03-19,2025-03-19 19:00:00,19,304,4,0
5843,Hanoi Center,Bike,2025-04-01,2025-04-01 10:00:00,10,180,5,0
5844,HCM District 1,Car,2025-02-01,2025-02-01 05:00:00,5,80,2,1
5845,Da Nang City,Car,2025-06-25,2025-06-25 03:00:00,3,42,3,1
5846,Hanoi Center,Car,2025-04-23,2025-04-25 10:00:00,58,348,1,1
5847,Hanoi Center,Bike,2025-07-24,2025-07-26 04:00:00,52,1040,3,1
5848,HCM District 1,Bike,2025-01-27,2025-01-29 15:00:00,63,945,1,0
5849,Da Nang City,Car,2025-02-04,2025-02-04 04:00:00,4,56,1,1
5850,Da Nang City,Bike,2025-06-15,2025-06-15 19:00:00,19,361,3,0
5851,Hanoi Center,Electric Scooter,2025-04-17,2025-04-18 00:00:00,24,168,5,1
5852,HCM District 1,Bike,2025-08-06,2025-08-06 07:00:00,7,42,2,1
5853,Hanoi Center,Electric Scooter,2025-04-04,2025-04-06 09:00:00,57,798,2,0
5854,Hanoi Center,Electric Scooter,2025-01-28,2025-01-28 20:00:00,20,220,5,1
5855,Hanoi Center,Electric Scooter,2025-10-26,2025-10-26 20:00:00,20,160,1,0
5856,Da Nang City,Bike,2025-08-09,2025-08-11 18:00:00,66,990,5,0
5857,Da Nang City,Bike,2025-08-11,2025-08-13 10:00:00,58,522,1,1
5858,Da Nang City,Car,2025-01-24,2025-01-26 22:00:00,70,1400,5,1
5859,Da Nang City,Electric Scooter,2025-05-15,2025-05-16 09:00:00,33,462,2,0
5860,HCM District 1,Bike,2025-08-27,2025-08-28 00:00:00,24,288,2,0
5861,Da Nang City,Bike,2025-06-30,2025-06-30 16:00:00,16,160,5,1
5862,Hanoi Center,Electric Scooter,2025-01-09,2025-01-11 23:00:00,71,639,5,0
5863,Da Nang City,Bike,2025-01-25,2025-01-27 06:00:00,54,324,1,1
5864,Hanoi Center,Car,2025-03-11,2025-03-12 05:00:00,29,203,2,0
5865,HCM District 1,Car,2025-05-01,2025-05-03 18:00:00,66,396,3,0
5866,Hanoi Center,Car,2025-05-10,2025-05-10 15:00:00,15,210,5,0
5867,Da Nang City,Car,2025-01-31,2025-01-31 04:00:00,4,20,4,1
5868,Hanoi Center,Electric Scooter,2025-05-30,2025-06-01 15:00:00,63,1197,1,0
5869,HCM District 1,Car,2025-07-23,2025-07-23 18:00:00,18,270,3,1
5870,HCM District 1,Bike,2025-05-02,2025-05-03 19:00:00,43,344,5,1
5871,HCM District 1,Car,2025-07-10,2025-07-10 20:00:00,20,320,1,1
5872,Hanoi Center,Electric Scooter,2025-07-06,2025-07-06 05:00:00,5,45,2,1
5873,Da Nang City,Electric Scooter,2025-05-25,2025-05-27 16:00:00,64,1280,1,1
5874,Hanoi Center,Electric Scooter,2025-03-20,2025-03-22 00:00:00,48,432,2,1
5875,HCM District 1,Bike,2025-01-31,2025-02-01 11:00:00,35,665,1,0
5876,HCM District 1,Car,2025-06-12,2025-06-12 20:00:00,20,140,5,1
5877,Da Nang City,Electric Scooter,2025-07-15,2025-07-15 14:00:00,14,182,4,1
5878,Hanoi Center,Bike,2025-08-02,2025-08-02 16:00:00,16,160,1,0
5879,HCM District 1,Electric Scooter,2025-08-07,2025-08-08 16:00:00,40,200,5,0
5880,HCM District 1,Electric Scooter,2025-10-27,2025-10-27 14:00:00,14,280,4,0
5881,HCM District 1,Bike,2025-06-18,2025-06-20 14:00:00,62,868,2,0
5882,HCM District 1,Car,2025-04-11,2025-04-12 17:00:00,41,533,2,0
5883,HCM District 1,Electric Scooter,2025-07-14,2025-07-15 23:00:00,47,893,4,1
5884,HCM District 1,Car,2025-03-17,2025-03-19 17:00:00,65,715,2,0
5885,Hanoi Center,Bike,2025-08-06,2025-08-08 11:00:00,59,649,2,1
5886,Hanoi Center,Car,2025-02-21,2025-02-21 15:00:00,15,225,4,0
5887,Hanoi Center,Bike,2025-03-14,2025-03-16 14:00:00,62,1240,5,0
5888,Da Nang City,Electric Scooter,2025-06-02,2025-06-03 15:00:00,39,312,4,0
5889,Hanoi Center,Electric Scooter,2025-02-26,2025-02-26 17:00:00,17,85,2,0
5890,HCM District 1,Bike,2025-06-09,2025-06-11 07:00:00,55,330,2,1
5891,HCM District 1,Electric Scooter,2025-04-11,2025-04-12 13:00:00,37,222,5,1
5892,HCM District 1,Car,2025-10-10,2025-10-12 00:00:00,48,336,2,1
5893,HCM District 1,Car,2025-03-06,2025-03-07 04:00:00,28,476,2,1
5894,HCM District 1,Bike,2025-01-16,2025-01-16 19:00:00,19,152,4,1
5895,Da Nang City,Electric Scooter,2025-01-04,2025-01-04 10:00:00,10,90,5,0
5896,Da Nang City,Electric Scooter,2025-07-17,2025-07-18 22:00:00,46,552,2,1
5897,Hanoi Center,Car,2025-03-16,2025-03-18 16:00:00,64,704,4,0
5898,Hanoi Center,Electric Scooter,2025-05-16,2025-05-18 11:00:00,59,826,2,1
5899,Hanoi Center,Car,2025-10-03,2025-10-05 20:00:00,68,544,4,0
5900,HCM District 1,Car,2025-01-05,2025-01-07 14:00:00,62,868,4,1
5901,HCM District 1,Car,2025-02-07,2025-02-08 21:00:00,45,495,5,0
5902,Hanoi Center,Car,2025-05-25,2025-05-27 09:00:00,57,627,2,1
5903,Hanoi Center,Electric Scooter,2025-01-02,2025-01-04 22:00:00,70,1120,3,0
5904,HCM District 1,Car,2025-04-26,2025-04-28 17:00:00,65,1235,3,0
5905,HCM District 1,Car,2025-04-24,2025-04-25 11:00:00,35,560,2,1
5906,HCM District 1,Bike,2025-02-20,2025-02-20 01:00:00,1,5,4,1
5907,Hanoi Center,Car,2025-04-23,2025-04-23 09:00:00,9,54,4,1
5908,Hanoi Center,Bike,2025-01-06,2025-01-08 07:00:00,55,825,1,0
5909,Hanoi Center,Electric Scooter,2025-04-13,2025-04-13 19:00:00,19,266,4,0
5910,Hanoi Center,Electric Scooter,2025-07-24,2025-07-26 20:00:00,68,476,5,1
5911,Da Nang City,Electric Scooter,2025-02-17,2025-02-19 20:00:00,68,1224,5,0
5912,HCM District 1,Car,2025-06-18,2025-06-19 09:00:00,33,396,2,1
5913,Da Nang City,Electric Scooter,2025-05-18,2025-05-20 08:00:00,56,504,2,0
5914,Da Nang City,Electric Scooter,2025-02-25,2025-02-25 19:00:00,19,323,5,1
5915,Hanoi Center,Car,2025-09-24,2025-09-26 04:00:00,52,312,1,1
5916,HCM District 1,Electric Scooter,2025-10-14,2025-10-14 16:00:00,16,144,2,1
5917,HCM District 1,Bike,2025-01-24,2025-01-24 03:00:00,3,36,3,0
5918,Da Nang City,Bike,2025-04-04,2025-04-05 18:00:00,42,210,1,1
5919,Hanoi Center,Electric Scooter,2025-05-27,2025-05-28 14:00:00,38,342,5,0
5920,Da Nang City,Car,2025-02-16,2025-02-18 22:00:00,70,1260,1,1
5921,Hanoi Center,Bike,2025-04-17,2025-04-18 22:00:00,46,552,4,0
5922,Da Nang City,Car,2025-10-27,2025-10-29 10:00:00,58,986,3,1
5923,Da Nang City,Car,2025-06-26,2025-06-26 17:00:00,17,272,4,1
5924,HCM District 1,Car,2025-06-25,2025-06-26 00:00:00,24,480,2,0
5925,Hanoi Center,Electric Scooter,2025-09-26,2025-09-27 23:00:00,47,940,3,0
5926,HCM District 1,Bike,2025-03-28,2025-03-28 20:00:00,20,300,2,1
5927,Hanoi Center,Bike,2025-08-09,2025-08-10 23:00:00,47,658,2,1
5928,HCM District 1,Car,2025-06-02,2025-06-02 20:00:00,20,140,4,1
5929,HCM District 1,Car,2025-02-06,2025-02-08 17:00:00,65,585,2,0
5930,Hanoi Center,Bike,2025-06-21,2025-06-21 02:00:00,2,18,1,1
5931,Hanoi Center,Bike,2025-05-11,2025-05-11 17:00:00,17,340,3,0
5932,Hanoi Center,Bike,2025-07-06,2025-07-06 02:00:00,2,26,5,1
5933,Da Nang City,Car,2025-07-12,2025-07-14 17:00:00,65,650,3,0
5934,Hanoi Center,Car,2025-05-12,2025-05-12 19:00:00,19,95,2,1
5935,Da Nang City,Car,2025-08-10,2025-08-10 08:00:00,8,104,2,0
5936,HCM District 1,Bike,2025-06-29,2025-07-01 04:00:00,52,416,5,1
5937,Da Nang City,Electric Scooter,2025-02-11,2025-02-11 17:00:00,17,255,1,1
5938,Hanoi Center,Electric Scooter,2025-06-25,2025-06-25 10:00:00,10,90,2,0
5939,Hanoi Center,Car,2025-05-08,2025-05-08 14:00:00,14,266,2,0
5940,HCM District 1,Electric Scooter,2025-05-10,2025-05-10 13:00:00,13,156,3,0
5941,HCM District 1,Bike,2025-05-13,2025-05-15 08:00:00,56,616,3,1
5942,Hanoi Center,Car,2025-01-03,2025-01-04 08:00:00,32,544,5,1
5943,Hanoi Center,Electric Scooter,2025-01-30,2025-01-30 11:00:00,11,209,2,1
5944,Hanoi Center,Car,2025-08-27,2025-08-27 21:00:00,21,294,3,0
5945,Da Nang City,Car,2025-01-02,2025-01-04 02:00:00,50,400,5,1
5946,HCM District 1,Electric Scooter,2025-08-20,2025-08-21 15:00:00,39,468,3,1
5947,HCM District 1,Bike,2025-07-09,2025-07-09 05:00:00,5,70,1,0
5948,Da Nang City,Electric Scooter,2025-03-03,2025-03-05 04:00:00,52,728,3,0
5949,Hanoi Center,Electric Scooter,2025-02-27,2025-03-01 18:00:00,66,1188,5,0
5950,HCM District 1,Car,2025-04-02,2025-04-02 15:00:00,15,210,3,1
5951,HCM District 1,Electric Scooter,2025-05-03,2025-05-04 06:00:00,30,270,3,1
5952,HCM District 1,Electric Scooter,2025-02-18,2025-02-20 03:00:00,51,612,2,1
5953,Hanoi Center,Electric Scooter,2025-06-19,2025-06-19 03:00:00,3,57,1,0
5954,HCM District 1,Electric Scooter,2025-07-19,2025-07-20 09:00:00,33,429,1,0
5955,Hanoi Center,Electric Scooter,2025-10-27,2025-10-27 08:00:00,8,96,1,0
5956,Hanoi Center,Electric Scooter,2025-08-13,2025-08-14 20:00:00,44,220,5,1
5957,Da Nang City,Car,2025-03-23,2025-03-25 07:00:00,55,770,4,0
5958,Da Nang City,Electric Scooter,2025-01-12,2025-01-14 18:00:00,66,1188,5,1
5959,HCM District 1,Car,2025-10-12,2025-10-14 17:00:00,65,520,4,1
5960,Da Nang City,Electric Scooter,2025-04-09,2025-04-09 12:00:00,12,72,1,1
5961,Hanoi Center,Electric Scooter,2025-05-21,2025-05-22 17:00:00,41,779,2,1
5962,Hanoi Center,Car,2025-05-15,2025-05-15 13:00:00,13,117,5,1
5963,Da Nang City,Electric Scooter,2025-09-27,2025-09-28 21:00:00,45,315,3,0
5964,HCM District 1,Car,2025-06-20,2025-06-21 05:00:00,29,493,5,0
5965,Hanoi Center,Bike,2025-01-15,2025-01-16 02:00:00,26,494,4,0
5966,HCM District 1,Electric Scooter,2025-10-08,2025-10-08 19:00:00,19,323,1,0
5967,Hanoi Center,Car,2025-05-19,2025-05-19 17:00:00,17,340,3,1
5968,HCM District 1,Bike,2025-07-20,2025-07-20 18:00:00,18,90,2,1
5969,Da Nang City,Bike,2025-05-24,2025-05-24 06:00:00,6,30,3,1
5970,Hanoi Center,Bike,2025-05-30,2025-05-30 14:00:00,14,224,2,0
5971,HCM District 1,Electric Scooter,2025-03-22,2025-03-24 23:00:00,71,852,1,0
5972,HCM District 1,Car,2025-08-02,2025-08-03 01:00:00,25,500,1,1
5973,HCM District 1,Bike,2025-02-03,2025-02-04 09:00:00,33,594,4,1
5974,HCM District 1,Electric Scooter,2025-01-20,2025-01-21 02:00:00,26,364,5,1
5975,Da Nang City,Car,2025-09-14,2025-09-15 13:00:00,37,444,2,1
5976,Hanoi Center,Car,2025-03-02,2025-03-03 06:00:00,30,390,1,0
5977,HCM District 1,Car,2025-08-31,2025-09-01 11:00:00,35,595,3,1
5978,Hanoi Center,Electric Scooter,2025-06-11,2025-06-13 19:00:00,67,938,4,0
5979,Da Nang City,Electric Scooter,2025-10-11,2025-10-11 03:00:00,3,36,4,0
5980,Da Nang City,Electric Scooter,2025-10-27,2025-10-27 20:00:00,20,100,4,1
5981,HCM District 1,Car,2025-09-17,2025-09-18 08:00:00,32,288,4,0
5982,Da Nang City,Bike,2025-03-14,2025-03-16 07:00:00,55,825,3,1
5983,Da Nang City,Car,2025-09-17,2025-09-18 11:00:00,35,700,4,1
5984,Hanoi Center,Electric Scooter,2025-02-10,2025-02-12 13:00:00,61,305,4,1
5985,HCM District 1,Bike,2025-04-01,2025-04-03 16:00:00,64,960,3,0
5986,Hanoi Center,Electric Scooter,2025-08-27,2025-08-29 01:00:00,49,245,5,1
5987,HCM District 1,Bike,2025-04-17,2025-04-19 00:00:00,48,720,3,0
5988,Hanoi Center,Electric Scooter,2025-10-25,2025-10-26 16:00:00,40,240,5,0
5989,Hanoi Center,Car,2025-03-13,2025-03-14 15:00:00,39,546,3,1
5990,HCM District 1,Bike,2025-09-22,2025-09-23 00:00:00,24,456,3,1
5991,Hanoi Center,Electric Scooter,2025-02-09,2025-02-09 08:00:00,8,72,5,0
5992,Da Nang City,Electric Scooter,2025-08-09,2025-08-10 10:00:00,34,612,5,1
5993,Hanoi Center,Electric Scooter,2025-04-30,2025-04-30 19:00:00,19,323,5,1
5994,HCM District 1,Car,2025-09-08,2025-09-08 17:00:00,17,221,1,0
5995,Hanoi Center,Bike,2025-10-09,2025-10-10 06:00:00,30,270,4,1
5996,Hanoi Center,Electric Scooter,2025-10-22,2025-10-24 02:00:00,50,1000,1,1
5997,HCM District 1,Bike,2025-07-06,2025-07-07 06:00:00,30,360,1,1
5998,Da Nang City,Electric Scooter,2025-03-29,2025-03-30 13:00:00,37,222,3,0
5999,Hanoi Center,Bike,2025-02-20,2025-02-20 02:00:00,2,10,4,0
6000,Da Nang City,Car,2025-08-01,2025-08-03 17:00:00,65,455,5,1
6001,Hanoi Center,Bike,2025-07-21,2025-07-23 21:00:00,69,483,3,0
6002,Hanoi Center,Electric Scooter,2025-01-20,2025-01-20 10:00:00,10,100,1,1
6003,HCM District 1,Electric Scooter,2025-08-29,2025-08-31 16:00:00,64,960,2,1
6004,Hanoi Center,Bike,2025-03-26,2025-03-26 01:00:00,1,11,5,0
6005,Hanoi Center,Electric Scooter,2025-07-07,2025-07-07 23:00:00,23,253,5,0
6006,Hanoi Center,Bike,2025-03-26,2025-03-28 02:00:00,50,900,4,0
6007,HCM District 1,Car,2025-07-05,2025-07-06 19:00:00,43,430,1,0
6008,Hanoi Center,Bike,2025-03-30,2025-04-02 00:00:00,72,1008,5,0
6009,HCM District 1,Electric Scooter,2025-07-28,2025-07-29 13:00:00,37,444,1,0
6010,HCM District 1,Bike,2025-02-14,2025-02-15 10:00:00,34,272,4,1
6011,Da Nang City,Bike,2025-07-09,2025-07-11 07:00:00,55,935,5,0
6012,Da Nang City,Car,2025-07-22,2025-07-23 01:00:00,25,250,3,1
6013,HCM District 1,Car,2025-07-04,2025-07-06 10:00:00,58,522,4,1
6014,Hanoi Center,Electric Scooter,2025-07-24,2025-07-25 21:00:00,45,585,4,1
6015,HCM District 1,Bike,2025-10-25,2025-10-25 19:00:00,19,361,5,1
6016,HCM District 1,Car,2025-09-03,2025-09-04 22:00:00,46,920,5,1
6017,HCM District 1,Bike,2025-05-28,2025-05-29 21:00:00,45,540,5,1
6018,Hanoi Center,Bike,2025-07-13,2025-07-13 14:00:00,14,84,2,0
6019,Da Nang City,Car,2025-08-21,2025-08-21 16:00:00,16,80,1,0
6020,Hanoi Center,Bike,2025-03-24,2025-03-25 05:00:00,29,319,5,1
6021,HCM District 1,Electric Scooter,2025-01-02,2025-01-03 23:00:00,47,940,4,0
6022,HCM District 1,Electric Scooter,2025-03-30,2025-04-01 03:00:00,51,663,4,1
6023,Da Nang City,Car,2025-05-27,2025-05-28 19:00:00,43,817,1,0
6024,Hanoi Center,Electric Scooter,2025-10-02,2025-10-02 16:00:00,16,144,1,0
6025,Hanoi Center,Bike,2025-08-11,2025-08-13 09:00:00,57,912,2,1
6026,HCM District 1,Bike,2025-04-14,2025-04-16 21:00:00,69,759,3,1
6027,Da Nang City,Car,2025-01-12,2025-01-13 00:00:00,24,144,4,0
6028,HCM District 1,Car,2025-07-04,2025-07-06 20:00:00,68,1156,4,1
6029,HCM District 1,Car,2025-10-20,2025-10-20 15:00:00,15,240,4,1
6030,Da Nang City,Bike,2025-06-15,2025-06-17 23:00:00,71,923,2,0
6031,HCM District 1,Electric Scooter,2025-07-19,2025-07-21 06:00:00,54,864,5,0
6032,Da Nang City,Electric Scooter,2025-10-05,2025-10-06 12:00:00,36,684,2,0
6033,HCM District 1,Car,2025-08-22,2025-08-24 08:00:00,56,1008,4,1
6034,Hanoi Center,Electric Scooter,2025-08-28,2025-08-29 12:00:00,36,648,1,1
6035,Da Nang City,Electric Scooter,2025-03-20,2025-03-21 13:00:00,37,518,4,1
6036,Hanoi Center,Bike,2025-09-16,2025-09-17 12:00:00,36,216,1,1
6037,HCM District 1,Bike,2025-09-12,2025-09-12 21:00:00,21,336,4,0
6038,Da Nang City,Car,2025-01-16,2025-01-17 07:00:00,31,527,2,0
6039,HCM District 1,Car,2025-08-08,2025-08-10 13:00:00,61,732,1,0
6040,Da Nang City,Car,2025-10-19,2025-10-20 01:00:00,25,125,2,1
6041,HCM District 1,Electric Scooter,2025-10-06,2025-10-08 20:00:00,68,1088,3,0
6042,Da Nang City,Electric Scooter,2025-08-15,2025-08-15 14:00:00,14,280,3,1
6043,Da Nang City,Electric Scooter,2025-07-12,2025-07-13 20:00:00,44,616,1,0
6044,Hanoi Center,Electric Scooter,2025-08-17,2025-08-17 03:00:00,3,48,5,1
6045,Hanoi Center,Car,2025-06-24,2025-06-26 11:00:00,59,531,2,0
6046,Da Nang City,Car,2025-09-12,2025-09-12 06:00:00,6,60,1,0
6047,HCM District 1,Bike,2025-09-16,2025-09-16 10:00:00,10,180,3,0
6048,Da Nang City,Car,2025-03-09,2025-03-10 19:00:00,43,602,3,0
6049,Hanoi Center,Bike,2025-05-18,2025-05-20 05:00:00,53,424,5,1
6050,Da Nang City,Bike,2025-05-20,2025-05-22 09:00:00,57,627,2,0
6051,Hanoi Center,Bike,2025-05-24,2025-05-24 03:00:00,3,36,3,1
6052,Hanoi Center,Car,2025-03-28,2025-03-29 13:00:00,37,259,5,0
6053,Hanoi Center,Bike,2025-04-06,2025-04-07 23:00:00,47,517,3,1
6054,HCM District 1,Bike,2025-06-07,2025-06-09 22:00:00,70,420,5,0
6055,Da Nang City,Electric Scooter,2025-09-06,2025-09-08 11:00:00,59,354,2,1
6056,Hanoi Center,Bike,2025-05-30,2025-06-01 22:00:00,70,1260,2,1
6057,Da Nang City,Electric Scooter,2025-04-20,2025-04-22 23:00:00,71,1278,5,0
6058,Hanoi Center,Bike,2025-01-07,2025-01-08 05:00:00,29,580,2,1
6059,Da Nang City,Bike,2025-01-27,2025-01-28 15:00:00,39,702,2,0
6060,Hanoi Center,Bike,2025-05-06,2025-05-07 07:00:00,31,465,1,0
6061,Da Nang City,Electric Scooter,2025-09-03,2025-09-03 09:00:00,9,108,5,1
6062,Hanoi Center,Electric Scooter,2025-05-28,2025-05-30 05:00:00,53,742,4,1
6063,Hanoi Center,Electric Scooter,2025-02-10,2025-02-11 01:00:00,25,475,5,0
6064,HCM District 1,Car,2025-04-05,2025-04-06 17:00:00,41,369,4,0
6065,Da Nang City,Electric Scooter,2025-04-22,2025-04-23 00:00:00,24,288,3,1
6066,Da Nang City,Car,2025-10-22,2025-10-22 19:00:00,19,304,3,1
6067,Da Nang City,Car,2025-07-05,2025-07-05 06:00:00,6,54,5,0
6068,Hanoi Center,Bike,2025-09-07,2025-09-09 08:00:00,56,1064,2,1
6069,HCM District 1,Car,2025-06-22,2025-06-22 23:00:00,23,161,1,1
6070,Hanoi Center,Electric Scooter,2025-05-31,2025-05-31 10:00:00,10,170,4,0
6071,Da Nang City,Car,2025-03-17,2025-03-18 09:00:00,33,297,3,0
6072,Da Nang City,Electric Scooter,2025-08-29,2025-08-30 00:00:00,24,312,5,1
6073,Hanoi Center,Car,2025-09-29,2025-10-01 18:00:00,66,594,3,0
6074,Hanoi Center,Bike,2025-09-15,2025-09-16 20:00:00,44,396,5,0
6075,HCM District 1,Car,2025-05-31,2025-05-31 07:00:00,7,56,5,1
6076,HCM District 1,Electric Scooter,2025-07-19,2025-07-19 21:00:00,21,231,4,1
6077,Da Nang City,Electric Scooter,2025-01-12,2025-01-12 08:00:00,8,128,1,1
6078,Hanoi Center,Car,2025-03-20,2025-03-20 04:00:00,4,36,4,1
6079,Hanoi Center,Bike,2025-07-08,2025-07-10 15:00:00,63,1008,5,0
6080,Hanoi Center,Electric Scooter,2025-09-02,2025-09-02 06:00:00,6,66,2,0
6081,HCM District 1,Electric Scooter,2025-08-03,2025-08-05 11:00:00,59,1121,2,1
6082,Hanoi Center,Car,2025-03-07,2025-03-08 11:00:00,35,210,3,1
6083,HCM District 1,Electric Scooter,2025-05-04,2025-05-06 14:00:00,62,434,5,0
6084,Da Nang City,Car,2025-02-25,2025-02-27 04:00:00,52,468,4,1
6085,HCM District 1,Bike,2025-03-17,2025-03-19 20:00:00,68,748,1,1
6086,HCM District 1,Bike,2025-04-02,2025-04-03 09:00:00,33,660,4,0
6087,HCM District 1,Electric Scooter,2025-05-24,2025-05-24 09:00:00,9,171,3,0
6088,Da Nang City,Car,2025-10-13,2025-10-14 18:00:00,42,588,1,0
6089,Da Nang City,Car,2025-08-17,2025-08-17 09:00:00,9,99,5,1
6090,Da Nang City,Electric Scooter,2025-06-10,2025-06-10 10:00:00,10,130,3,1
6091,HCM District 1,Bike,2025-10-03,2025-10-03 01:00:00,1,17,1,0
6092,HCM District 1,Car,2025-03-28,2025-03-28 15:00:00,15,300,2,0
6093,Hanoi Center,Car,2025-10-16,2025-10-17 14:00:00,38,304,2,0
6094,Hanoi Center,Electric Scooter,2025-06-26,2025-06-27 15:00:00,39,273,1,0
6095,Hanoi Center,Bike,2025-04-21,2025-04-22 00:00:00,24,240,2,1
6096,HCM District 1,Bike,2025-01-06,2025-01-08 14:00:00,62,496,4,1
6097,Hanoi Center,Car,2025-07-30,2025-08-01 02:00:00,50,400,1,0
6098,HCM District 1,Car,2025-07-04,2025-07-04 23:00:00,23,207,5,1
6099,HCM District 1,Car,2025-06-25,2025-06-26 14:00:00,38,380,2,0
6100,HCM District 1,Electric Scooter,2025-07-03,2025-07-05 23:00:00,71,1065,2,1
6101,HCM District 1,Electric Scooter,2025-02-03,2025-02-05 07:00:00,55,715,5,1
6102,HCM District 1,Car,2025-05-09,2025-05-10 06:00:00,30,510,4,1
6103,Hanoi Center,Electric Scooter,2025-01-08,2025-01-09 21:00:00,45,900,5,0
6104,Da Nang City,Car,2025-08-29,2025-08-30 13:00:00,37,555,3,1
6105,HCM District 1,Bike,2025-05-13,2025-05-13 11:00:00,11,176,4,1
6106,Da Nang City,Car,2025-02-27,2025-02-28 15:00:00,39,741,1,0
6107,HCM District 1,Car,2025-09-17,2025-09-19 22:00:00,70,1260,3,0
6108,Hanoi Center,Car,2025-08-13,2025-08-13 23:00:00,23,345,5,0
6109,Da Nang City,Car,2025-01-21,2025-01-22 14:00:00,38,760,2,0
6110,Hanoi Center,Electric Scooter,2025-09-03,2025-09-03 07:00:00,7,112,4,1
6111,HCM District 1,Car,2025-03-04,2025-03-06 01:00:00,49,343,2,1
6112,Da Nang City,Car,2025-03-24,2025-03-26 20:00:00,68,340,3,1
6113,Hanoi Center,Car,2025-01-26,2025-01-27 06:00:00,30,420,2,0
6114,Da Nang City,Electric Scooter,2025-07-05,2025-07-05 23:00:00,23,138,5,1
6115,HCM District 1,Electric Scooter,2025-08-04,2025-08-05 13:00:00,37,259,3,1
6116,HCM District 1,Bike,2025-10-16,2025-10-16 17:00:00,17,170,4,0
6117,Da Nang City,Electric Scooter,2025-10-03,2025-10-03 14:00:00,14,98,1,0
6118,Da Nang City,Electric Scooter,2025-05-22,2025-05-22 23:00:00,23,391,1,1
6119,HCM District 1,Electric Scooter,2025-03-27,2025-03-29 03:00:00,51,765,2,1
6120,Hanoi Center,Bike,2025-05-10,2025-05-12 21:00:00,69,759,3,1
6121,Hanoi Center,Car,2025-09-25,2025-09-25 15:00:00,15,300,3,1
6122,Da Nang City,Electric Scooter,2025-10-07,2025-10-09 00:00:00,48,336,2,0
6123,Da Nang City,Bike,2025-06-09,2025-06-10 21:00:00,45,810,1,1
6124,Da Nang City,Electric Scooter,2025-06-30,2025-07-01 01:00:00,25,400,3,0
6125,Hanoi Center,Electric Scooter,2025-05-05,2025-05-05 12:00:00,12,180,1,1
6126,HCM District 1,Car,2025-10-15,2025-10-15 06:00:00,6,114,5,0
6127,HCM District 1,Bike,2025-04-12,2025-04-13 11:00:00,35,630,1,1
6128,Hanoi Center,Car,2025-10-16,2025-10-18 15:00:00,63,1197,1,0
6129,Da Nang City,Car,2025-10-16,2025-10-17 05:00:00,29,377,2,1
6130,Hanoi Center,Bike,2025-04-27,2025-04-29 12:00:00,60,600,2,1
6131,HCM District 1,Bike,2025-10-21,2025-10-22 07:00:00,31,558,4,0
6132,Hanoi Center,Car,2025-06-06,2025-06-06 17:00:00,17,170,2,1
6133,Da Nang City,Electric Scooter,2025-06-24,2025-06-26 19:00:00,67,938,1,0
6134,Hanoi Center,Electric Scooter,2025-09-13,2025-09-13 03:00:00,3,30,5,1
6135,HCM District 1,Electric Scooter,2025-02-06,2025-02-07 11:00:00,35,455,5,1
6136,Da Nang City,Bike,2025-10-02,2025-10-02 12:00:00,12,96,5,0
6137,Hanoi Center,Bike,2025-05-17,2025-05-17 20:00:00,20,360,2,1
6138,Hanoi Center,Bike,2025-07-09,2025-07-11 05:00:00,53,689,2,0
6139,Da Nang City,Electric Scooter,2025-05-05,2025-05-06 04:00:00,28,168,2,0
6140,Hanoi Center,Electric Scooter,2025-03-31,2025-03-31 10:00:00,10,190,2,1
6141,Hanoi Center,Electric Scooter,2025-01-14,2025-01-16 01:00:00,49,539,4,0
6142,Da Nang City,Car,2025-03-21,2025-03-21 22:00:00,22,286,1,0
6143,Hanoi Center,Car,2025-09-03,2025-09-05 17:00:00,65,1235,1,0
6144,Da Nang City,Car,2025-03-14,2025-03-15 23:00:00,47,423,4,0
6145,Hanoi Center,Electric Scooter,2025-07-31,2025-08-02 11:00:00,59,1121,1,0
6146,Hanoi Center,Bike,2025-04-11,2025-04-12 04:00:00,28,448,4,0
6147,HCM District 1,Bike,2025-04-29,2025-04-29 10:00:00,10,110,1,0
6148,HCM District 1,Car,2025-09-09,2025-09-10 09:00:00,33,627,4,1
6149,HCM District 1,Car,2025-04-26,2025-04-28 05:00:00,53,583,5,1
6150,HCM District 1,Car,2025-02-17,2025-02-18 12:00:00,36,720,5,1
6151,HCM District 1,Car,2025-10-11,2025-10-11 16:00:00,16,288,1,1
6152,HCM District 1,Bike,2025-08-18,2025-08-19 19:00:00,43,215,2,0
6153,Hanoi Center,Bike,2025-03-30,2025-04-01 16:00:00,64,832,2,0
6154,HCM District 1,Electric Scooter,2025-04-14,2025-04-15 10:00:00,34,170,5,1
6155,Da Nang City,Car,2025-07-24,2025-07-24 10:00:00,10,130,5,0
6156,Da Nang City,Bike,2025-10-17,2025-10-19 10:00:00,58,870,1,0
6157,HCM District 1,Bike,2025-07-16,2025-07-18 12:00:00,60,480,4,1
6158,Da Nang City,Bike,2025-05-02,2025-05-02 01:00:00,1,17,5,0
6159,Hanoi Center,Electric Scooter,2025-02-06,2025-02-07 02:00:00,26,364,3,1
6160,Da Nang City,Bike,2025-08-23,2025-08-23 05:00:00,5,85,3,0
6161,HCM District 1,Car,2025-06-08,2025-06-09 07:00:00,31,403,4,1
6162,Hanoi Center,Bike,2025-06-18,2025-06-18 13:00:00,13,104,4,0
6163,Da Nang City,Bike,2025-09-01,2025-09-04 00:00:00,72,360,2,1
6164,Da Nang City,Bike,2025-06-03,2025-06-04 19:00:00,43,430,3,1
6165,HCM District 1,Bike,2025-07-20,2025-07-22 04:00:00,52,676,3,0
6166,HCM District 1,Bike,2025-02-15,2025-02-15 09:00:00,9,135,3,1
6167,Da Nang City,Electric Scooter,2025-08-16,2025-08-17 12:00:00,36,684,2,0
6168,Da Nang City,Car,2025-01-06,2025-01-08 16:00:00,64,896,5,0
6169,Da Nang City,Electric Scooter,2025-10-10,2025-10-11 15:00:00,39,195,5,1
6170,Hanoi Center,Electric Scooter,2025-02-06,2025-02-06 06:00:00,6,90,2,1
6171,HCM District 1,Bike,2025-08-30,2025-09-01 06:00:00,54,486,2,1
6172,HCM District 1,Bike,2025-08-02,2025-08-03 04:00:00,28,420,2,1
6173,Da Nang City,Bike,2025-04-15,2025-04-15 13:00:00,13,260,4,0
6174,Da Nang City,Bike,2025-01-07,2025-01-07 20:00:00,20,320,3,1
6175,Hanoi Center,Bike,2025-04-15,2025-04-16 00:00:00,24,336,1,1
6176,Hanoi Center,Electric Scooter,2025-06-15,2025-06-17 08:00:00,56,672,1,0
6177,HCM District 1,Bike,2025-03-11,2025-03-11 06:00:00,6,84,3,1
6178,HCM District 1,Car,2025-05-23,2025-05-25 07:00:00,55,1045,3,0
6179,HCM District 1,Car,2025-10-15,2025-10-16 02:00:00,26,312,3,1
6180,Da Nang City,Bike,2025-04-21,2025-04-21 05:00:00,5,40,5,0
6181,Da Nang City,Car,2025-05-20,2025-05-22 06:00:00,54,540,5,1
6182,Da Nang City,Bike,2025-04-13,2025-04-14 15:00:00,39,390,5,0
6183,HCM District 1,Electric Scooter,2025-05-18,2025-05-18 09:00:00,9,126,2,1
6184,HCM District 1,Bike,2025-06-07,2025-06-08 19:00:00,43,645,2,1
6185,HCM District 1,Electric Scooter,2025-03-07,2025-03-08 03:00:00,27,189,1,0
6186,Hanoi Center,Electric Scooter,2025-08-13,2025-08-14 04:00:00,28,504,3,1
6187,HCM District 1,Electric Scooter,2025-09-15,2025-09-16 19:00:00,43,688,3,0
6188,HCM District 1,Car,2025-09-13,2025-09-14 11:00:00,35,420,4,1
6189,Hanoi Center,Car,2025-08-04,2025-08-05 16:00:00,40,560,5,1
6190,Hanoi Center,Electric Scooter,2025-10-23,2025-10-25 18:00:00,66,396,1,1
6191,HCM District 1,Bike,2025-02-23,2025-02-25 10:00:00,58,638,3,1
6192,Hanoi Center,Electric Scooter,2025-02-27,2025-03-01 16:00:00,64,448,4,1
6193,HCM District 1,Bike,2025-10-11,2025-10-13 03:00:00,51,561,5,1
6194,Hanoi Center,Bike,2025-10-26,2025-10-29 00:00:00,72,1440,5,1
6195,Da Nang City,Car,2025-09-19,2025-09-21 17:00:00,65,845,3,0
6196,Hanoi Center,Car,2025-01-16,2025-01-17 04:00:00,28,392,4,0
6197,Hanoi Center,Electric Scooter,2025-06-16,2025-06-18 16:00:00,64,320,1,0
6198,Hanoi Center,Electric Scooter,2025-10-12,2025-10-15 00:00:00,72,504,1,0
6199,Hanoi Center,Bike,2025-01-12,2025-01-12 11:00:00,11,121,3,1
6200,Hanoi Center,Electric Scooter,2025-02-27,2025-02-28 08:00:00,32,352,5,1
6201,HCM District 1,Electric Scooter,2025-03-02,2025-03-02 08:00:00,8,96,5,1
6202,Hanoi Center,Electric Scooter,2025-09-07,2025-09-08 00:00:00,24,216,5,1
6203,HCM District 1,Car,2025-06-28,2025-06-29 03:00:00,27,324,4,0
6204,Da Nang City,Electric Scooter,2025-10-14,2025-10-15 07:00:00,31,496,4,0
6205,Hanoi Center,Electric Scooter,2025-04-08,2025-04-09 03:00:00,27,378,5,0
6206,Da Nang City,Car,2025-08-03,2025-08-04 01:00:00,25,175,1,1
6207,Hanoi Center,Electric Scooter,2025-10-28,2025-10-29 01:00:00,25,475,1,0
6208,Hanoi Center,Electric Scooter,2025-02-06,2025-02-07 12:00:00,36,684,4,0
6209,Hanoi Center,Car,2025-04-05,2025-04-05 03:00:00,3,54,4,0
6210,HCM District 1,Electric Scooter,2025-03-07,2025-03-07 09:00:00,9,81,1,0
6211,HCM District 1,Car,2025-01-04,2025-01-07 00:00:00,72,576,3,0
6212,HCM District 1,Electric Scooter,2025-05-11,2025-05-11 06:00:00,6,30,3,0
6213,HCM District 1,Car,2025-04-09,2025-04-10 07:00:00,31,527,2,0
6214,Hanoi Center,Electric Scooter,2025-03-21,2025-03-23 00:00:00,48,720,5,1
6215,Hanoi Center,Car,2025-03-25,2025-03-25 04:00:00,4,72,4,1
6216,Hanoi Center,Electric Scooter,2025-08-07,2025-08-08 10:00:00,34,374,3,0
6217,HCM District 1,Car,2025-02-24,2025-02-24 13:00:00,13,130,3,0
6218,Hanoi Center,Electric Scooter,2025-06-28,2025-06-29 17:00:00,41,410,3,1
6219,Da Nang City,Bike,2025-03-04,2025-03-04 06:00:00,6,78,3,0
6220,Da Nang City,Electric Scooter,2025-08-21,2025-08-22 20:00:00,44,352,2,1
6221,HCM District 1,Car,2025-01-27,2025-01-27 03:00:00,3,18,1,1
6222,Hanoi Center,Car,2025-10-15,2025-10-16 19:00:00,43,215,4,0
6223,Hanoi Center,Car,2025-10-10,2025-10-11 17:00:00,41,574,5,0
6224,HCM District 1,Bike,2025-07-21,2025-07-23 13:00:00,61,549,3,0
6225,Da Nang City,Car,2025-07-14,2025-07-14 03:00:00,3,30,5,1
6226,Hanoi Center,Car,2025-03-06,2025-03-08 04:00:00,52,780,5,1
6227,Da Nang City,Bike,2025-05-29,2025-05-29 02:00:00,2,26,3,0
6228,HCM District 1,Car,2025-10-14,2025-10-16 21:00:00,69,1104,2,0
6229,HCM District 1,Bike,2025-03-23,2025-03-24 00:00:00,24,384,3,0
6230,Hanoi Center,Car,2025-05-16,2025-05-18 18:00:00,66,1188,4,1
6231,Hanoi Center,Electric Scooter,2025-01-31,2025-02-02 17:00:00,65,975,4,1
6232,Da Nang City,Car,2025-06-02,2025-06-02 18:00:00,18,180,2,0
6233,HCM District 1,Electric Scooter,2025-02-21,2025-02-23 18:00:00,66,396,4,1
6234,Hanoi Center,Electric Scooter,2025-08-24,2025-08-25 11:00:00,35,665,5,0
6235,Da Nang City,Bike,2025-05-31,2025-06-02 20:00:00,68,1020,3,1
6236,Hanoi Center,Car,2025-04-02,2025-04-04 10:00:00,58,696,4,0
6237,HCM District 1,Car,2025-04-28,2025-04-30 05:00:00,53,689,1,1
6238,HCM District 1,Electric Scooter,2025-04-26,2025-04-26 10:00:00,10,200,5,1
6239,Da Nang City,Electric Scooter,2025-02-21,2025-02-22 20:00:00,44,880,4,1
6240,Da Nang City,Car,2025-05-06,2025-05-06 23:00:00,23,368,3,1
6241,Da Nang City,Bike,2025-03-20,2025-03-22 20:00:00,68,884,1,0
6242,Da Nang City,Car,2025-02-17,2025-02-19 09:00:00,57,513,2,0
6243,Hanoi Center,Bike,2025-06-27,2025-06-28 06:00:00,30,210,2,1
6244,Hanoi Center,Car,2025-08-08,2025-08-08 03:00:00,3,24,5,1
6245,Hanoi Center,Car,2025-08-07,2025-08-08 04:00:00,28,364,1,0
6246,HCM District 1,Car,2025-10-26,2025-10-26 01:00:00,1,13,1,1
6247,HCM District 1,Electric Scooter,2025-03-29,2025-03-31 11:00:00,59,708,4,1
6248,Da Nang City,Electric Scooter,2025-08-08,2025-08-10 15:00:00,63,1134,1,0
6249,Hanoi Center,Car,2025-06-27,2025-06-28 02:00:00,26,156,3,1
6250,Hanoi Center,Car,2025-10-14,2025-10-16 05:00:00,53,477,2,0
6251,Hanoi Center,Electric Scooter,2025-09-28,2025-09-29 01:00:00,25,200,4,0
6252,Hanoi Center,Bike,2025-09-01,2025-09-01 18:00:00,18,90,1,1
6253,Hanoi Center,Car,2025-07-05,2025-07-07 10:00:00,58,928,4,0
6254,HCM District 1,Bike,2025-02-12,2025-02-12 07:00:00,7,112,3,1
6255,HCM District 1,Electric Scooter,2025-09-16,2025-09-18 09:00:00,57,342,5,1
6256,HCM District 1,Car,2025-06-05,2025-06-05 21:00:00,21,273,2,0
6257,Da Nang City,Bike,2025-10-09,2025-10-09 18:00:00,18,126,2,1
6258,Hanoi Center,Electric Scooter,2025-10-01,2025-10-01 19:00:00,19,342,3,0
6259,Hanoi Center,Car,2025-08-16,2025-08-18 23:00:00,71,1278,1,1
6260,Da Nang City,Bike,2025-07-31,2025-07-31 17:00:00,17,323,2,1
6261,Hanoi Center,Electric Scooter,2025-01-24,2025-01-26 01:00:00,49,980,5,1
6262,Hanoi Center,Electric Scooter,2025-01-30,2025-01-31 05:00:00,29,348,3,0
6263,HCM District 1,Car,2025-07-11,2025-07-13 06:00:00,54,972,1,1
6264,Da Nang City,Bike,2025-04-13,2025-04-13 10:00:00,10,60,2,0
6265,Hanoi Center,Electric Scooter,2025-02-13,2025-02-16 00:00:00,72,432,4,0
6266,Hanoi Center,Electric Scooter,2025-02-23,2025-02-24 20:00:00,44,396,4,0
6267,HCM District 1,Bike,2025-08-16,2025-08-16 19:00:00,19,152,3,0
6268,Da Nang City,Bike,2025-01-15,2025-01-17 15:00:00,63,1008,2,0
6269,HCM District 1,Electric Scooter,2025-08-05,2025-08-06 11:00:00,35,210,1,0
6270,HCM District 1,Bike,2025-01-24,2025-01-25 14:00:00,38,494,4,1
6271,HCM District 1,Electric Scooter,2025-08-23,2025-08-23 06:00:00,6,102,4,1
6272,Hanoi Center,Electric Scooter,2025-07-09,2025-07-10 15:00:00,39,351,1,1
6273,Da Nang City,Car,2025-03-08,2025-03-09 15:00:00,39,351,5,1
6274,HCM District 1,Electric Scooter,2025-10-04,2025-10-05 14:00:00,38,418,5,1
6275,HCM District 1,Car,2025-06-09,2025-06-09 02:00:00,2,34,1,0
6276,Da Nang City,Car,2025-05-05,2025-05-06 04:00:00,28,196,4,0
6277,Hanoi Center,Car,2025-08-17,2025-08-17 05:00:00,5,45,2,1
6278,Hanoi Center,Car,2025-10-03,2025-10-04 08:00:00,32,448,4,0
6279,Hanoi Center,Electric Scooter,2025-09-06,2025-09-08 08:00:00,56,448,3,0
6280,Hanoi Center,Bike,2025-05-28,2025-05-28 23:00:00,23,207,1,0
6281,Da Nang City,Electric Scooter,2025-02-02,2025-02-04 22:00:00,70,1120,1,1
6282,Hanoi Center,Car,2025-02-28,2025-03-02 06:00:00,54,540,4,0
6283,Hanoi Center,Car,2025-07-16,2025-07-17 18:00:00,42,336,1,0
6284,HCM District 1,Electric Scooter,2025-10-28,2025-10-28 18:00:00,18,288,2,0
6285,HCM District 1,Electric Scooter,2025-07-04,2025-07-05 18:00:00,42,840,5,0
6286,HCM District 1,Car,2025-09-13,2025-09-14 16:00:00,40,520,5,0
6287,Da Nang City,Car,2025-04-03,2025-04-05 22:00:00,70,700,1,0
6288,Hanoi Center,Electric Scooter,2025-07-08,2025-07-10 17:00:00,65,455,2,1
6289,Hanoi Center,Car,2025-01-25,2025-01-26 13:00:00,37,407,3,0
6290,Da Nang City,Bike,2025-02-24,2025-02-24 08:00:00,8,128,2,0
6291,HCM District 1,Car,2025-08-23,2025-08-25 06:00:00,54,324,3,1
6292,Da Nang City,Bike,2025-06-10,2025-06-12 08:00:00,56,616,3,0
6293,Da Nang City,Car,2025-07-23,2025-07-25 03:00:00,51,561,3,0
6294,HCM District 1,Electric Scooter,2025-02-20,2025-02-21 22:00:00,46,460,2,1
6295,HCM District 1,Electric Scooter,2025-08-20,2025-08-22 16:00:00,64,1280,1,1
6296,Da Nang City,Electric Scooter,2025-01-01,2025-01-02 07:00:00,31,186,1,0
6297,HCM District 1,Bike,2025-09-15,2025-09-15 04:00:00,4,52,3,1
6298,Hanoi Center,Bike,2025-01-03,2025-01-04 15:00:00,39,429,2,0
6299,HCM District 1,Electric Scooter,2025-02-06,2025-02-08 22:00:00,70,770,5,1
6300,HCM District 1,Car,2025-04-22,2025-04-24 20:00:00,68,748,5,0
6301,Da Nang City,Bike,2025-05-06,2025-05-08 19:00:00,67,335,2,0
6302,Hanoi Center,Electric Scooter,2025-09-24,2025-09-24 22:00:00,22,220,5,0
6303,Da Nang City,Car,2025-07-22,2025-07-24 19:00:00,67,603,5,1
6304,HCM District 1,Bike,2025-08-23,2025-08-25 16:00:00,64,640,1,1
6305,HCM District 1,Bike,2025-01-23,2025-01-25 03:00:00,51,765,2,0
6306,Da Nang City,Bike,2025-01-10,2025-01-10 22:00:00,22,330,2,0
6307,Da Nang City,Car,2025-02-27,2025-03-01 23:00:00,71,497,2,1
6308,HCM District 1,Bike,2025-01-27,2025-01-29 01:00:00,49,343,5,0
6309,Da Nang City,Bike,2025-01-10,2025-01-13 00:00:00,72,1368,3,1
6310,Hanoi Center,Bike,2025-04-13,2025-04-14 20:00:00,44,484,4,0
6311,HCM District 1,Bike,2025-04-13,2025-04-13 06:00:00,6,108,5,0
6312,Hanoi Center,Car,2025-05-25,2025-05-25 02:00:00,2,40,5,0
6313,Da Nang City,Electric Scooter,2025-09-11,2025-09-11 11:00:00,11,99,3,1
6314,HCM District 1,Electric Scooter,2025-10-25,2025-10-27 20:00:00,68,1020,4,1
6315,HCM District 1,Electric Scooter,2025-01-18,2025-01-19 23:00:00,47,329,5,1
6316,Hanoi Center,Car,2025-04-13,2025-04-13 20:00:00,20,160,3,0
6317,Da Nang City,Electric Scooter,2025-05-29,2025-05-31 09:00:00,57,399,3,0
6318,Da Nang City,Bike,2025-01-07,2025-01-09 20:00:00,68,408,3,1
6319,Da Nang City,Car,2025-04-29,2025-04-30 11:00:00,35,700,4,1
6320,Hanoi Center,Bike,2025-08-01,2025-08-03 12:00:00,60,360,4,0
6321,Da Nang City,Electric Scooter,2025-04-12,2025-04-13 17:00:00,41,369,4,1
6322,Da Nang City,Car,2025-07-15,2025-07-15 05:00:00,5,80,4,0
6323,Hanoi Center,Car,2025-08-21,2025-08-22 20:00:00,44,880,2,1
6324,Da Nang City,Electric Scooter,2025-03-25,2025-03-26 14:00:00,38,570,3,1
6325,HCM District 1,Car,2025-02-02,2025-02-02 17:00:00,17,187,1,0
6326,HCM District 1,Car,2025-07-22,2025-07-24 05:00:00,53,424,4,1
6327,HCM District 1,Electric Scooter,2025-02-09,2025-02-10 03:00:00,27,162,5,0
6328,Da Nang City,Bike,2025-02-13,2025-02-13 11:00:00,11,132,5,0
6329,HCM District 1,Bike,2025-02-17,2025-02-17 17:00:00,17,153,1,1
6330,Hanoi Center,Bike,2025-01-16,2025-01-18 09:00:00,57,342,4,0
6331,Hanoi Center,Car,2025-04-28,2025-04-29 18:00:00,42,210,3,1
6332,HCM District 1,Electric Scooter,2025-08-23,2025-08-25 06:00:00,54,324,1,0
6333,Hanoi Center,Electric Scooter,2025-01-07,2025-01-07 08:00:00,8,128,4,0
6334,Hanoi Center,Bike,2025-09-02,2025-09-02 11:00:00,11,88,3,1
6335,HCM District 1,Bike,2025-04-30,2025-04-30 19:00:00,19,133,4,0
6336,HCM District 1,Electric Scooter,2025-09-19,2025-09-20 03:00:00,27,270,5,0
6337,HCM District 1,Electric Scooter,2025-09-09,2025-09-10 22:00:00,46,782,4,0
6338,Hanoi Center,Car,2025-08-20,2025-08-21 11:00:00,35,385,3,0
6339,Da Nang City,Car,2025-03-19,2025-03-20 15:00:00,39,585,4,1
6340,HCM District 1,Electric Scooter,2025-08-17,2025-08-18 18:00:00,42,588,2,0
6341,HCM District 1,Car,2025-06-17,2025-06-18 10:00:00,34,578,4,0
6342,HCM District 1,Bike,2025-01-02,2025-01-03 15:00:00,39,195,5,1
6343,Hanoi Center,Electric Scooter,2025-05-31,2025-06-02 11:00:00,59,885,5,1
6344,Da Nang City,Bike,2025-08-10,2025-08-11 22:00:00,46,460,4,1
6345,HCM District 1,Car,2025-05-05,2025-05-07 14:00:00,62,930,3,1
6346,Da Nang City,Electric Scooter,2025-05-20,2025-05-22 10:00:00,58,580,1,1
6347,Da Nang City,Electric Scooter,2025-07-06,2025-07-08 05:00:00,53,424,5,0
6348,Hanoi Center,Car,2025-02-09,2025-02-10 19:00:00,43,860,2,1
6349,HCM District 1,Electric Scooter,2025-10-13,2025-10-13 04:00:00,4,64,4,0
6350,HCM District 1,Car,2025-01-26,2025-01-27 08:00:00,32,192,4,0
6351,HCM District 1,Electric Scooter,2025-08-20,2025-08-21 23:00:00,47,799,2,0
6352,Hanoi Center,Bike,2025-08-22,2025-08-24 15:00:00,63,1071,3,1
6353,HCM District 1,Electric Scooter,2025-06-20,2025-06-22 08:00:00,56,840,5,0
6354,Da Nang City,Bike,2025-09-25,2025-09-26 16:00:00,40,680,3,1
6355,Da Nang City,Car,2025-03-08,2025-03-09 21:00:00,45,675,4,1
6356,HCM District 1,Bike,2025-05-22,2025-05-24 05:00:00,53,371,1,1
6357,HCM District 1,Bike,2025-04-26,2025-04-27 13:00:00,37,740,4,1
6358,Hanoi Center,Bike,2025-07-05,2025-07-05 04:00:00,4,60,4,1
6359,Da Nang City,Bike,2025-03-31,2025-04-01 15:00:00,39,351,4,1
6360,Da Nang City,Bike,2025-06-09,2025-06-09 04:00:00,4,60,5,0
6361,HCM District 1,Electric Scooter,2025-02-12,2025-02-14 19:00:00,67,670,3,1
6362,HCM District 1,Electric Scooter,2025-07-20,2025-07-21 15:00:00,39,195,5,0
6363,Hanoi Center,Electric Scooter,2025-04-01,2025-04-02 04:00:00,28,476,3,1
6364,Hanoi Center,Bike,2025-01-25,2025-01-26 22:00:00,46,920,5,0
6365,HCM District 1,Bike,2025-08-19,2025-08-19 15:00:00,15,300,5,0
6366,HCM District 1,Electric Scooter,2025-05-01,2025-05-03 04:00:00,52,676,4,0
6367,HCM District 1,Electric Scooter,2025-02-07,2025-02-07 09:00:00,9,72,3,0
6368,Da Nang City,Car,2025-01-19,2025-01-20 00:00:00,24,432,2,1
6369,Hanoi Center,Bike,2025-07-16,2025-07-16 09:00:00,9,108,2,1
6370,Hanoi Center,Electric Scooter,2025-09-03,2025-09-03 09:00:00,9,72,5,1
6371,Da Nang City,Bike,2025-08-21,2025-08-23 01:00:00,49,980,2,0
6372,HCM District 1,Electric Scooter,2025-08-16,2025-08-18 05:00:00,53,583,2,1
6373,HCM District 1,Car,2025-10-07,2025-10-08 12:00:00,36,252,1,0
6374,Hanoi Center,Bike,2025-07-06,2025-07-07 15:00:00,39,663,2,1
6375,HCM District 1,Electric Scooter,2025-02-19,2025-02-19 08:00:00,8,80,4,1
6376,Hanoi Center,Electric Scooter,2025-09-30,2025-09-30 17:00:00,17,119,2,0
6377,Hanoi Center,Bike,2025-09-12,2025-09-13 17:00:00,41,533,3,1
6378,Da Nang City,Electric Scooter,2025-08-02,2025-08-04 00:00:00,48,432,4,1
6379,Da Nang City,Bike,2025-03-11,2025-03-12 22:00:00,46,874,4,1
6380,HCM District 1,Car,2025-10-04,2025-10-04 01:00:00,1,5,5,1
6381,Hanoi Center,Car,2025-04-15,2025-04-16 23:00:00,47,611,4,1
6382,Da Nang City,Electric Scooter,2025-07-02,2025-07-02 03:00:00,3,45,3,1
6383,Hanoi Center,Car,2025-06-15,2025-06-17 17:00:00,65,520,2,0
6384,HCM District 1,Bike,2025-01-20,2025-01-21 06:00:00,30,150,3,0
6385,Da Nang City,Bike,2025-04-20,2025-04-21 11:00:00,35,700,1,1
6386,HCM District 1,Car,2025-01-19,2025-01-21 19:00:00,67,603,3,0
6387,Da Nang City,Electric Scooter,2025-01-16,2025-01-18 13:00:00,61,305,5,1
6388,HCM District 1,Car,2025-10-16,2025-10-17 09:00:00,33,462,3,1
6389,Hanoi Center,Car,2025-05-20,2025-05-22 21:00:00,69,345,5,0
6390,Da Nang City,Car,2025-10-02,2025-10-04 05:00:00,53,954,3,0
6391,HCM District 1,Electric Scooter,2025-10-18,2025-10-18 13:00:00,13,117,1,0
6392,HCM District 1,Car,2025-08-15,2025-08-16 23:00:00,47,611,2,1
6393,HCM District 1,Bike,2025-03-20,2025-03-21 09:00:00,33,198,4,1
6394,Hanoi Center,Car,2025-06-24,2025-06-24 10:00:00,10,150,1,1
6395,HCM District 1,Car,2025-07-11,2025-07-12 09:00:00,33,165,4,1
6396,HCM District 1,Electric Scooter,2025-03-26,2025-03-27 22:00:00,46,414,5,0
6397,HCM District 1,Bike,2025-09-01,2025-09-03 21:00:00,69,1104,5,1
6398,Hanoi Center,Electric Scooter,2025-06-30,2025-07-01 15:00:00,39,429,4,1
6399,Da Nang City,Bike,2025-01-06,2025-01-07 09:00:00,33,231,5,0
6400,Da Nang City,Car,2025-09-12,2025-09-12 17:00:00,17,204,4,0
6401,HCM District 1,Car,2025-01-22,2025-01-22 11:00:00,11,220,2,0
6402,HCM District 1,Bike,2025-07-03,2025-07-03 23:00:00,23,414,3,1
6403,Da Nang City,Bike,2025-04-02,2025-04-03 10:00:00,34,612,3,1
6404,Hanoi Center,Electric Scooter,2025-08-20,2025-08-21 06:00:00,30,240,1,1
6405,Hanoi Center,Car,2025-01-19,2025-01-21 02:00:00,50,900,3,1
6406,Hanoi Center,Electric Scooter,2025-08-05,2025-08-06 01:00:00,25,300,1,0
6407,Hanoi Center,Bike,2025-04-01,2025-04-02 13:00:00,37,370,2,0
6408,Da Nang City,Bike,2025-08-19,2025-08-20 19:00:00,43,215,5,1
6409,HCM District 1,Car,2025-08-19,2025-08-19 01:00:00,1,13,2,0
6410,Da Nang City,Car,2025-08-10,2025-08-12 03:00:00,51,714,4,0
6411,Da Nang City,Electric Scooter,2025-02-22,2025-02-23 10:00:00,34,170,1,0
6412,HCM District 1,Bike,2025-03-27,2025-03-28 16:00:00,40,640,1,1
6413,Hanoi Center,Electric Scooter,2025-02-12,2025-02-13 00:00:00,24,480,1,1
6414,Da Nang City,Electric Scooter,2025-10-02,2025-10-03 01:00:00,25,350,3,1
6415,HCM District 1,Bike,2025-08-23,2025-08-25 05:00:00,53,318,4,1
6416,HCM District 1,Car,2025-10-16,2025-10-18 01:00:00,49,539,1,0
6417,HCM District 1,Bike,2025-08-23,2025-08-25 13:00:00,61,1159,4,1
6418,HCM District 1,Bike,2025-06-26,2025-06-26 01:00:00,1,20,4,0
6419,HCM District 1,Electric Scooter,2025-03-10,2025-03-12 02:00:00,50,1000,5,1
6420,HCM District 1,Car,2025-06-04,2025-06-05 20:00:00,44,220,4,0
6421,Hanoi Center,Car,2025-10-15,2025-10-16 20:00:00,44,660,2,1
6422,HCM District 1,Car,2025-10-28,2025-10-28 19:00:00,19,285,2,0
6423,Da Nang City,Car,2025-05-20,2025-05-20 04:00:00,4,20,1,1
6424,HCM District 1,Car,2025-05-28,2025-05-30 09:00:00,57,1026,2,0
6425,HCM District 1,Electric Scooter,2025-02-02,2025-02-03 18:00:00,42,672,3,0
6426,Hanoi Center,Car,2025-03-30,2025-03-30 07:00:00,7,77,2,1
6427,HCM District 1,Bike,2025-07-13,2025-07-15 17:00:00,65,1170,5,0
6428,Hanoi Center,Bike,2025-04-08,2025-04-09 12:00:00,36,324,1,0
6429,Hanoi Center,Electric Scooter,2025-05-03,2025-05-04 15:00:00,39,585,3,0
6430,Da Nang City,Electric Scooter,2025-08-01,2025-08-03 20:00:00,68,1020,2,1
6431,Da Nang City,Electric Scooter,2025-08-11,2025-08-12 21:00:00,45,855,1,1
6432,Hanoi Center,Car,2025-02-21,2025-02-21 07:00:00,7,63,2,1
6433,Da Nang City,Car,2025-07-29,2025-07-31 01:00:00,49,686,1,1
6434,Da Nang City,Bike,2025-07-27,2025-07-29 06:00:00,54,810,4,1
6435,Da Nang City,Car,2025-03-19,2025-03-21 10:00:00,58,928,5,0
6436,HCM District 1,Electric Scooter,2025-09-29,2025-10-01 02:00:00,50,800,3,0
6437,Da Nang City,Electric Scooter,2025-05-15,2025-05-17 12:00:00,60,960,4,0
6438,HCM District 1,Electric Scooter,2025-03-20,2025-03-22 05:00:00,53,954,2,0
6439,HCM District 1,Electric Scooter,2025-02-15,2025-02-16 10:00:00,34,340,4,1
6440,Hanoi Center,Bike,2025-02-28,2025-02-28 05:00:00,5,70,4,1
6441,Hanoi Center,Bike,2025-05-02,2025-05-03 00:00:00,24,120,1,0
6442,Hanoi Center,Car,2025-01-06,2025-01-06 10:00:00,10,100,5,0
6443,Da Nang City,Bike,2025-09-06,2025-09-08 07:00:00,55,440,1,1
6444,HCM District 1,Car,2025-08-14,2025-08-15 20:00:00,44,396,4,1
6445,HCM District 1,Electric Scooter,2025-05-11,2025-05-11 19:00:00,19,190,2,1
6446,Hanoi Center,Electric Scooter,2025-09-02,2025-09-03 21:00:00,45,810,4,1
6447,Hanoi Center,Electric Scooter,2025-10-04,2025-10-04 10:00:00,10,120,4,0
6448,Hanoi Center,Car,2025-03-01,2025-03-02 04:00:00,28,364,1,0
6449,HCM District 1,Car,2025-09-05,2025-09-05 21:00:00,21,168,1,0
6450,Da Nang City,Bike,2025-07-27,2025-07-27 09:00:00,9,99,2,1
6451,Da Nang City,Car,2025-02-08,2025-02-09 03:00:00,27,432,5,1
6452,HCM District 1,Car,2025-03-06,2025-03-07 00:00:00,24,384,2,0
6453,Hanoi Center,Bike,2025-02-10,2025-02-11 00:00:00,24,288,3,1
6454,Hanoi Center,Electric Scooter,2025-06-27,2025-06-29 04:00:00,52,936,2,0
6455,Da Nang City,Electric Scooter,2025-02-19,2025-02-20 06:00:00,30,150,1,0
6456,HCM District 1,Bike,2025-07-28,2025-07-29 16:00:00,40,320,4,0
6457,HCM District 1,Bike,2025-03-03,2025-03-03 11:00:00,11,220,3,1
6458,Da Nang City,Bike,2025-02-23,2025-02-24 20:00:00,44,440,4,1
6459,Da Nang City,Electric Scooter,2025-06-12,2025-06-14 01:00:00,49,686,1,1
6460,Hanoi Center,Electric Scooter,2025-02-17,2025-02-18 15:00:00,39,780,4,1
6461,Hanoi Center,Car,2025-10-07,2025-10-08 14:00:00,38,228,2,0
6462,HCM District 1,Bike,2025-10-14,2025-10-16 22:00:00,70,420,5,1
6463,HCM District 1,Bike,2025-03-02,2025-03-04 14:00:00,62,744,4,1
6464,Hanoi Center,Electric Scooter,2025-07-05,2025-07-06 18:00:00,42,798,1,0
6465,HCM District 1,Bike,2025-07-28,2025-07-30 03:00:00,51,255,4,0
6466,Hanoi Center,Bike,2025-08-26,2025-08-27 22:00:00,46,874,4,1
6467,HCM District 1,Car,2025-09-19,2025-09-19 19:00:00,19,361,2,1
6468,Da Nang City,Car,2025-09-20,2025-09-21 06:00:00,30,600,2,1
6469,HCM District 1,Electric Scooter,2025-03-31,2025-03-31 14:00:00,14,266,2,0
6470,HCM District 1,Electric Scooter,2025-08-07,2025-08-08 19:00:00,43,731,3,0
6471,Hanoi Center,Bike,2025-02-11,2025-02-12 01:00:00,25,225,4,0
6472,Da Nang City,Electric Scooter,2025-07-30,2025-07-30 17:00:00,17,323,4,0
6473,Hanoi Center,Car,2025-08-30,2025-09-01 18:00:00,66,1056,1,1
6474,HCM District 1,Electric Scooter,2025-06-28,2025-06-28 08:00:00,8,136,3,1
6475,Hanoi Center,Bike,2025-08-03,2025-08-03 17:00:00,17,340,2,1
6476,Da Nang City,Bike,2025-05-07,2025-05-09 20:00:00,68,612,3,0
6477,Hanoi Center,Car,2025-10-20,2025-10-23 00:00:00,72,864,5,1
6478,Hanoi Center,Bike,2025-06-24,2025-06-26 12:00:00,60,540,2,0
6479,Hanoi Center,Bike,2025-07-10,2025-07-10 19:00:00,19,209,4,1
6480,Hanoi Center,Electric Scooter,2025-06-29,2025-07-01 10:00:00,58,522,5,1
6481,Da Nang City,Car,2025-10-08,2025-10-10 06:00:00,54,972,1,0
6482,Hanoi Center,Bike,2025-08-11,2025-08-13 14:00:00,62,806,5,1
6483,HCM District 1,Electric Scooter,2025-04-26,2025-04-27 20:00:00,44,880,4,1
6484,HCM District 1,Electric Scooter,2025-01-09,2025-01-10 06:00:00,30,300,4,1
6485,Da Nang City,Car,2025-07-12,2025-07-14 18:00:00,66,726,4,1
6486,Da Nang City,Car,2025-01-15,2025-01-17 23:00:00,71,923,1,1
6487,Da Nang City,Bike,2025-05-05,2025-05-07 13:00:00,61,976,4,1
6488,HCM District 1,Bike,2025-08-02,2025-08-03 16:00:00,40,480,2,1
6489,Hanoi Center,Electric Scooter,2025-08-30,2025-08-31 13:00:00,37,518,3,0
6490,Hanoi Center,Bike,2025-08-12,2025-08-13 14:00:00,38,342,1,0
6491,HCM District 1,Car,2025-05-15,2025-05-15 05:00:00,5,40,4,1
6492,HCM District 1,Car,2025-04-10,2025-04-11 06:00:00,30,180,5,0
6493,Da Nang City,Bike,2025-07-15,2025-07-15 03:00:00,3,42,4,1
6494,Da Nang City,Car,2025-07-24,2025-07-24 04:00:00,4,28,4,1
6495,Hanoi Center,Electric Scooter,2025-05-07,2025-05-08 22:00:00,46,598,5,1
6496,Da Nang City,Electric Scooter,2025-05-06,2025-05-08 23:00:00,71,1420,2,1
6497,HCM District 1,Bike,2025-07-21,2025-07-21 20:00:00,20,240,1,1
6498,Da Nang City,Electric Scooter,2025-05-23,2025-05-23 07:00:00,7,56,1,0
6499,Hanoi Center,Car,2025-05-31,2025-06-01 17:00:00,41,246,5,0
6500,HCM District 1,Electric Scooter,2025-03-03,2025-03-03 22:00:00,22,396,5,0
6501,Hanoi Center,Bike,2025-06-01,2025-06-01 03:00:00,3,60,3,0
6502,HCM District 1,Car,2025-09-25,2025-09-26 13:00:00,37,518,5,1
6503,HCM District 1,Electric Scooter,2025-01-07,2025-01-07 08:00:00,8,112,2,1
6504,Hanoi Center,Car,2025-01-07,2025-01-09 19:00:00,67,871,1,1
6505,HCM District 1,Bike,2025-05-11,2025-05-12 01:00:00,25,175,4,1
6506,Hanoi Center,Electric Scooter,2025-03-18,2025-03-20 09:00:00,57,1083,4,1
6507,Hanoi Center,Electric Scooter,2025-06-12,2025-06-13 18:00:00,42,294,4,0
6508,HCM District 1,Bike,2025-06-27,2025-06-29 15:00:00,63,693,2,0
6509,Hanoi Center,Bike,2025-03-02,2025-03-02 09:00:00,9,117,2,1
6510,Hanoi Center,Car,2025-07-13,2025-07-15 01:00:00,49,980,3,1
6511,HCM District 1,Bike,2025-02-05,2025-02-05 20:00:00,20,120,1,0
6512,HCM District 1,Car,2025-09-08,2025-09-09 16:00:00,40,800,1,0
6513,Hanoi Center,Car,2025-10-22,2025-10-24 09:00:00,57,912,1,0
6514,Hanoi Center,Bike,2025-07-26,2025-07-26 04:00:00,4,80,3,0
6515,Da Nang City,Bike,2025-07-28,2025-07-28 21:00:00,21,336,2,0
6516,Hanoi Center,Car,2025-08-24,2025-08-26 01:00:00,49,686,1,1
6517,HCM District 1,Car,2025-05-31,2025-06-02 20:00:00,68,1360,4,0
6518,Da Nang City,Car,2025-08-28,2025-08-30 20:00:00,68,952,3,0
6519,HCM District 1,Electric Scooter,2025-02-22,2025-02-23 14:00:00,38,608,2,0
6520,Da Nang City,Electric Scooter,2025-06-04,2025-06-04 04:00:00,4,64,5,1
6521,HCM District 1,Car,2025-10-22,2025-10-24 06:00:00,54,1026,4,1
6522,Da Nang City,Electric Scooter,2025-10-25,2025-10-25 23:00:00,23,391,3,0
6523,HCM District 1,Car,2025-03-22,2025-03-24 12:00:00,60,360,1,0
6524,Da Nang City,Electric Scooter,2025-02-16,2025-02-18 13:00:00,61,1159,5,1
6525,HCM District 1,Electric Scooter,2025-08-14,2025-08-16 05:00:00,53,424,4,0
6526,Da Nang City,Car,2025-03-24,2025-03-26 00:00:00,48,336,5,0
6527,Hanoi Center,Bike,2025-10-12,2025-10-14 17:00:00,65,910,4,1
6528,HCM District 1,Electric Scooter,2025-07-30,2025-08-01 06:00:00,54,486,3,1
6529,Da Nang City,Car,2025-04-25,2025-04-27 19:00:00,67,804,3,0
6530,HCM District 1,Bike,2025-09-24,2025-09-24 19:00:00,19,285,3,0
6531,Da Nang City,Bike,2025-04-04,2025-04-06 15:00:00,63,441,1,0
6532,Hanoi Center,Electric Scooter,2025-01-21,2025-01-22 01:00:00,25,450,3,0
6533,Da Nang City,Car,2025-04-28,2025-04-30 22:00:00,70,700,1,1
6534,Hanoi Center,Car,2025-06-15,2025-06-15 18:00:00,18,198,3,1
6535,Da Nang City,Electric Scooter,2025-05-28,2025-05-28 10:00:00,10,110,3,0
6536,Da Nang City,Bike,2025-04-06,2025-04-06 23:00:00,23,322,2,0
6537,Da Nang City,Car,2025-09-23,2025-09-24 22:00:00,46,874,2,1
6538,Hanoi Center,Electric Scooter,2025-08-10,2025-08-11 10:00:00,34,510,4,0
6539,Da Nang City,Electric Scooter,2025-05-27,2025-05-28 11:00:00,35,210,3,1
6540,HCM District 1,Car,2025-07-22,2025-07-22 17:00:00,17,85,4,0
6541,Hanoi Center,Bike,2025-03-03,2025-03-04 07:00:00,31,279,4,1
6542,Da Nang City,Bike,2025-05-26,2025-05-27 03:00:00,27,513,5,0
6543,Da Nang City,Electric Scooter,2025-06-02,2025-06-03 11:00:00,35,420,2,0
6544,HCM District 1,Bike,2025-04-25,2025-04-26 11:00:00,35,210,4,0
6545,HCM District 1,Bike,2025-05-22,2025-05-23 19:00:00,43,645,3,0
6546,Da Nang City,Electric Scooter,2025-06-12,2025-06-13 21:00:00,45,540,5,1
6547,HCM District 1,Electric Scooter,2025-02-27,2025-02-27 13:00:00,13,65,3,1
6548,HCM District 1,Electric Scooter,2025-10-18,2025-10-19 10:00:00,34,680,1,0
6549,Da Nang City,Car,2025-10-23,2025-10-23 04:00:00,4,60,2,1
6550,Hanoi Center,Car,2025-03-31,2025-03-31 18:00:00,18,126,5,1
6551,Da Nang City,Car,2025-10-17,2025-10-20 00:00:00,72,432,4,1
6552,Hanoi Center,Bike,2025-02-08,2025-02-09 02:00:00,26,260,4,1
6553,Da Nang City,Bike,2025-02-15,2025-02-15 08:00:00,8,128,2,0
6554,Da Nang City,Electric Scooter,2025-05-26,2025-05-26 10:00:00,10,50,4,1
6555,Hanoi Center,Electric Scooter,2025-05-07,2025-05-09 02:00:00,50,850,5,0
6556,Hanoi Center,Car,2025-06-07,2025-06-07 12:00:00,12,60,5,1
6557,HCM District 1,Car,2025-06-12,2025-06-13 02:00:00,26,234,1,1
6558,HCM District 1,Electric Scooter,2025-04-05,2025-04-07 13:00:00,61,976,4,1
6559,Da Nang City,Car,2025-10-23,2025-10-24 11:00:00,35,700,5,0
6560,HCM District 1,Electric Scooter,2025-09-21,2025-09-21 18:00:00,18,360,2,1
6561,Hanoi Center,Bike,2025-04-16,2025-04-17 03:00:00,27,135,1,1
6562,Da Nang City,Electric Scooter,2025-10-15,2025-10-16 03:00:00,27,486,4,0
6563,Hanoi Center,Car,2025-01-31,2025-02-01 04:00:00,28,364,4,1
6564,Da Nang City,Electric Scooter,2025-10-09,2025-10-11 23:00:00,71,923,2,0
6565,Da Nang City,Car,2025-08-15,2025-08-17 22:00:00,70,1120,3,0
6566,Hanoi Center,Car,2025-03-24,2025-03-26 15:00:00,63,693,1,1
6567,Hanoi Center,Car,2025-10-06,2025-10-06 15:00:00,15,195,2,1
6568,Da Nang City,Electric Scooter,2025-01-24,2025-01-24 03:00:00,3,42,5,0
6569,Da Nang City,Car,2025-09-26,2025-09-26 04:00:00,4,80,4,1
6570,Hanoi Center,Electric Scooter,2025-01-08,2025-01-09 01:00:00,25,250,2,0
6571,Da Nang City,Car,2025-05-01,2025-05-02 19:00:00,43,817,4,1
6572,HCM District 1,Bike,2025-02-18,2025-02-20 10:00:00,58,754,4,0
6573,Da Nang City,Bike,2025-03-22,2025-03-23 04:00:00,28,336,3,1
6574,HCM District 1,Electric Scooter,2025-08-09,2025-08-09 21:00:00,21,273,4,1
6575,Hanoi Center,Car,2025-01-08,2025-01-10 17:00:00,65,455,2,1
6576,Hanoi Center,Electric Scooter,2025-07-11,2025-07-12 08:00:00,32,320,4,0
6577,Hanoi Center,Bike,2025-03-25,2025-03-27 13:00:00,61,610,1,0
6578,HCM District 1,Car,2025-09-07,2025-09-07 08:00:00,8,120,1,1
6579,HCM District 1,Bike,2025-04-23,2025-04-23 23:00:00,23,345,1,0
6580,Hanoi Center,Electric Scooter,2025-10-07,2025-10-09 00:00:00,48,672,3,0
6581,HCM District 1,Bike,2025-01-03,2025-01-04 21:00:00,45,270,1,0
6582,HCM District 1,Car,2025-03-07,2025-03-09 13:00:00,61,915,5,1
6583,Hanoi Center,Car,2025-08-06,2025-08-07 02:00:00,26,494,2,0
6584,HCM District 1,Car,2025-01-11,2025-01-13 13:00:00,61,1220,2,0
6585,HCM District 1,Bike,2025-02-08,2025-02-08 12:00:00,12,144,5,1
6586,Da Nang City,Electric Scooter,2025-01-24,2025-01-24 13:00:00,13,143,4,1
6587,Hanoi Center,Electric Scooter,2025-03-21,2025-03-21 01:00:00,1,9,5,0
6588,HCM District 1,Electric Scooter,2025-05-26,2025-05-27 02:00:00,26,260,2,1
6589,HCM District 1,Electric Scooter,2025-01-03,2025-01-05 19:00:00,67,1273,4,1
6590,Hanoi Center,Bike,2025-10-22,2025-10-22 19:00:00,19,171,1,0
6591,Da Nang City,Car,2025-01-01,2025-01-01 18:00:00,18,216,1,1
6592,HCM District 1,Car,2025-10-09,2025-10-10 04:00:00,28,252,5,1
6593,Da Nang City,Bike,2025-01-25,2025-01-25 17:00:00,17,306,3,1
6594,Hanoi Center,Bike,2025-06-13,2025-06-16 00:00:00,72,1296,3,0
6595,Da Nang City,Car,2025-03-02,2025-03-04 17:00:00,65,650,5,0
6596,Hanoi Center,Electric Scooter,2025-05-13,2025-05-15 13:00:00,61,793,4,0
6597,Da Nang City,Electric Scooter,2025-07-09,2025-07-10 09:00:00,33,231,1,0
6598,Da Nang City,Car,2025-04-06,2025-04-08 06:00:00,54,486,5,1
6599,HCM District 1,Electric Scooter,2025-08-12,2025-08-13 13:00:00,37,407,4,0
6600,HCM District 1,Electric Scooter,2025-02-15,2025-02-16 08:00:00,32,160,2,0
6601,Hanoi Center,Electric Scooter,2025-03-15,2025-03-16 07:00:00,31,310,3,1
6602,HCM District 1,Car,2025-04-04,2025-04-04 22:00:00,22,264,4,1
6603,HCM District 1,Bike,2025-05-16,2025-05-17 04:00:00,28,364,2,1
6604,Da Nang City,Bike,2025-03-17,2025-03-19 08:00:00,56,672,3,1
6605,Da Nang City,Electric Scooter,2025-02-19,2025-02-21 05:00:00,53,636,5,1
6606,Hanoi Center,Electric Scooter,2025-04-28,2025-04-29 14:00:00,38,570,3,1
6607,Hanoi Center,Bike,2025-05-27,2025-05-27 13:00:00,13,182,2,1
6608,HCM District 1,Bike,2025-10-15,2025-10-17 23:00:00,71,568,5,0
6609,HCM District 1,Car,2025-07-04,2025-07-04 04:00:00,4,64,5,0
6610,Hanoi Center,Car,2025-01-11,2025-01-12 05:00:00,29,348,1,1
6611,Da Nang City,Bike,2025-01-21,2025-01-22 14:00:00,38,532,2,1
6612,Da Nang City,Bike,2025-08-22,2025-08-23 17:00:00,41,246,2,1
6613,Da Nang City,Bike,2025-06-20,2025-06-22 02:00:00,50,500,1,1
6614,Da Nang City,Car,2025-03-20,2025-03-21 01:00:00,25,225,1,1
6615,Hanoi Center,Car,2025-04-01,2025-04-04 00:00:00,72,864,4,1
6616,Hanoi Center,Car,2025-03-01,2025-03-01 15:00:00,15,120,3,1
6617,Hanoi Center,Bike,2025-04-06,2025-04-08 21:00:00,69,1242,3,1
6618,Da Nang City,Car,2025-06-22,2025-06-22 02:00:00,2,16,2,1
6619,HCM District 1,Bike,2025-03-05,2025-03-08 00:00:00,72,1368,1,1
6620,Hanoi Center,Electric Scooter,2025-02-22,2025-02-23 14:00:00,38,342,4,0
6621,Da Nang City,Electric Scooter,2025-01-01,2025-01-03 07:00:00,55,330,1,1
6622,HCM District 1,Car,2025-02-03,2025-02-05 10:00:00,58,986,1,1
6623,HCM District 1,Bike,2025-06-25,2025-06-25 10:00:00,10,150,5,0
6624,Hanoi Center,Car,2025-07-17,2025-07-19 03:00:00,51,969,1,0
6625,Da Nang City,Car,2025-01-26,2025-01-27 20:00:00,44,572,5,1
6626,Hanoi Center,Electric Scooter,2025-10-20,2025-10-22 10:00:00,58,348,1,1
6627,Hanoi Center,Bike,2025-02-23,2025-02-25 18:00:00,66,726,3,1
6628,Da Nang City,Electric Scooter,2025-10-07,2025-10-08 10:00:00,34,238,3,0
6629,HCM District 1,Car,2025-02-25,2025-02-27 03:00:00,51,867,2,0
6630,Da Nang City,Electric Scooter,2025-08-14,2025-08-17 00:00:00,72,1440,3,1
6631,Hanoi Center,Bike,2025-05-13,2025-05-14 08:00:00,32,192,1,0
6632,Da Nang City,Electric Scooter,2025-09-14,2025-09-14 08:00:00,8,104,1,1
6633,Hanoi Center,Bike,2025-01-05,2025-01-06 20:00:00,44,308,1,1
6634,HCM District 1,Electric Scooter,2025-09-26,2025-09-26 22:00:00,22,264,3,0
6635,Hanoi Center,Electric Scooter,2025-01-12,2025-01-14 21:00:00,69,1104,1,0
6636,Da Nang City,Car,2025-07-13,2025-07-15 05:00:00,53,848,1,0
6637,Hanoi Center,Car,2025-02-02,2025-02-04 20:00:00,68,476,5,1
6638,HCM District 1,Bike,2025-01-26,2025-01-26 11:00:00,11,143,3,1
6639,HCM District 1,Car,2025-04-20,2025-04-21 03:00:00,27,216,3,0
6640,Da Nang City,Bike,2025-01-05,2025-01-06 07:00:00,31,341,5,1
6641,HCM District 1,Electric Scooter,2025-01-30,2025-01-30 04:00:00,4,76,3,1
6642,Hanoi Center,Car,2025-02-10,2025-02-11 13:00:00,37,555,5,1
6643,Da Nang City,Electric Scooter,2025-04-05,2025-04-05 13:00:00,13,156,5,1
6644,Da Nang City,Bike,2025-09-20,2025-09-20 06:00:00,6,78,1,0
6645,HCM District 1,Bike,2025-01-06,2025-01-08 23:00:00,71,710,4,0
6646,HCM District 1,Bike,2025-07-05,2025-07-06 13:00:00,37,592,4,1
6647,Da Nang City,Electric Scooter,2025-10-06,2025-10-06 12:00:00,12,120,5,1
6648,Hanoi Center,Bike,2025-03-22,2025-03-23 21:00:00,45,495,3,0
6649,Da Nang City,Bike,2025-08-03,2025-08-04 09:00:00,33,297,2,0
6650,Hanoi Center,Car,2025-01-18,2025-01-19 00:00:00,24,336,4,1
6651,HCM District 1,Car,2025-05-06,2025-05-06 18:00:00,18,360,5,1
6652,Da Nang City,Bike,2025-06-11,2025-06-13 21:00:00,69,1242,4,1
6653,Da Nang City,Electric Scooter,2025-04-18,2025-04-18 23:00:00,23,460,3,0
6654,HCM District 1,Bike,2025-06-23,2025-06-25 12:00:00,60,1080,2,1
6655,Hanoi Center,Electric Scooter,2025-08-31,2025-08-31 12:00:00,12,108,1,0
6656,HCM District 1,Car,2025-07-24,2025-07-24 21:00:00,21,315,5,0
6657,Hanoi Center,Car,2025-06-14,2025-06-15 12:00:00,36,612,1,1
6658,Hanoi Center,Electric Scooter,2025-01-31,2025-01-31 21:00:00,21,210,4,1
6659,HCM District 1,Electric Scooter,2025-01-19,2025-01-20 16:00:00,40,600,1,0
6660,HCM District 1,Electric Scooter,2025-08-17,2025-08-18 12:00:00,36,288,4,1
6661,Da Nang City,Bike,2025-08-14,2025-08-16 19:00:00,67,1206,4,1
6662,Hanoi Center,Bike,2025-03-19,2025-03-20 03:00:00,27,378,1,1
6663,Da Nang City,Bike,2025-09-06,2025-09-08 06:00:00,54,702,1,0
6664,Da Nang City,Electric Scooter,2025-01-31,2025-02-01 05:00:00,29,522,3,0
6665,Hanoi Center,Electric Scooter,2025-02-10,2025-02-12 07:00:00,55,550,5,0
6666,Da Nang City,Electric Scooter,2025-06-07,2025-06-08 08:00:00,32,320,3,0
6667,Da Nang City,Electric Scooter,2025-04-11,2025-04-11 08:00:00,8,136,3,1
6668,Da Nang City,Bike,2025-09-16,2025-09-17 05:00:00,29,203,5,0
6669,Da Nang City,Bike,2025-04-14,2025-04-16 23:00:00,71,355,3,0
6670,Da Nang City,Electric Scooter,2025-03-11,2025-03-13 01:00:00,49,931,2,0
6671,HCM District 1,Electric Scooter,2025-04-21,2025-04-21 01:00:00,1,8,2,1
6672,HCM District 1,Car,2025-01-08,2025-01-08 22:00:00,22,198,5,1
6673,Da Nang City,Electric Scooter,2025-08-07,2025-08-08 08:00:00,32,640,4,0
6674,Hanoi Center,Bike,2025-03-06,2025-03-07 19:00:00,43,258,1,0
6675,Hanoi Center,Bike,2025-04-28,2025-04-29 02:00:00,26,260,2,0
6676,Hanoi Center,Electric Scooter,2025-09-13,2025-09-15 12:00:00,60,1200,2,1
6677,HCM District 1,Car,2025-08-29,2025-08-29 07:00:00,7,35,4,0
6678,HCM District 1,Car,2025-05-21,2025-05-23 18:00:00,66,1254,3,0
6679,HCM District 1,Car,2025-08-04,2025-08-06 16:00:00,64,1024,5,0
6680,Hanoi Center,Bike,2025-06-25,2025-06-26 12:00:00,36,468,4,0
6681,Hanoi Center,Electric Scooter,2025-01-15,2025-01-17 00:00:00,48,240,1,0
6682,HCM District 1,Bike,2025-03-28,2025-03-30 21:00:00,69,897,1,1
6683,HCM District 1,Car,2025-02-12,2025-02-12 22:00:00,22,418,5,1
6684,HCM District 1,Car,2025-04-14,2025-04-15 10:00:00,34,646,1,1
6685,Hanoi Center,Bike,2025-09-08,2025-09-10 10:00:00,58,464,1,1
6686,Da Nang City,Car,2025-03-01,2025-03-03 15:00:00,63,945,2,1
6687,Hanoi Center,Car,2025-09-12,2025-09-12 11:00:00,11,55,4,0
6688,HCM District 1,Car,2025-08-29,2025-08-29 22:00:00,22,440,5,0
6689,HCM District 1,Electric Scooter,2025-05-29,2025-05-29 10:00:00,10,50,3,0
6690,Hanoi Center,Car,2025-06-01,2025-06-03 08:00:00,56,336,3,0
6691,Da Nang City,Car,2025-05-04,2025-05-05 02:00:00,26,234,3,0
6692,HCM District 1,Bike,2025-06-22,2025-06-22 15:00:00,15,255,5,0
6693,Hanoi Center,Car,2025-06-16,2025-06-16 16:00:00,16,240,4,0
6694,HCM District 1,Electric Scooter,2025-10-26,2025-10-26 02:00:00,2,34,3,0
6695,Da Nang City,Bike,2025-02-09,2025-02-11 13:00:00,61,1037,2,1
6696,HCM District 1,Bike,2025-07-15,2025-07-15 01:00:00,1,12,2,0
6697,HCM District 1,Car,2025-04-06,2025-04-06 07:00:00,7,70,4,0
6698,Hanoi Center,Car,2025-08-27,2025-08-30 00:00:00,72,504,5,0
6699,HCM District 1,Bike,2025-05-26,2025-05-26 14:00:00,14,70,5,0
6700,HCM District 1,Electric Scooter,2025-07-05,2025-07-05 16:00:00,16,128,5,0
6701,HCM District 1,Car,2025-05-15,2025-05-16 18:00:00,42,210,2,0
6702,Hanoi Center,Bike,2025-08-07,2025-08-08 12:00:00,36,216,1,1
6703,Da Nang City,Car,2025-09-18,2025-09-19 12:00:00,36,396,4,1
6704,Hanoi Center,Electric Scooter,2025-02-27,2025-02-28 00:00:00,24,480,2,0
6705,Hanoi Center,Car,2025-05-22,2025-05-22 16:00:00,16,272,3,1
6706,Hanoi Center,Bike,2025-01-25,2025-01-25 11:00:00,11,99,1,0
6707,Hanoi Center,Bike,2025-04-03,2025-04-03 15:00:00,15,300,1,1
6708,Da Nang City,Electric Scooter,2025-03-24,2025-03-24 14:00:00,14,252,3,1
6709,Da Nang City,Bike,2025-07-29,2025-07-29 16:00:00,16,128,4,1
6710,HCM District 1,Bike,2025-08-08,2025-08-10 22:00:00,70,1120,5,1
6711,HCM District 1,Bike,2025-03-02,2025-03-02 02:00:00,2,24,5,1
6712,HCM District 1,Car,2025-08-12,2025-08-13 09:00:00,33,363,5,1
6713,Hanoi Center,Bike,2025-07-30,2025-07-30 03:00:00,3,60,5,1
6714,Da Nang City,Electric Scooter,2025-02-21,2025-02-21 15:00:00,15,285,5,1
6715,Hanoi Center,Bike,2025-01-16,2025-01-16 04:00:00,4,80,5,1
6716,Da Nang City,Car,2025-09-19,2025-09-20 15:00:00,39,624,4,0
6717,Hanoi Center,Electric Scooter,2025-02-21,2025-02-23 22:00:00,70,1400,3,1
6718,HCM District 1,Car,2025-08-28,2025-08-29 05:00:00,29,551,2,0
6719,Da Nang City,Electric Scooter,2025-08-29,2025-08-31 21:00:00,69,828,4,1
6720,HCM District 1,Car,2025-03-29,2025-03-31 02:00:00,50,500,2,0
6721,HCM District 1,Bike,2025-10-11,2025-10-14 00:00:00,72,1152,2,0
6722,HCM District 1,Electric Scooter,2025-04-15,2025-04-17 15:00:00,63,756,5,1
6723,HCM District 1,Electric Scooter,2025-07-11,2025-07-12 03:00:00,27,351,2,1
6724,HCM District 1,Bike,2025-04-23,2025-04-25 19:00:00,67,1273,3,0
6725,Hanoi Center,Car,2025-02-01,2025-02-02 17:00:00,41,410,1,0
6726,HCM District 1,Bike,2025-01-24,2025-01-25 08:00:00,32,384,2,0
6727,HCM District 1,Electric Scooter,2025-08-12,2025-08-12 09:00:00,9,135,3,0
6728,HCM District 1,Car,2025-01-10,2025-01-12 21:00:00,69,552,5,0
6729,HCM District 1,Bike,2025-06-19,2025-06-21 15:00:00,63,567,3,0
6730,Da Nang City,Electric Scooter,2025-05-27,2025-05-28 19:00:00,43,559,3,1
6731,Hanoi Center,Electric Scooter,2025-04-11,2025-04-13 21:00:00,69,552,3,1
6732,Hanoi Center,Car,2025-04-17,2025-04-18 01:00:00,25,500,1,0
6733,Hanoi Center,Car,2025-02-21,2025-02-23 17:00:00,65,1105,1,0
6734,Hanoi Center,Bike,2025-04-25,2025-04-25 07:00:00,7,98,3,0
6735,HCM District 1,Electric Scooter,2025-03-23,2025-03-23 15:00:00,15,135,3,0
6736,Da Nang City,Car,2025-03-04,2025-03-04 15:00:00,15,195,4,0
6737,HCM District 1,Electric Scooter,2025-04-14,2025-04-14 09:00:00,9,63,3,0
6738,Da Nang City,Electric Scooter,2025-05-15,2025-05-15 11:00:00,11,132,2,0
6739,Hanoi Center,Car,2025-08-13,2025-08-15 12:00:00,60,780,1,0
6740,HCM District 1,Bike,2025-06-11,2025-06-11 14:00:00,14,210,3,1
6741,Hanoi Center,Electric Scooter,2025-07-03,2025-07-03 10:00:00,10,100,2,1
6742,Hanoi Center,Electric Scooter,2025-03-16,2025-03-18 07:00:00,55,385,2,1
6743,HCM District 1,Car,2025-10-01,2025-10-03 07:00:00,55,275,5,1
6744,Da Nang City,Bike,2025-02-07,2025-02-09 06:00:00,54,432,3,0
6745,HCM District 1,Car,2025-04-14,2025-04-16 15:00:00,63,378,2,0
6746,HCM District 1,Car,2025-03-27,2025-03-29 12:00:00,60,780,2,1
6747,HCM District 1,Car,2025-05-23,2025-05-23 12:00:00,12,180,3,1
6748,HCM District 1,Car,2025-07-05,2025-07-05 16:00:00,16,112,4,1
6749,Da Nang City,Bike,2025-05-07,2025-05-09 22:00:00,70,350,5,1
6750,Hanoi Center,Car,2025-05-29,2025-05-30 23:00:00,47,517,5,0
6751,Da Nang City,Electric Scooter,2025-10-23,2025-10-25 14:00:00,62,806,2,1
6752,HCM District 1,Electric Scooter,2025-03-11,2025-03-13 11:00:00,59,1003,5,0
6753,HCM District 1,Bike,2025-09-11,2025-09-11 16:00:00,16,240,1,1
6754,Da Nang City,Bike,2025-08-13,2025-08-15 10:00:00,58,464,3,1
6755,HCM District 1,Electric Scooter,2025-09-15,2025-09-15 19:00:00,19,361,4,1
6756,Da Nang City,Bike,2025-05-24,2025-05-24 10:00:00,10,140,1,1
6757,HCM District 1,Car,2025-08-15,2025-08-15 03:00:00,3,51,2,1
6758,HCM District 1,Car,2025-04-09,2025-04-10 02:00:00,26,156,2,1
6759,HCM District 1,Electric Scooter,2025-09-09,2025-09-09 23:00:00,23,115,4,0
6760,HCM District 1,Car,2025-03-04,2025-03-04 18:00:00,18,126,2,1
6761,Hanoi Center,Car,2025-05-05,2025-05-05 11:00:00,11,110,1,1
6762,HCM District 1,Bike,2025-07-02,2025-07-03 00:00:00,24,336,2,1
6763,Da Nang City,Bike,2025-02-07,2025-02-09 20:00:00,68,1020,2,0
6764,Hanoi Center,Car,2025-04-22,2025-04-23 01:00:00,25,400,3,0
6765,Da Nang City,Bike,2025-08-01,2025-08-02 07:00:00,31,558,5,1
6766,HCM District 1,Bike,2025-09-21,2025-09-21 16:00:00,16,320,3,0
6767,Hanoi Center,Electric Scooter,2025-06-11,2025-06-11 22:00:00,22,176,5,0
6768,HCM District 1,Car,2025-01-20,2025-01-22 16:00:00,64,832,1,1
6769,Hanoi Center,Electric Scooter,2025-03-09,2025-03-10 19:00:00,43,344,4,0
6770,Da Nang City,Bike,2025-05-13,2025-05-13 16:00:00,16,240,1,0
6771,Hanoi Center,Car,2025-06-02,2025-06-02 16:00:00,16,160,5,1
6772,Da Nang City,Bike,2025-09-20,2025-09-21 18:00:00,42,672,2,1
6773,HCM District 1,Electric Scooter,2025-03-17,2025-03-17 20:00:00,20,120,3,0
6774,Hanoi Center,Electric Scooter,2025-01-19,2025-01-21 10:00:00,58,348,1,0
6775,Hanoi Center,Electric Scooter,2025-08-25,2025-08-25 02:00:00,2,22,5,0
6776,Hanoi Center,Bike,2025-06-09,2025-06-11 10:00:00,58,406,2,1
6777,Hanoi Center,Bike,2025-10-11,2025-10-11 04:00:00,4,60,2,1
6778,Hanoi Center,Bike,2025-03-08,2025-03-09 16:00:00,40,520,2,1
6779,HCM District 1,Bike,2025-03-16,2025-03-16 16:00:00,16,176,5,0
6780,Da Nang City,Electric Scooter,2025-01-29,2025-01-31 23:00:00,71,994,4,1
6781,HCM District 1,Car,2025-10-23,2025-10-25 02:00:00,50,250,5,0
6782,Hanoi Center,Bike,2025-05-23,2025-05-23 05:00:00,5,90,4,1
6783,Da Nang City,Bike,2025-01-24,2025-01-26 23:00:00,71,1349,5,1
6784,Hanoi Center,Electric Scooter,2025-06-24,2025-06-26 17:00:00,65,1105,5,1
6785,HCM District 1,Bike,2025-08-21,2025-08-22 00:00:00,24,456,2,1
6786,Hanoi Center,Bike,2025-02-04,2025-02-05 10:00:00,34,646,5,1
6787,HCM District 1,Bike,2025-01-13,2025-01-14 03:00:00,27,405,3,0
6788,Da Nang City,Electric Scooter,2025-08-29,2025-08-30 02:00:00,26,494,2,0
6789,HCM District 1,Bike,2025-05-16,2025-05-17 14:00:00,38,646,5,1
6790,Hanoi Center,Electric Scooter,2025-07-25,2025-07-27 19:00:00,67,402,3,1
6791,Da Nang City,Bike,2025-03-06,2025-03-06 04:00:00,4,56,3,0
6792,Hanoi Center,Electric Scooter,2025-06-27,2025-06-28 22:00:00,46,598,4,1
6793,HCM District 1,Bike,2025-09-21,2025-09-21 02:00:00,2,22,4,1
6794,HCM District 1,Bike,2025-05-08,2025-05-09 08:00:00,32,576,5,0
6795,Da Nang City,Car,2025-09-26,2025-09-27 14:00:00,38,494,4,0
6796,Da Nang City,Bike,2025-10-12,2025-10-12 20:00:00,20,100,5,0
6797,HCM District 1,Bike,2025-04-26,2025-04-27 15:00:00,39,429,2,1
6798,Hanoi Center,Car,2025-01-05,2025-01-06 11:00:00,35,700,3,0
6799,HCM District 1,Car,2025-01-03,2025-01-03 23:00:00,23,368,2,1
6800,Hanoi Center,Car,2025-03-19,2025-03-20 08:00:00,32,448,1,0
6801,Hanoi Center,Electric Scooter,2025-09-05,2025-09-06 10:00:00,34,442,5,1
6802,Da Nang City,Electric Scooter,2025-02-08,2025-02-08 16:00:00,16,176,4,1
6803,HCM District 1,Car,2025-02-15,2025-02-17 15:00:00,63,1008,1,1
6804,HCM District 1,Car,2025-07-08,2025-07-09 10:00:00,34,272,2,1
6805,Hanoi Center,Electric Scooter,2025-09-29,2025-09-29 23:00:00,23,460,5,1
6806,Da Nang City,Electric Scooter,2025-02-28,2025-02-28 01:00:00,1,12,2,1
6807,Da Nang City,Car,2025-09-08,2025-09-08 20:00:00,20,300,2,0
6808,Hanoi Center,Electric Scooter,2025-10-26,2025-10-28 03:00:00,51,663,3,1
6809,HCM District 1,Electric Scooter,2025-10-03,2025-10-04 09:00:00,33,627,1,0
6810,Hanoi Center,Bike,2025-10-23,2025-10-23 13:00:00,13,221,4,0
6811,Da Nang City,Bike,2025-02-12,2025-02-12 04:00:00,4,64,2,1
6812,Hanoi Center,Bike,2025-05-16,2025-05-17 18:00:00,42,714,3,0
6813,HCM District 1,Bike,2025-03-23,2025-03-23 07:00:00,7,49,4,1
6814,Hanoi Center,Bike,2025-04-24,2025-04-25 21:00:00,45,585,2,0
6815,Da Nang City,Electric Scooter,2025-01-28,2025-01-28 12:00:00,12,120,5,0
6816,Hanoi Center,Electric Scooter,2025-09-26,2025-09-27 13:00:00,37,629,2,1
6817,HCM District 1,Bike,2025-08-08,2025-08-09 16:00:00,40,560,2,0
6818,Da Nang City,Bike,2025-04-17,2025-04-19 10:00:00,58,1044,5,0
6819,Hanoi Center,Bike,2025-04-28,2025-04-30 23:00:00,71,852,1,0
6820,Hanoi Center,Bike,2025-08-07,2025-08-08 13:00:00,37,296,1,1
6821,Da Nang City,Car,2025-02-19,2025-02-20 11:00:00,35,700,2,0
6822,Hanoi Center,Car,2025-01-17,2025-01-17 02:00:00,2,40,5,1
6823,HCM District 1,Car,2025-10-11,2025-10-12 00:00:00,24,312,3,0
6824,HCM District 1,Car,2025-05-13,2025-05-14 23:00:00,47,329,5,1
6825,HCM District 1,Car,2025-07-08,2025-07-09 01:00:00,25,250,3,1
6826,Da Nang City,Car,2025-03-30,2025-03-31 18:00:00,42,756,3,1
6827,Da Nang City,Bike,2025-08-04,2025-08-05 00:00:00,24,288,1,1
6828,Hanoi Center,Car,2025-02-25,2025-02-25 12:00:00,12,192,5,0
6829,Hanoi Center,Electric Scooter,2025-05-04,2025-05-06 07:00:00,55,550,3,1
6830,HCM District 1,Car,2025-01-17,2025-01-17 05:00:00,5,25,3,1
6831,Da Nang City,Bike,2025-09-05,2025-09-06 08:00:00,32,352,1,1
6832,HCM District 1,Electric Scooter,2025-05-06,2025-05-07 06:00:00,30,330,5,0
6833,Da Nang City,Bike,2025-06-14,2025-06-15 12:00:00,36,216,5,1
6834,HCM District 1,Electric Scooter,2025-05-18,2025-05-19 07:00:00,31,403,5,0
6835,Da Nang City,Car,2025-05-17,2025-05-17 16:00:00,16,224,3,0
6836,Hanoi Center,Electric Scooter,2025-04-12,2025-04-12 09:00:00,9,153,3,0
6837,Da Nang City,Bike,2025-09-29,2025-10-01 10:00:00,58,290,2,0
6838,HCM District 1,Bike,2025-01-24,2025-01-25 19:00:00,43,602,4,0
6839,HCM District 1,Electric Scooter,2025-03-03,2025-03-05 01:00:00,49,588,3,0
6840,Da Nang City,Electric Scooter,2025-03-01,2025-03-03 14:00:00,62,682,3,1
6841,Hanoi Center,Car,2025-09-30,2025-10-02 04:00:00,52,572,5,0
6842,Da Nang City,Car,2025-02-14,2025-02-14 13:00:00,13,182,4,1
6843,HCM District 1,Car,2025-08-20,2025-08-21 13:00:00,37,259,5,0
6844,HCM District 1,Electric Scooter,2025-03-24,2025-03-24 09:00:00,9,171,1,0
6845,Da Nang City,Bike,2025-07-15,2025-07-17 09:00:00,57,285,4,1
6846,Hanoi Center,Car,2025-02-09,2025-02-11 00:00:00,48,864,4,0
6847,Da Nang City,Car,2025-08-17,2025-08-19 18:00:00,66,924,2,0
6848,HCM District 1,Car,2025-04-19,2025-04-21 15:00:00,63,567,3,0
6849,Hanoi Center,Car,2025-05-24,2025-05-24 17:00:00,17,238,4,0
6850,HCM District 1,Car,2025-03-31,2025-04-01 13:00:00,37,592,1,0
6851,HCM District 1,Electric Scooter,2025-05-04,2025-05-04 17:00:00,17,170,3,1
6852,Hanoi Center,Bike,2025-03-12,2025-03-13 15:00:00,39,234,3,0
6853,HCM District 1,Bike,2025-01-27,2025-01-27 06:00:00,6,36,2,0
6854,Da Nang City,Car,2025-04-24,2025-04-24 10:00:00,10,50,4,1
6855,Da Nang City,Car,2025-01-03,2025-01-03 23:00:00,23,230,5,1
6856,Da Nang City,Bike,2025-04-22,2025-04-22 19:00:00,19,190,4,0
6857,Da Nang City,Car,2025-10-08,2025-10-10 09:00:00,57,1140,1,1
6858,Hanoi Center,Electric Scooter,2025-09-05,2025-09-06 13:00:00,37,370,2,1
6859,Da Nang City,Car,2025-02-12,2025-02-12 20:00:00,20,240,3,1
6860,HCM District 1,Bike,2025-02-22,2025-02-24 01:00:00,49,931,2,0
6861,HCM District 1,Electric Scooter,2025-01-28,2025-01-30 15:00:00,63,441,1,0
6862,HCM District 1,Bike,2025-05-16,2025-05-17 10:00:00,34,544,5,0
6863,Da Nang City,Bike,2025-01-18,2025-01-19 00:00:00,24,192,3,0
6864,HCM District 1,Car,2025-09-24,2025-09-26 15:00:00,63,1197,4,0
6865,HCM District 1,Electric Scooter,2025-01-11,2025-01-13 13:00:00,61,854,4,0
6866,Hanoi Center,Car,2025-02-08,2025-02-09 14:00:00,38,266,5,1
6867,HCM District 1,Car,2025-06-15,2025-06-15 13:00:00,13,143,2,0
6868,HCM District 1,Electric Scooter,2025-06-13,2025-06-14 06:00:00,30,330,1,1
6869,Hanoi Center,Car,2025-10-04,2025-10-06 06:00:00,54,378,4,0
6870,HCM District 1,Car,2025-04-20,2025-04-20 20:00:00,20,200,1,1
6871,HCM District 1,Car,2025-01-04,2025-01-05 10:00:00,34,442,2,0
6872,Hanoi Center,Electric Scooter,2025-01-16,2025-01-16 20:00:00,20,380,1,1
6873,Da Nang City,Bike,2025-08-30,2025-08-30 11:00:00,11,66,5,0
6874,Hanoi Center,Electric Scooter,2025-02-14,2025-02-16 21:00:00,69,1380,3,1
6875,Hanoi Center,Electric Scooter,2025-08-18,2025-08-18 17:00:00,17,323,5,0
6876,Da Nang City,Car,2025-03-03,2025-03-04 08:00:00,32,416,3,0
6877,Hanoi Center,Bike,2025-08-13,2025-08-13 09:00:00,9,126,1,1
6878,HCM District 1,Bike,2025-08-31,2025-09-02 12:00:00,60,1080,4,0
6879,Hanoi Center,Car,2025-04-19,2025-04-21 02:00:00,50,900,2,1
6880,Da Nang City,Bike,2025-02-09,2025-02-10 17:00:00,41,492,3,1
6881,HCM District 1,Electric Scooter,2025-07-17,2025-07-19 22:00:00,70,910,4,1
6882,Hanoi Center,Bike,2025-03-24,2025-03-25 06:00:00,30,420,3,0
6883,Hanoi Center,Bike,2025-06-28,2025-06-30 10:00:00,58,754,3,1
6884,Hanoi Center,Car,2025-07-06,2025-07-06 17:00:00,17,340,3,0
6885,Hanoi Center,Bike,2025-02-02,2025-02-04 18:00:00,66,1122,1,1
6886,HCM District 1,Car,2025-09-25,2025-09-27 01:00:00,49,343,4,1
6887,Da Nang City,Bike,2025-05-17,2025-05-17 18:00:00,18,108,3,1
6888,Hanoi Center,Electric Scooter,2025-06-13,2025-06-13 10:00:00,10,70,4,0
6889,Da Nang City,Bike,2025-04-29,2025-04-29 08:00:00,8,120,5,1
6890,HCM District 1,Car,2025-07-07,2025-07-07 15:00:00,15,270,5,0
6891,HCM District 1,Electric Scooter,2025-10-18,2025-10-19 01:00:00,25,300,5,0
6892,Da Nang City,Electric Scooter,2025-04-12,2025-04-14 09:00:00,57,456,3,1
6893,HCM District 1,Electric Scooter,2025-06-04,2025-06-04 14:00:00,14,252,1,1
6894,HCM District 1,Car,2025-10-03,2025-10-05 00:00:00,48,720,2,0
6895,Da Nang City,Electric Scooter,2025-05-29,2025-05-30 12:00:00,36,216,4,1
6896,Da Nang City,Bike,2025-10-10,2025-10-11 12:00:00,36,612,5,0
6897,HCM District 1,Electric Scooter,2025-03-27,2025-03-27 12:00:00,12,228,2,0
6898,Hanoi Center,Bike,2025-05-12,2025-05-13 01:00:00,25,300,2,0
6899,Hanoi Center,Electric Scooter,2025-08-27,2025-08-27 07:00:00,7,63,5,1
6900,HCM District 1,Bike,2025-05-05,2025-05-05 16:00:00,16,256,3,1
6901,Da Nang City,Car,2025-09-07,2025-09-08 09:00:00,33,594,2,1
6902,HCM District 1,Car,2025-05-18,2025-05-19 19:00:00,43,301,4,0
6903,HCM District 1,Car,2025-02-23,2025-02-25 10:00:00,58,870,3,1
6904,HCM District 1,Car,2025-08-14,2025-08-16 01:00:00,49,735,3,1
6905,HCM District 1,Bike,2025-06-07,2025-06-09 11:00:00,59,1180,1,1
6906,HCM District 1,Electric Scooter,2025-05-31,2025-05-31 05:00:00,5,60,2,0
6907,HCM District 1,Electric Scooter,2025-03-30,2025-04-01 23:00:00,71,355,5,0
6908,HCM District 1,Car,2025-05-10,2025-05-10 10:00:00,10,100,1,1
6909,HCM District 1,Electric Scooter,2025-10-06,2025-10-06 01:00:00,1,11,3,1
6910,HCM District 1,Electric Scooter,2025-02-16,2025-02-16 23:00:00,23,276,5,0
6911,HCM District 1,Bike,2025-04-14,2025-04-14 20:00:00,20,240,2,0
6912,HCM District 1,Car,2025-02-13,2025-02-14 09:00:00,33,165,4,0
6913,Da Nang City,Car,2025-09-11,2025-09-12 11:00:00,35,490,2,1
6914,HCM District 1,Electric Scooter,2025-08-15,2025-08-17 20:00:00,68,952,5,0
6915,HCM District 1,Bike,2025-09-09,2025-09-09 14:00:00,14,252,3,0
6916,Da Nang City,Electric Scooter,2025-07-09,2025-07-11 17:00:00,65,1105,3,0
6917,Hanoi Center,Electric Scooter,2025-08-13,2025-08-13 23:00:00,23,437,3,0
6918,Da Nang City,Car,2025-04-15,2025-04-16 13:00:00,37,629,4,0
6919,Hanoi Center,Bike,2025-03-07,2025-03-09 03:00:00,51,714,3,0
6920,Da Nang City,Electric Scooter,2025-02-22,2025-02-22 16:00:00,16,112,4,1
6921,HCM District 1,Bike,2025-09-28,2025-09-28 19:00:00,19,266,1,0
6922,HCM District 1,Electric Scooter,2025-06-24,2025-06-24 21:00:00,21,210,5,1
6923,Hanoi Center,Car,2025-10-19,2025-10-19 23:00:00,23,391,4,0
6924,HCM District 1,Car,2025-10-13,2025-10-14 16:00:00,40,600,2,1
6925,Da Nang City,Electric Scooter,2025-06-16,2025-06-18 17:00:00,65,910,5,1
6926,Da Nang City,Car,2025-07-24,2025-07-26 02:00:00,50,450,2,1
6927,Hanoi Center,Electric Scooter,2025-07-24,2025-07-26 05:00:00,53,318,4,0
6928,Hanoi Center,Electric Scooter,2025-07-19,2025-07-20 07:00:00,31,403,3,1
6929,Hanoi Center,Car,2025-07-31,2025-07-31 07:00:00,7,42,4,1
6930,HCM District 1,Bike,2025-06-16,2025-06-16 21:00:00,21,126,1,1
6931,Hanoi Center,Car,2025-05-18,2025-05-18 20:00:00,20,280,4,1
6932,Da Nang City,Electric Scooter,2025-06-03,2025-06-05 19:00:00,67,871,5,1
6933,Hanoi Center,Electric Scooter,2025-10-26,2025-10-27 00:00:00,24,432,3,1
6934,Da Nang City,Electric Scooter,2025-04-28,2025-04-29 21:00:00,45,585,5,1
6935,Da Nang City,Bike,2025-06-23,2025-06-24 21:00:00,45,855,3,1
6936,Da Nang City,Bike,2025-02-01,2025-02-01 04:00:00,4,80,5,1
6937,HCM District 1,Car,2025-09-08,2025-09-09 14:00:00,38,570,5,1
6938,Hanoi Center,Electric Scooter,2025-04-10,2025-04-11 19:00:00,43,344,4,1
6939,Hanoi Center,Electric Scooter,2025-09-12,2025-09-12 09:00:00,9,63,5,0
6940,Hanoi Center,Electric Scooter,2025-03-19,2025-03-20 05:00:00,29,493,4,0
6941,HCM District 1,Car,2025-01-18,2025-01-20 01:00:00,49,931,4,0
6942,HCM District 1,Electric Scooter,2025-06-29,2025-06-29 22:00:00,22,198,3,1
6943,HCM District 1,Car,2025-05-25,2025-05-26 10:00:00,34,408,5,0
6944,Hanoi Center,Electric Scooter,2025-08-02,2025-08-03 15:00:00,39,390,3,1
6945,Da Nang City,Bike,2025-09-28,2025-09-30 08:00:00,56,896,2,1
6946,Da Nang City,Electric Scooter,2025-09-07,2025-09-07 13:00:00,13,156,1,1
6947,HCM District 1,Electric Scooter,2025-04-21,2025-04-22 02:00:00,26,130,3,1
6948,Hanoi Center,Electric Scooter,2025-03-21,2025-03-22 12:00:00,36,540,3,0
6949,Hanoi Center,Bike,2025-03-03,2025-03-04 10:00:00,34,170,3,1
6950,HCM District 1,Electric Scooter,2025-10-20,2025-10-22 01:00:00,49,882,2,0
6951,Hanoi Center,Bike,2025-10-04,2025-10-06 16:00:00,64,896,2,0
6952,Da Nang City,Bike,2025-06-28,2025-06-28 05:00:00,5,70,1,1
6953,HCM District 1,Car,2025-04-10,2025-04-11 23:00:00,47,940,4,0
6954,HCM District 1,Bike,2025-01-28,2025-01-29 04:00:00,28,336,5,0
6955,HCM District 1,Electric Scooter,2025-04-28,2025-04-29 14:00:00,38,304,2,0
6956,Hanoi Center,Electric Scooter,2025-04-05,2025-04-05 20:00:00,20,340,3,1
6957,Da Nang City,Car,2025-06-01,2025-06-03 04:00:00,52,572,2,1
6958,Da Nang City,Electric Scooter,2025-03-01,2025-03-02 02:00:00,26,390,3,1
6959,HCM District 1,Car,2025-02-10,2025-02-11 18:00:00,42,546,5,0
6960,HCM District 1,Bike,2025-02-07,2025-02-09 02:00:00,50,300,3,0
6961,Da Nang City,Car,2025-06-21,2025-06-22 05:00:00,29,493,2,0
6962,HCM District 1,Car,2025-07-31,2025-07-31 03:00:00,3,27,5,1
6963,Hanoi Center,Electric Scooter,2025-06-10,2025-06-12 20:00:00,68,680,4,1
6964,Da Nang City,Car,2025-09-20,2025-09-21 06:00:00,30,600,5,0
6965,HCM District 1,Electric Scooter,2025-01-03,2025-01-04 11:00:00,35,315,4,1
6966,Da Nang City,Electric Scooter,2025-10-27,2025-10-29 21:00:00,69,759,2,1
6967,HCM District 1,Electric Scooter,2025-01-08,2025-01-10 07:00:00,55,990,3,0
6968,Da Nang City,Electric Scooter,2025-05-15,2025-05-15 18:00:00,18,162,2,1
6969,HCM District 1,Electric Scooter,2025-04-02,2025-04-03 01:00:00,25,375,4,0
6970,HCM District 1,Car,2025-04-25,2025-04-25 08:00:00,8,72,5,1
6971,HCM District 1,Bike,2025-05-24,2025-05-26 17:00:00,65,910,4,0
6972,HCM District 1,Bike,2025-06-07,2025-06-08 22:00:00,46,736,1,0
6973,HCM District 1,Electric Scooter,2025-05-26,2025-05-27 13:00:00,37,555,5,1
6974,HCM District 1,Bike,2025-05-05,2025-05-06 08:00:00,32,224,3,1
6975,HCM District 1,Bike,2025-07-09,2025-07-10 20:00:00,44,748,2,1
6976,Hanoi Center,Electric Scooter,2025-05-14,2025-05-16 19:00:00,67,737,1,0
6977,Hanoi Center,Electric Scooter,2025-07-01,2025-07-02 03:00:00,27,243,3,1
6978,HCM District 1,Bike,2025-02-01,2025-02-01 18:00:00,18,144,4,0
6979,HCM District 1,Car,2025-06-04,2025-06-06 00:00:00,48,384,5,0
6980,HCM District 1,Car,2025-04-28,2025-04-30 10:00:00,58,638,4,0
6981,Da Nang City,Bike,2025-04-08,2025-04-09 22:00:00,46,322,3,1
6982,Da Nang City,Bike,2025-08-10,2025-08-10 05:00:00,5,50,2,0
6983,Hanoi Center,Bike,2025-02-02,2025-02-03 02:00:00,26,260,2,1
6984,HCM District 1,Car,2025-08-03,2025-08-05 03:00:00,51,306,5,0
6985,HCM District 1,Electric Scooter,2025-08-01,2025-08-03 16:00:00,64,384,5,1
6986,HCM District 1,Car,2025-08-14,2025-08-16 12:00:00,60,1080,5,0
6987,Hanoi Center,Car,2025-01-26,2025-01-27 13:00:00,37,481,2,1
6988,Hanoi Center,Car,2025-09-29,2025-09-30 11:00:00,35,385,3,0
6989,Da Nang City,Electric Scooter,2025-06-16,2025-06-18 14:00:00,62,558,4,1
6990,HCM District 1,Electric Scooter,2025-07-24,2025-07-25 05:00:00,29,551,4,0
6991,Hanoi Center,Car,2025-04-11,2025-04-11 11:00:00,11,55,2,0
6992,Hanoi Center,Car,2025-03-22,2025-03-24 03:00:00,51,816,2,0
6993,HCM District 1,Bike,2025-05-25,2025-05-27 03:00:00,51,408,2,0
6994,Hanoi Center,Bike,2025-08-24,2025-08-24 03:00:00,3,51,2,0
6995,HCM District 1,Electric Scooter,2025-09-14,2025-09-15 22:00:00,46,368,5,0
6996,HCM District 1,Car,2025-03-10,2025-03-12 12:00:00,60,1140,4,1
6997,Da Nang City,Car,2025-01-21,2025-01-23 13:00:00,61,915,5,1
6998,Da Nang City,Car,2025-09-10,2025-09-12 23:00:00,71,1136,4,1
6999,Da Nang City,Car,2025-03-06,2025-03-07 20:00:00,44,748,2,0
7000,HCM District 1,Car,2025-04-01,2025-04-01 21:00:00,21,168,2,0
7001,Hanoi Center,Bike,2025-02-11,2025-02-12 20:00:00,44,396,2,0
7002,Da Nang City,Bike,2025-01-16,2025-01-18 04:00:00,52,884,2,0
7003,HCM District 1,Bike,2025-06-07,2025-06-08 02:00:00,26,260,2,1
7004,HCM District 1,Car,2025-09-04,2025-09-05 22:00:00,46,828,5,0
7005,Hanoi Center,Car,2025-04-21,2025-04-22 19:00:00,43,473,2,0
7006,Hanoi Center,Car,2025-05-31,2025-06-02 14:00:00,62,434,1,1
7007,HCM District 1,Bike,2025-08-09,2025-08-11 05:00:00,53,901,1,1
7008,HCM District 1,Car,2025-06-09,2025-06-11 19:00:00,67,804,5,0
7009,Hanoi Center,Bike,2025-05-14,2025-05-14 12:00:00,12,204,3,0
7010,HCM District 1,Electric Scooter,2025-04-12,2025-04-14 19:00:00,67,335,3,1
7011,Hanoi Center,Car,2025-03-03,2025-03-04 15:00:00,39,741,2,0
7012,Hanoi Center,Bike,2025-08-31,2025-09-02 09:00:00,57,1083,5,1
7013,HCM District 1,Bike,2025-10-04,2025-10-06 16:00:00,64,1088,4,0
7014,Da Nang City,Car,2025-07-02,2025-07-02 12:00:00,12,144,2,0
7015,HCM District 1,Electric Scooter,2025-05-22,2025-05-24 10:00:00,58,290,1,0
7016,Hanoi Center,Car,2025-07-20,2025-07-20 21:00:00,21,378,3,1
7017,Hanoi Center,Car,2025-08-11,2025-08-12 22:00:00,46,506,2,1
7018,Da Nang City,Electric Scooter,2025-06-18,2025-06-18 02:00:00,2,20,2,1
7019,Da Nang City,Bike,2025-05-16,2025-05-16 13:00:00,13,65,5,0
7020,Hanoi Center,Electric Scooter,2025-07-11,2025-07-11 09:00:00,9,90,2,0
7021,HCM District 1,Electric Scooter,2025-01-31,2025-02-02 02:00:00,50,250,3,0
7022,Da Nang City,Electric Scooter,2025-05-03,2025-05-04 06:00:00,30,180,2,0
7023,HCM District 1,Car,2025-09-20,2025-09-20 08:00:00,8,104,1,0
7024,Da Nang City,Bike,2025-03-27,2025-03-27 16:00:00,16,304,3,1
7025,Hanoi Center,Bike,2025-10-09,2025-10-10 05:00:00,29,406,2,0
7026,HCM District 1,Car,2025-05-25,2025-05-26 13:00:00,37,740,3,0
7027,Hanoi Center,Car,2025-05-17,2025-05-17 18:00:00,18,216,3,0
7028,Da Nang City,Bike,2025-05-24,2025-05-25 08:00:00,32,320,1,1
7029,Da Nang City,Bike,2025-09-29,2025-10-01 22:00:00,70,910,1,0
7030,HCM District 1,Car,2025-08-03,2025-08-05 00:00:00,48,624,4,0
7031,Hanoi Center,Car,2025-10-26,2025-10-27 08:00:00,32,384,3,0
7032,Hanoi Center,Bike,2025-04-26,2025-04-28 15:00:00,63,441,3,1
7033,Hanoi Center,Bike,2025-06-21,2025-06-23 10:00:00,58,1102,1,0
7034,HCM District 1,Electric Scooter,2025-08-30,2025-08-31 16:00:00,40,760,4,1
7035,Da Nang City,Electric Scooter,2025-01-16,2025-01-16 18:00:00,18,252,1,0
7036,Da Nang City,Car,2025-04-03,2025-04-04 19:00:00,43,516,5,1
7037,HCM District 1,Bike,2025-10-13,2025-10-14 01:00:00,25,250,2,0
7038,Da Nang City,Bike,2025-08-24,2025-08-24 12:00:00,12,216,3,1
7039,HCM District 1,Bike,2025-10-01,2025-10-02 18:00:00,42,462,2,0
7040,Da Nang City,Bike,2025-09-19,2025-09-21 15:00:00,63,945,2,0
7041,HCM District 1,Car,2025-08-29,2025-08-29 12:00:00,12,144,5,0
7042,Hanoi Center,Bike,2025-02-23,2025-02-23 18:00:00,18,306,4,0
7043,HCM District 1,Bike,2025-03-27,2025-03-27 09:00:00,9,108,3,1
7044,Da Nang City,Electric Scooter,2025-04-27,2025-04-27 21:00:00,21,399,1,1
7045,Hanoi Center,Car,2025-01-20,2025-01-22 02:00:00,50,300,4,1
7046,Hanoi Center,Electric Scooter,2025-10-23,2025-10-24 20:00:00,44,220,3,1
7047,Da Nang City,Bike,2025-02-15,2025-02-17 18:00:00,66,858,2,1
7048,Hanoi Center,Bike,2025-03-17,2025-03-18 05:00:00,29,435,3,0
7049,Hanoi Center,Electric Scooter,2025-10-16,2025-10-17 04:00:00,28,224,2,1
7050,Da Nang City,Car,2025-08-01,2025-08-02 12:00:00,36,216,4,0
7051,Hanoi Center,Electric Scooter,2025-08-10,2025-08-10 17:00:00,17,204,2,0
7052,HCM District 1,Electric Scooter,2025-09-03,2025-09-05 14:00:00,62,372,3,0
7053,Hanoi Center,Electric Scooter,2025-09-19,2025-09-20 02:00:00,26,338,2,0
7054,Da Nang City,Electric Scooter,2025-02-11,2025-02-11 03:00:00,3,15,4,1
7055,Da Nang City,Bike,2025-02-18,2025-02-19 12:00:00,36,612,5,0
7056,HCM District 1,Bike,2025-07-09,2025-07-09 14:00:00,14,252,5,1
7057,Hanoi Center,Electric Scooter,2025-01-22,2025-01-22 16:00:00,16,128,5,0
7058,Hanoi Center,Car,2025-05-02,2025-05-02 14:00:00,14,280,5,0
7059,Hanoi Center,Bike,2025-02-08,2025-02-10 13:00:00,61,366,2,1
7060,Hanoi Center,Electric Scooter,2025-07-17,2025-07-18 13:00:00,37,703,2,0
7061,Hanoi Center,Car,2025-07-21,2025-07-22 13:00:00,37,740,4,1
7062,HCM District 1,Bike,2025-08-14,2025-08-15 09:00:00,33,198,1,0
7063,Hanoi Center,Electric Scooter,2025-05-14,2025-05-16 21:00:00,69,1311,3,1
7064,HCM District 1,Electric Scooter,2025-05-14,2025-05-15 07:00:00,31,155,2,1
7065,Da Nang City,Electric Scooter,2025-08-22,2025-08-23 00:00:00,24,144,3,1
7066,Hanoi Center,Car,2025-09-05,2025-09-05 20:00:00,20,400,3,0
7067,Hanoi Center,Electric Scooter,2025-03-23,2025-03-25 03:00:00,51,1020,3,0
7068,Da Nang City,Bike,2025-07-27,2025-07-29 02:00:00,50,400,3,0
7069,Da Nang City,Bike,2025-02-10,2025-02-11 08:00:00,32,352,5,0
7070,Da Nang City,Car,2025-03-15,2025-03-16 06:00:00,30,390,4,0
7071,HCM District 1,Car,2025-05-28,2025-05-29 07:00:00,31,372,5,1
7072,Da Nang City,Car,2025-01-21,2025-01-21 03:00:00,3,39,5,1
7073,Da Nang City,Bike,2025-01-16,2025-01-17 06:00:00,30,240,5,1
7074,Da Nang City,Electric Scooter,2025-04-03,2025-04-04 14:00:00,38,532,1,0
7075,HCM District 1,Electric Scooter,2025-04-24,2025-04-24 02:00:00,2,12,4,0
7076,HCM District 1,Car,2025-03-23,2025-03-23 18:00:00,18,288,4,1
7077,HCM District 1,Bike,2025-04-09,2025-04-11 01:00:00,49,392,3,1
7078,Da Nang City,Car,2025-09-23,2025-09-25 14:00:00,62,496,4,1
7079,Hanoi Center,Bike,2025-10-22,2025-10-24 09:00:00,57,342,5,0
7080,HCM District 1,Bike,2025-04-20,2025-04-22 05:00:00,53,689,2,1
7081,Hanoi Center,Electric Scooter,2025-08-01,2025-08-03 02:00:00,50,700,1,1
7082,HCM District 1,Bike,2025-04-06,2025-04-07 03:00:00,27,405,5,0
7083,Da Nang City,Bike,2025-03-19,2025-03-19 11:00:00,11,66,3,1
7084,HCM District 1,Electric Scooter,2025-03-21,2025-03-21 03:00:00,3,36,4,1
7085,Da Nang City,Car,2025-07-05,2025-07-05 08:00:00,8,128,2,1
7086,HCM District 1,Car,2025-03-16,2025-03-16 18:00:00,18,162,1,1
7087,Hanoi Center,Bike,2025-01-07,2025-01-08 01:00:00,25,325,1,0
7088,Hanoi Center,Car,2025-07-29,2025-07-29 19:00:00,19,114,2,0
7089,HCM District 1,Electric Scooter,2025-04-08,2025-04-10 16:00:00,64,960,3,1
7090,Da Nang City,Bike,2025-04-13,2025-04-14 11:00:00,35,315,4,0
7091,Da Nang City,Electric Scooter,2025-05-29,2025-05-29 10:00:00,10,50,1,1
7092,HCM District 1,Electric Scooter,2025-09-13,2025-09-13 18:00:00,18,198,4,0
7093,Hanoi Center,Bike,2025-03-10,2025-03-12 09:00:00,57,855,5,1
7094,HCM District 1,Electric Scooter,2025-03-04,2025-03-06 14:00:00,62,868,3,1
7095,Da Nang City,Electric Scooter,2025-01-03,2025-01-05 06:00:00,54,378,2,1
7096,HCM District 1,Bike,2025-07-12,2025-07-13 11:00:00,35,700,2,1
7097,HCM District 1,Bike,2025-02-25,2025-02-25 23:00:00,23,460,2,0
7098,Hanoi Center,Electric Scooter,2025-04-17,2025-04-19 17:00:00,65,1105,1,1
7099,Hanoi Center,Car,2025-04-24,2025-04-25 22:00:00,46,506,2,0
7100,Hanoi Center,Bike,2025-05-01,2025-05-02 17:00:00,41,697,4,1
7101,Hanoi Center,Car,2025-02-27,2025-02-27 22:00:00,22,198,5,1
7102,HCM District 1,Bike,2025-02-25,2025-02-26 00:00:00,24,480,4,1
7103,Hanoi Center,Electric Scooter,2025-01-04,2025-01-06 05:00:00,53,371,4,1
7104,Hanoi Center,Electric Scooter,2025-02-18,2025-02-19 03:00:00,27,324,3,0
7105,HCM District 1,Bike,2025-02-07,2025-02-09 19:00:00,67,1273,5,1
7106,HCM District 1,Car,2025-07-09,2025-07-10 00:00:00,24,168,5,1
7107,Hanoi Center,Electric Scooter,2025-06-03,2025-06-05 05:00:00,53,1060,5,1
7108,Hanoi Center,Bike,2025-10-23,2025-10-25 03:00:00,51,255,4,1
7109,Hanoi Center,Electric Scooter,2025-05-29,2025-05-30 05:00:00,29,319,1,0
7110,Hanoi Center,Bike,2025-06-20,2025-06-21 17:00:00,41,779,4,0
7111,Hanoi Center,Electric Scooter,2025-04-04,2025-04-06 01:00:00,49,980,3,0
7112,Hanoi Center,Car,2025-05-16,2025-05-16 06:00:00,6,78,2,0
7113,Hanoi Center,Electric Scooter,2025-08-06,2025-08-08 23:00:00,71,781,3,1
7114,Hanoi Center,Bike,2025-09-05,2025-09-05 13:00:00,13,130,3,0
7115,HCM District 1,Car,2025-01-01,2025-01-03 05:00:00,53,848,5,0
7116,Da Nang City,Electric Scooter,2025-01-17,2025-01-18 08:00:00,32,256,2,1
7117,Hanoi Center,Car,2025-02-25,2025-02-27 09:00:00,57,342,3,1
7118,Da Nang City,Bike,2025-10-08,2025-10-09 18:00:00,42,714,1,0
7119,Da Nang City,Car,2025-09-15,2025-09-15 18:00:00,18,162,4,0
7120,HCM District 1,Bike,2025-04-30,2025-05-01 19:00:00,43,817,4,0
7121,Da Nang City,Electric Scooter,2025-05-22,2025-05-22 02:00:00,2,32,3,1
7122,Da Nang City,Electric Scooter,2025-05-31,2025-06-01 12:00:00,36,468,3,1
7123,Da Nang City,Electric Scooter,2025-02-28,2025-02-28 06:00:00,6,90,5,1
7124,Hanoi Center,Car,2025-06-26,2025-06-28 10:00:00,58,870,3,0
7125,HCM District 1,Electric Scooter,2025-07-10,2025-07-12 11:00:00,59,944,4,1
7126,Hanoi Center,Bike,2025-07-30,2025-08-01 19:00:00,67,1072,4,0
7127,Da Nang City,Bike,2025-05-10,2025-05-11 22:00:00,46,920,1,1
7128,HCM District 1,Bike,2025-05-24,2025-05-25 04:00:00,28,280,1,1
7129,Hanoi Center,Car,2025-04-03,2025-04-05 05:00:00,53,795,1,1
7130,Da Nang City,Car,2025-10-20,2025-10-22 07:00:00,55,495,1,0
7131,HCM District 1,Bike,2025-04-24,2025-04-25 09:00:00,33,627,5,1
7132,HCM District 1,Car,2025-03-25,2025-03-26 13:00:00,37,185,5,1
7133,Hanoi Center,Bike,2025-01-25,2025-01-26 02:00:00,26,468,5,0
7134,Da Nang City,Electric Scooter,2025-01-27,2025-01-28 14:00:00,38,494,2,0
7135,Da Nang City,Electric Scooter,2025-02-07,2025-02-07 09:00:00,9,153,4,0
7136,Da Nang City,Bike,2025-03-26,2025-03-27 21:00:00,45,270,3,0
7137,Da Nang City,Car,2025-09-08,2025-09-10 18:00:00,66,924,4,0
7138,HCM District 1,Car,2025-04-30,2025-05-02 02:00:00,50,300,2,0
7139,HCM District 1,Bike,2025-08-19,2025-08-19 21:00:00,21,315,2,1
7140,HCM District 1,Bike,2025-05-19,2025-05-20 19:00:00,43,817,1,1
7141,HCM District 1,Car,2025-07-17,2025-07-18 02:00:00,26,182,2,1
7142,Hanoi Center,Bike,2025-06-04,2025-06-05 09:00:00,33,528,5,0
7143,Hanoi Center,Car,2025-01-11,2025-01-13 06:00:00,54,756,5,1
7144,Hanoi Center,Bike,2025-08-12,2025-08-12 21:00:00,21,294,4,1
7145,HCM District 1,Electric Scooter,2025-02-12,2025-02-12 09:00:00,9,72,2,1
7146,Hanoi Center,Electric Scooter,2025-08-23,2025-08-24 20:00:00,44,748,3,1
7147,Da Nang City,Bike,2025-02-21,2025-02-23 06:00:00,54,918,4,0
7148,Hanoi Center,Electric Scooter,2025-06-19,2025-06-20 00:00:00,24,480,5,1
7149,Hanoi Center,Car,2025-10-10,2025-10-10 14:00:00,14,154,5,0
7150,Hanoi Center,Electric Scooter,2025-07-25,2025-07-27 19:00:00,67,1005,5,0
7151,Hanoi Center,Electric Scooter,2025-10-23,2025-10-24 10:00:00,34,476,5,1
7152,Da Nang City,Bike,2025-03-09,2025-03-09 07:00:00,7,77,4,0
7153,HCM District 1,Car,2025-07-08,2025-07-10 18:00:00,66,330,2,1
7154,Da Nang City,Bike,2025-06-22,2025-06-24 22:00:00,70,350,3,1
7155,HCM District 1,Bike,2025-03-27,2025-03-27 03:00:00,3,15,3,1
7156,Hanoi Center,Electric Scooter,2025-03-20,2025-03-21 08:00:00,32,352,1,0
7157,Hanoi Center,Electric Scooter,2025-01-13,2025-01-13 13:00:00,13,182,4,1
7158,Hanoi Center,Car,2025-09-25,2025-09-26 08:00:00,32,416,5,0
7159,Da Nang City,Electric Scooter,2025-04-20,2025-04-21 13:00:00,37,259,3,0
7160,HCM District 1,Car,2025-03-14,2025-03-14 02:00:00,2,14,5,1
7161,HCM District 1,Bike,2025-05-16,2025-05-18 00:00:00,48,768,4,1
7162,Da Nang City,Bike,2025-06-28,2025-06-30 23:00:00,71,1420,4,1
7163,Hanoi Center,Electric Scooter,2025-10-04,2025-10-07 00:00:00,72,504,3,0
7164,HCM District 1,Car,2025-05-26,2025-05-28 15:00:00,63,630,3,0
7165,HCM District 1,Bike,2025-09-04,2025-09-05 20:00:00,44,792,5,0
7166,Da Nang City,Electric Scooter,2025-07-16,2025-07-18 18:00:00,66,396,1,0
7167,Da Nang City,Bike,2025-07-11,2025-07-11 04:00:00,4,60,2,0
7168,Hanoi Center,Bike,2025-10-28,2025-10-29 08:00:00,32,448,2,0
7169,Da Nang City,Bike,2025-07-29,2025-07-30 18:00:00,42,378,5,1
7170,Da Nang City,Bike,2025-04-12,2025-04-14 17:00:00,65,975,3,1
7171,HCM District 1,Bike,2025-02-25,2025-02-27 09:00:00,57,741,5,1
7172,Da Nang City,Bike,2025-02-21,2025-02-21 03:00:00,3,54,2,1
7173,Hanoi Center,Bike,2025-02-08,2025-02-10 22:00:00,70,630,1,1
7174,Hanoi Center,Bike,2025-01-12,2025-01-12 01:00:00,1,13,5,0
7175,Hanoi Center,Car,2025-09-25,2025-09-26 17:00:00,41,328,5,1
7176,Hanoi Center,Car,2025-03-11,2025-03-12 04:00:00,28,392,5,1
7177,HCM District 1,Bike,2025-07-04,2025-07-05 04:00:00,28,224,2,1
7178,Da Nang City,Car,2025-01-03,2025-01-03 08:00:00,8,112,4,0
7179,Hanoi Center,Car,2025-02-14,2025-02-16 17:00:00,65,715,3,1
7180,Hanoi Center,Car,2025-08-20,2025-08-20 14:00:00,14,266,1,1
7181,Hanoi Center,Electric Scooter,2025-10-01,2025-10-03 06:00:00,54,972,2,0
7182,HCM District 1,Electric Scooter,2025-03-04,2025-03-04 05:00:00,5,30,4,1
7183,Da Nang City,Electric Scooter,2025-07-30,2025-07-30 17:00:00,17,85,3,1
7184,Hanoi Center,Bike,2025-10-17,2025-10-17 19:00:00,19,228,4,1
7185,Hanoi Center,Bike,2025-01-08,2025-01-08 11:00:00,11,121,3,1
7186,Da Nang City,Bike,2025-05-30,2025-05-30 23:00:00,23,299,3,1
7187,Da Nang City,Bike,2025-06-22,2025-06-24 16:00:00,64,1216,3,1
7188,Hanoi Center,Electric Scooter,2025-10-10,2025-10-10 09:00:00,9,108,5,0
7189,Da Nang City,Car,2025-08-02,2025-08-02 15:00:00,15,195,1,1
7190,Hanoi Center,Electric Scooter,2025-03-05,2025-03-06 22:00:00,46,460,1,1
7191,HCM District 1,Electric Scooter,2025-03-19,2025-03-19 22:00:00,22,264,3,0
7192,HCM District 1,Bike,2025-01-03,2025-01-04 14:00:00,38,380,2,1
7193,Hanoi Center,Bike,2025-07-18,2025-07-19 09:00:00,33,231,5,0
7194,Hanoi Center,Electric Scooter,2025-01-12,2025-01-14 10:00:00,58,870,1,1
7195,Da Nang City,Car,2025-02-27,2025-02-27 02:00:00,2,40,5,1
7196,Da Nang City,Car,2025-07-05,2025-07-06 18:00:00,42,210,4,1
7197,Hanoi Center,Car,2025-05-06,2025-05-08 23:00:00,71,710,3,1
7198,HCM District 1,Bike,2025-07-17,2025-07-18 18:00:00,42,210,3,0
7199,Da Nang City,Car,2025-08-10,2025-08-10 23:00:00,23,207,1,1
7200,HCM District 1,Electric Scooter,2025-10-02,2025-10-02 15:00:00,15,135,5,1
7201,Hanoi Center,Bike,2025-06-20,2025-06-22 02:00:00,50,550,2,1
7202,Hanoi Center,Car,2025-08-14,2025-08-15 13:00:00,37,740,5,1
7203,HCM District 1,Electric Scooter,2025-04-10,2025-04-10 02:00:00,2,10,2,0
7204,Hanoi Center,Bike,2025-02-24,2025-02-24 03:00:00,3,48,1,1
7205,Hanoi Center,Car,2025-03-18,2025-03-19 06:00:00,30,480,2,1
7206,HCM District 1,Electric Scooter,2025-03-16,2025-03-16 17:00:00,17,85,4,0
7207,HCM District 1,Electric Scooter,2025-04-18,2025-04-21 00:00:00,72,360,4,0
7208,Da Nang City,Car,2025-10-02,2025-10-02 02:00:00,2,22,5,1
7209,Hanoi Center,Electric Scooter,2025-09-17,2025-09-19 14:00:00,62,1054,5,0
7210,Hanoi Center,Car,2025-08-23,2025-08-24 02:00:00,26,260,1,0
7211,HCM District 1,Car,2025-10-10,2025-10-10 20:00:00,20,280,4,0
7212,Hanoi Center,Electric Scooter,2025-04-25,2025-04-26 05:00:00,29,290,3,0
7213,Da Nang City,Electric Scooter,2025-07-31,2025-08-01 16:00:00,40,640,4,1
7214,Hanoi Center,Bike,2025-03-24,2025-03-25 04:00:00,28,140,4,1
7215,Da Nang City,Electric Scooter,2025-04-08,2025-04-09 07:00:00,31,558,5,0
7216,HCM District 1,Bike,2025-06-07,2025-06-09 17:00:00,65,715,1,0
7217,HCM District 1,Car,2025-07-24,2025-07-26 03:00:00,51,1020,3,0
7218,HCM District 1,Electric Scooter,2025-09-02,2025-09-03 03:00:00,27,243,2,1
7219,HCM District 1,Electric Scooter,2025-07-14,2025-07-15 03:00:00,27,459,4,0
7220,HCM District 1,Bike,2025-01-09,2025-01-09 15:00:00,15,165,3,1
7221,HCM District 1,Bike,2025-08-18,2025-08-19 20:00:00,44,440,3,1
7222,HCM District 1,Bike,2025-08-02,2025-08-02 21:00:00,21,105,5,1
7223,Hanoi Center,Bike,2025-06-29,2025-06-29 22:00:00,22,418,5,1
7224,HCM District 1,Car,2025-08-24,2025-08-26 19:00:00,67,536,3,0
7225,HCM District 1,Electric Scooter,2025-01-22,2025-01-22 17:00:00,17,340,5,0
7226,Hanoi Center,Bike,2025-10-07,2025-10-10 00:00:00,72,1296,5,1
7227,Hanoi Center,Car,2025-10-04,2025-10-06 11:00:00,59,413,4,1
7228,HCM District 1,Bike,2025-07-01,2025-07-01 20:00:00,20,380,3,0
7229,Da Nang City,Electric Scooter,2025-01-15,2025-01-16 05:00:00,29,290,4,1
7230,Hanoi Center,Electric Scooter,2025-06-29,2025-06-29 07:00:00,7,84,5,1
7231,Da Nang City,Bike,2025-02-06,2025-02-07 07:00:00,31,589,5,0
7232,Hanoi Center,Car,2025-01-18,2025-01-19 07:00:00,31,186,3,1
7233,Hanoi Center,Electric Scooter,2025-08-22,2025-08-24 10:00:00,58,1044,3,0
7234,HCM District 1,Bike,2025-01-26,2025-01-26 07:00:00,7,49,1,1
7235,Hanoi Center,Electric Scooter,2025-10-10,2025-10-10 01:00:00,1,8,3,1
7236,HCM District 1,Bike,2025-10-07,2025-10-08 18:00:00,42,504,2,1
7237,HCM District 1,Car,2025-05-07,2025-05-08 22:00:00,46,506,2,0
7238,Hanoi Center,Car,2025-06-18,2025-06-19 18:00:00,42,546,2,1
7239,Da Nang City,Electric Scooter,2025-09-17,2025-09-19 23:00:00,71,1278,1,0
7240,HCM District 1,Bike,2025-06-16,2025-06-17 18:00:00,42,462,5,1
7241,HCM District 1,Electric Scooter,2025-09-21,2025-09-22 16:00:00,40,560,5,1
7242,Hanoi Center,Electric Scooter,2025-07-13,2025-07-13 17:00:00,17,187,2,1
7243,HCM District 1,Bike,2025-04-22,2025-04-22 17:00:00,17,255,2,0
7244,Hanoi Center,Car,2025-07-17,2025-07-17 03:00:00,3,33,1,0
7245,Da Nang City,Car,2025-09-20,2025-09-20 10:00:00,10,110,1,0
7246,Da Nang City,Car,2025-10-08,2025-10-10 21:00:00,69,759,5,0
7247,Da Nang City,Car,2025-03-26,2025-03-27 05:00:00,29,174,2,1
7248,Hanoi Center,Bike,2025-04-05,2025-04-07 05:00:00,53,848,5,0
7249,Da Nang City,Car,2025-09-11,2025-09-13 12:00:00,60,1080,4,1
7250,HCM District 1,Electric Scooter,2025-08-27,2025-08-28 18:00:00,42,378,1,0
7251,Da Nang City,Bike,2025-10-26,2025-10-27 15:00:00,39,741,5,0
7252,Hanoi Center,Bike,2025-06-18,2025-06-19 08:00:00,32,608,4,0
7253,Hanoi Center,Electric Scooter,2025-06-29,2025-06-30 04:00:00,28,392,3,0
7254,Hanoi Center,Car,2025-05-20,2025-05-20 10:00:00,10,140,1,1
7255,Hanoi Center,Bike,2025-09-21,2025-09-23 20:00:00,68,1360,5,1
7256,Hanoi Center,Bike,2025-08-24,2025-08-24 14:00:00,14,154,2,0
7257,Da Nang City,Bike,2025-05-27,2025-05-29 16:00:00,64,1088,5,1
7258,HCM District 1,Bike,2025-08-12,2025-08-12 18:00:00,18,216,5,0
7259,Da Nang City,Car,2025-10-17,2025-10-18 09:00:00,33,231,1,0
7260,HCM District 1,Bike,2025-08-31,2025-09-02 20:00:00,68,612,2,0
7261,Da Nang City,Bike,2025-03-13,2025-03-13 04:00:00,4,24,5,0
7262,HCM District 1,Car,2025-02-26,2025-02-28 00:00:00,48,672,5,1
7263,HCM District 1,Bike,2025-01-29,2025-01-29 02:00:00,2,14,4,0
7264,HCM District 1,Bike,2025-05-17,2025-05-18 09:00:00,33,330,5,0
7265,Hanoi Center,Car,2025-10-23,2025-10-23 18:00:00,18,288,5,0
7266,Hanoi Center,Car,2025-03-11,2025-03-13 00:00:00,48,336,4,1
7267,Hanoi Center,Car,2025-05-18,2025-05-19 00:00:00,24,120,1,1
7268,HCM District 1,Bike,2025-02-10,2025-02-11 06:00:00,30,570,3,1
7269,Da Nang City,Bike,2025-01-05,2025-01-07 05:00:00,53,424,1,1
7270,Da Nang City,Car,2025-07-08,2025-07-10 20:00:00,68,612,2,1
7271,Hanoi Center,Car,2025-10-17,2025-10-18 00:00:00,24,168,2,0
7272,Da Nang City,Electric Scooter,2025-01-12,2025-01-14 23:00:00,71,852,5,0
7273,Da Nang City,Electric Scooter,2025-07-18,2025-07-18 01:00:00,1,20,4,1
7274,HCM District 1,Electric Scooter,2025-06-25,2025-06-25 20:00:00,20,300,2,0
7275,HCM District 1,Electric Scooter,2025-01-11,2025-01-11 13:00:00,13,104,3,0
7276,HCM District 1,Car,2025-06-10,2025-06-10 19:00:00,19,190,2,1
7277,Hanoi Center,Car,2025-04-27,2025-04-27 21:00:00,21,105,2,1
7278,Hanoi Center,Electric Scooter,2025-06-07,2025-06-08 16:00:00,40,640,1,0
7279,Hanoi Center,Car,2025-07-27,2025-07-27 06:00:00,6,102,1,1
7280,HCM District 1,Car,2025-05-08,2025-05-09 02:00:00,26,390,3,0
7281,Hanoi Center,Electric Scooter,2025-03-08,2025-03-08 16:00:00,16,192,3,0
7282,Da Nang City,Electric Scooter,2025-05-31,2025-05-31 21:00:00,21,357,1,1
7283,Hanoi Center,Electric Scooter,2025-03-17,2025-03-18 10:00:00,34,272,5,0
7284,HCM District 1,Bike,2025-04-14,2025-04-14 15:00:00,15,90,2,0
7285,HCM District 1,Bike,2025-02-23,2025-02-23 01:00:00,1,20,3,0
7286,Da Nang City,Electric Scooter,2025-02-25,2025-02-26 12:00:00,36,288,5,0
7287,Hanoi Center,Bike,2025-03-13,2025-03-13 14:00:00,14,140,5,1
7288,Da Nang City,Car,2025-05-20,2025-05-22 18:00:00,66,1056,1,0
7289,Da Nang City,Bike,2025-03-29,2025-03-30 09:00:00,33,561,2,1
7290,Hanoi Center,Car,2025-02-04,2025-02-05 00:00:00,24,144,3,1
7291,Da Nang City,Electric Scooter,2025-02-22,2025-02-23 18:00:00,42,672,3,1
7292,HCM District 1,Car,2025-04-04,2025-04-06 09:00:00,57,456,5,0
7293,Da Nang City,Electric Scooter,2025-06-16,2025-06-17 18:00:00,42,756,5,0
7294,HCM District 1,Car,2025-01-24,2025-01-25 12:00:00,36,216,3,0
7295,Da Nang City,Electric Scooter,2025-03-11,2025-03-12 05:00:00,29,174,2,1
7296,HCM District 1,Bike,2025-02-07,2025-02-09 00:00:00,48,864,5,0
7297,HCM District 1,Bike,2025-07-24,2025-07-26 06:00:00,54,702,4,0
7298,HCM District 1,Car,2025-07-19,2025-07-19 18:00:00,18,108,5,1
7299,Da Nang City,Car,2025-07-16,2025-07-17 00:00:00,24,144,2,1
7300,Da Nang City,Bike,2025-07-02,2025-07-02 14:00:00,14,210,3,0
7301,Hanoi Center,Bike,2025-02-23,2025-02-24 08:00:00,32,160,4,0
7302,HCM District 1,Electric Scooter,2025-09-12,2025-09-13 08:00:00,32,416,2,1
7303,Hanoi Center,Electric Scooter,2025-07-15,2025-07-15 20:00:00,20,260,4,1
7304,HCM District 1,Electric Scooter,2025-02-20,2025-02-20 18:00:00,18,360,2,0
7305,Hanoi Center,Car,2025-04-03,2025-04-03 19:00:00,19,114,4,0
7306,Da Nang City,Car,2025-08-17,2025-08-18 16:00:00,40,280,5,0
7307,Hanoi Center,Bike,2025-05-27,2025-05-28 18:00:00,42,546,3,0
7308,Hanoi Center,Electric Scooter,2025-02-13,2025-02-15 14:00:00,62,1178,2,0
7309,Da Nang City,Electric Scooter,2025-09-11,2025-09-11 21:00:00,21,399,2,1
7310,Da Nang City,Bike,2025-03-14,2025-03-16 10:00:00,58,986,1,0
7311,HCM District 1,Electric Scooter,2025-01-20,2025-01-22 19:00:00,67,469,5,0
7312,Hanoi Center,Electric Scooter,2025-10-19,2025-10-19 17:00:00,17,289,1,0
7313,Da Nang City,Car,2025-08-21,2025-08-23 22:00:00,70,700,1,0
7314,Hanoi Center,Electric Scooter,2025-03-18,2025-03-20 20:00:00,68,408,1,0
7315,HCM District 1,Electric Scooter,2025-10-28,2025-10-29 17:00:00,41,656,1,1
7316,Da Nang City,Electric Scooter,2025-04-14,2025-04-16 12:00:00,60,720,4,1
7317,Hanoi Center,Electric Scooter,2025-07-12,2025-07-13 15:00:00,39,468,3,0
7318,HCM District 1,Bike,2025-05-10,2025-05-12 03:00:00,51,561,5,0
7319,Hanoi Center,Electric Scooter,2025-03-05,2025-03-05 13:00:00,13,234,3,0
7320,Hanoi Center,Electric Scooter,2025-05-16,2025-05-16 20:00:00,20,320,1,0
7321,HCM District 1,Electric Scooter,2025-10-03,2025-10-03 01:00:00,1,19,4,1
7322,Hanoi Center,Car,2025-07-24,2025-07-26 11:00:00,59,826,4,0
7323,Da Nang City,Electric Scooter,2025-06-16,2025-06-18 18:00:00,66,990,3,0
7324,HCM District 1,Electric Scooter,2025-05-01,2025-05-03 17:00:00,65,390,2,1
7325,Da Nang City,Car,2025-06-01,2025-06-03 05:00:00,53,371,2,1
7326,Da Nang City,Car,2025-04-21,2025-04-21 04:00:00,4,80,2,1
7327,Hanoi Center,Bike,2025-07-04,2025-07-04 08:00:00,8,56,1,0
7328,Hanoi Center,Bike,2025-06-09,2025-06-11 08:00:00,56,1008,1,0
7329,Hanoi Center,Electric Scooter,2025-07-16,2025-07-17 18:00:00,42,252,1,1
7330,HCM District 1,Electric Scooter,2025-05-19,2025-05-20 18:00:00,42,630,2,1
7331,Hanoi Center,Electric Scooter,2025-06-09,2025-06-10 01:00:00,25,425,1,0
7332,Da Nang City,Car,2025-10-07,2025-10-07 02:00:00,2,26,3,0
7333,Hanoi Center,Car,2025-02-07,2025-02-09 03:00:00,51,918,3,1
7334,Hanoi Center,Electric Scooter,2025-07-05,2025-07-07 06:00:00,54,756,5,1
7335,HCM District 1,Car,2025-02-18,2025-02-18 05:00:00,5,85,1,1
7336,HCM District 1,Electric Scooter,2025-08-26,2025-08-27 02:00:00,26,494,3,1
7337,HCM District 1,Electric Scooter,2025-02-08,2025-02-08 08:00:00,8,80,1,0
7338,HCM District 1,Car,2025-04-25,2025-04-26 08:00:00,32,512,3,1
7339,HCM District 1,Bike,2025-01-04,2025-01-06 14:00:00,62,682,4,1
7340,Hanoi Center,Car,2025-07-21,2025-07-23 07:00:00,55,440,1,1
7341,Da Nang City,Electric Scooter,2025-10-25,2025-10-25 18:00:00,18,90,2,0
7342,Da Nang City,Electric Scooter,2025-06-12,2025-06-13 13:00:00,37,666,3,0
7343,HCM District 1,Electric Scooter,2025-09-17,2025-09-17 07:00:00,7,49,5,0
7344,Hanoi Center,Bike,2025-02-06,2025-02-06 11:00:00,11,154,4,1
7345,Da Nang City,Electric Scooter,2025-03-17,2025-03-17 15:00:00,15,300,1,1
7346,Hanoi Center,Bike,2025-10-19,2025-10-21 15:00:00,63,1008,2,0
7347,Hanoi Center,Bike,2025-07-05,2025-07-07 06:00:00,54,594,4,1
7348,Da Nang City,Electric Scooter,2025-06-27,2025-06-27 18:00:00,18,252,3,0
7349,HCM District 1,Electric Scooter,2025-02-20,2025-02-21 20:00:00,44,440,3,0
7350,Da Nang City,Electric Scooter,2025-05-12,2025-05-12 07:00:00,7,49,4,0
7351,Da Nang City,Electric Scooter,2025-09-15,2025-09-17 04:00:00,52,624,5,0
7352,Da Nang City,Bike,2025-07-02,2025-07-02 18:00:00,18,306,1,0
7353,HCM District 1,Bike,2025-04-06,2025-04-07 21:00:00,45,315,5,0
7354,HCM District 1,Electric Scooter,2025-10-28,2025-10-29 00:00:00,24,144,2,0
7355,HCM District 1,Bike,2025-07-26,2025-07-26 20:00:00,20,380,5,0
7356,Hanoi Center,Car,2025-08-01,2025-08-03 20:00:00,68,1360,5,0
7357,HCM District 1,Electric Scooter,2025-03-11,2025-03-13 11:00:00,59,354,5,0
7358,HCM District 1,Bike,2025-09-18,2025-09-20 13:00:00,61,610,2,1
7359,Hanoi Center,Electric Scooter,2025-07-25,2025-07-25 01:00:00,1,19,4,0
7360,HCM District 1,Bike,2025-05-13,2025-05-15 22:00:00,70,840,5,0
7361,HCM District 1,Bike,2025-02-19,2025-02-21 13:00:00,61,854,2,1
7362,Da Nang City,Electric Scooter,2025-07-01,2025-07-01 01:00:00,1,6,2,0
7363,HCM District 1,Electric Scooter,2025-01-20,2025-01-20 10:00:00,10,160,5,0
7364,Hanoi Center,Car,2025-08-09,2025-08-09 11:00:00,11,187,5,1
7365,HCM District 1,Bike,2025-01-26,2025-01-27 13:00:00,37,703,1,1
7366,Hanoi Center,Electric Scooter,2025-01-17,2025-01-18 08:00:00,32,576,3,0
7367,HCM District 1,Bike,2025-01-24,2025-01-25 13:00:00,37,481,4,1
7368,HCM District 1,Bike,2025-08-29,2025-08-30 16:00:00,40,720,1,0
7369,Da Nang City,Bike,2025-07-09,2025-07-09 13:00:00,13,195,5,1
7370,HCM District 1,Electric Scooter,2025-01-15,2025-01-17 22:00:00,70,840,5,0
7371,HCM District 1,Car,2025-10-04,2025-10-04 10:00:00,10,140,1,1
7372,Hanoi Center,Bike,2025-09-01,2025-09-02 09:00:00,33,396,4,1
7373,HCM District 1,Bike,2025-03-09,2025-03-09 11:00:00,11,165,2,1
7374,Hanoi Center,Bike,2025-10-24,2025-10-24 14:00:00,14,112,4,0
7375,Da Nang City,Bike,2025-08-27,2025-08-28 02:00:00,26,390,3,0
7376,Da Nang City,Bike,2025-10-03,2025-10-03 18:00:00,18,108,5,0
7377,HCM District 1,Car,2025-06-29,2025-06-29 20:00:00,20,320,5,0
7378,Hanoi Center,Car,2025-05-20,2025-05-21 07:00:00,31,620,1,0
7379,Hanoi Center,Bike,2025-04-13,2025-04-13 21:00:00,21,399,1,0
7380,Da Nang City,Car,2025-08-05,2025-08-05 20:00:00,20,400,3,1
7381,HCM District 1,Car,2025-03-25,2025-03-26 13:00:00,37,592,2,0
7382,Hanoi Center,Electric Scooter,2025-06-11,2025-06-13 22:00:00,70,910,4,0
7383,Hanoi Center,Bike,2025-04-06,2025-04-08 11:00:00,59,649,2,0
7384,Da Nang City,Bike,2025-04-20,2025-04-20 15:00:00,15,270,1,0
7385,HCM District 1,Car,2025-05-03,2025-05-04 22:00:00,46,414,2,1
7386,Da Nang City,Bike,2025-07-11,2025-07-12 13:00:00,37,407,2,0
7387,Hanoi Center,Car,2025-07-20,2025-07-21 02:00:00,26,364,4,1
7388,Da Nang City,Electric Scooter,2025-06-25,2025-06-25 17:00:00,17,272,1,1
7389,Hanoi Center,Car,2025-09-27,2025-09-29 02:00:00,50,400,1,1
7390,HCM District 1,Bike,2025-01-15,2025-01-17 14:00:00,62,1116,1,0
7391,Hanoi Center,Bike,2025-01-05,2025-01-07 15:00:00,63,882,5,1
7392,HCM District 1,Bike,2025-03-14,2025-03-17 00:00:00,72,648,4,0
7393,Hanoi Center,Bike,2025-02-02,2025-02-03 06:00:00,30,420,1,0
7394,Da Nang City,Electric Scooter,2025-06-26,2025-06-26 23:00:00,23,437,4,1
7395,Hanoi Center,Car,2025-07-27,2025-07-28 18:00:00,42,798,4,1
7396,Hanoi Center,Car,2025-02-07,2025-02-09 23:00:00,71,497,1,1
7397,Da Nang City,Bike,2025-01-19,2025-01-21 23:00:00,71,497,2,0
7398,Hanoi Center,Electric Scooter,2025-05-02,2025-05-03 23:00:00,47,235,3,0
7399,Hanoi Center,Electric Scooter,2025-05-12,2025-05-13 00:00:00,24,360,5,1
7400,Hanoi Center,Bike,2025-05-11,2025-05-12 17:00:00,41,697,3,1
7401,HCM District 1,Bike,2025-07-14,2025-07-15 15:00:00,39,390,1,1
7402,Hanoi Center,Electric Scooter,2025-05-11,2025-05-12 12:00:00,36,648,3,0
7403,Hanoi Center,Car,2025-05-16,2025-05-16 13:00:00,13,247,4,0
7404,Hanoi Center,Car,2025-10-19,2025-10-19 07:00:00,7,56,1,1
7405,Hanoi Center,Electric Scooter,2025-03-27,2025-03-27 07:00:00,7,84,3,0
7406,Hanoi Center,Bike,2025-07-16,2025-07-17 18:00:00,42,798,4,1
7407,HCM District 1,Bike,2025-05-23,2025-05-23 08:00:00,8,144,5,0
7408,Da Nang City,Car,2025-08-05,2025-08-07 12:00:00,60,900,2,0
7409,Da Nang City,Car,2025-10-10,2025-10-12 01:00:00,49,441,2,1
7410,Hanoi Center,Car,2025-01-08,2025-01-10 08:00:00,56,1120,2,1
7411,Da Nang City,Car,2025-10-18,2025-10-20 04:00:00,52,988,1,1
7412,Hanoi Center,Bike,2025-10-18,2025-10-18 18:00:00,18,270,5,1
7413,Hanoi Center,Car,2025-03-26,2025-03-26 02:00:00,2,16,2,1
7414,Da Nang City,Electric Scooter,2025-06-06,2025-06-07 01:00:00,25,125,3,1
7415,HCM District 1,Car,2025-02-12,2025-02-12 13:00:00,13,169,5,1
7416,Da Nang City,Electric Scooter,2025-08-14,2025-08-16 01:00:00,49,882,2,1
7417,Hanoi Center,Car,2025-01-30,2025-02-01 05:00:00,53,477,5,0
7418,Hanoi Center,Electric Scooter,2025-08-03,2025-08-05 06:00:00,54,432,3,0
7419,HCM District 1,Bike,2025-04-13,2025-04-14 20:00:00,44,352,5,1
7420,Hanoi Center,Car,2025-07-19,2025-07-19 02:00:00,2,34,5,1
7421,Da Nang City,Electric Scooter,2025-04-06,2025-04-08 23:00:00,71,1065,1,0
7422,Da Nang City,Car,2025-09-29,2025-09-30 12:00:00,36,288,3,0
7423,Da Nang City,Car,2025-02-15,2025-02-16 19:00:00,43,602,1,1
7424,Da Nang City,Bike,2025-03-21,2025-03-22 23:00:00,47,376,4,0
7425,Da Nang City,Car,2025-02-13,2025-02-13 02:00:00,2,10,4,0
7426,HCM District 1,Bike,2025-10-13,2025-10-13 21:00:00,21,378,5,0
7427,Hanoi Center,Car,2025-04-12,2025-04-13 10:00:00,34,272,4,1
7428,HCM District 1,Bike,2025-08-08,2025-08-09 04:00:00,28,532,5,1
7429,HCM District 1,Bike,2025-07-25,2025-07-26 04:00:00,28,476,5,1
7430,Da Nang City,Electric Scooter,2025-01-22,2025-01-22 05:00:00,5,85,3,0
7431,Hanoi Center,Car,2025-03-13,2025-03-13 09:00:00,9,135,5,0
7432,Hanoi Center,Car,2025-05-11,2025-05-14 00:00:00,72,720,5,1
7433,Hanoi Center,Car,2025-01-14,2025-01-14 14:00:00,14,196,5,1
7434,HCM District 1,Bike,2025-04-27,2025-04-28 21:00:00,45,360,5,1
7435,Hanoi Center,Electric Scooter,2025-09-26,2025-09-27 16:00:00,40,440,3,1
7436,Da Nang City,Car,2025-07-29,2025-07-30 14:00:00,38,380,2,1
7437,HCM District 1,Electric Scooter,2025-05-09,2025-05-09 05:00:00,5,45,3,1
7438,HCM District 1,Bike,2025-06-03,2025-06-04 15:00:00,39,273,4,0
7439,HCM District 1,Bike,2025-06-11,2025-06-12 03:00:00,27,243,2,0
7440,HCM District 1,Electric Scooter,2025-07-21,2025-07-21 05:00:00,5,40,4,1
7441,Hanoi Center,Electric Scooter,2025-10-03,2025-10-03 19:00:00,19,133,2,1
7442,Da Nang City,Electric Scooter,2025-06-27,2025-06-27 07:00:00,7,35,5,1
7443,HCM District 1,Bike,2025-03-23,2025-03-26 00:00:00,72,936,1,1
7444,Hanoi Center,Bike,2025-04-27,2025-04-27 13:00:00,13,143,1,1
7445,Hanoi Center,Electric Scooter,2025-01-06,2025-01-08 15:00:00,63,1197,3,1
7446,Da Nang City,Car,2025-09-04,2025-09-05 21:00:00,45,765,3,1
7447,HCM District 1,Bike,2025-03-07,2025-03-09 11:00:00,59,1121,4,1
7448,HCM District 1,Electric Scooter,2025-06-28,2025-06-30 05:00:00,53,1060,2,1
7449,HCM District 1,Car,2025-08-20,2025-08-21 19:00:00,43,430,1,1
7450,HCM District 1,Electric Scooter,2025-04-19,2025-04-19 01:00:00,1,17,1,0
7451,Hanoi Center,Electric Scooter,2025-03-15,2025-03-15 16:00:00,16,320,3,0
7452,HCM District 1,Electric Scooter,2025-03-08,2025-03-09 00:00:00,24,480,1,0
7453,Da Nang City,Bike,2025-09-02,2025-09-03 11:00:00,35,490,3,1
7454,HCM District 1,Electric Scooter,2025-10-06,2025-10-06 03:00:00,3,54,3,0
7455,Hanoi Center,Electric Scooter,2025-09-25,2025-09-26 16:00:00,40,800,1,0
7456,HCM District 1,Bike,2025-06-16,2025-06-17 17:00:00,41,451,2,0
7457,Hanoi Center,Car,2025-01-04,2025-01-05 22:00:00,46,322,1,0
7458,Da Nang City,Car,2025-06-28,2025-06-28 23:00:00,23,230,4,0
7459,Hanoi Center,Bike,2025-05-19,2025-05-19 14:00:00,14,70,1,1
7460,Da Nang City,Electric Scooter,2025-09-16,2025-09-16 04:00:00,4,20,2,1
7461,HCM District 1,Bike,2025-10-01,2025-10-03 14:00:00,62,1240,5,1
7462,Hanoi Center,Car,2025-06-06,2025-06-08 00:00:00,48,768,4,1
7463,HCM District 1,Bike,2025-05-16,2025-05-16 17:00:00,17,85,1,0
7464,Da Nang City,Bike,2025-09-29,2025-09-29 13:00:00,13,143,2,1
7465,Hanoi Center,Car,2025-02-25,2025-02-27 03:00:00,51,918,4,0
7466,HCM District 1,Bike,2025-01-19,2025-01-21 16:00:00,64,320,2,1
7467,HCM District 1,Bike,2025-10-05,2025-10-06 05:00:00,29,435,3,1
7468,Da Nang City,Bike,2025-10-26,2025-10-27 00:00:00,24,456,1,0
7469,Da Nang City,Electric Scooter,2025-04-27,2025-04-28 01:00:00,25,325,1,1
7470,Da Nang City,Electric Scooter,2025-10-17,2025-10-18 06:00:00,30,540,4,1
7471,Da Nang City,Bike,2025-06-16,2025-06-18 16:00:00,64,1024,1,0
7472,Da Nang City,Electric Scooter,2025-03-04,2025-03-05 05:00:00,29,319,3,1
7473,HCM District 1,Electric Scooter,2025-06-14,2025-06-14 07:00:00,7,140,2,0
7474,HCM District 1,Electric Scooter,2025-01-18,2025-01-18 12:00:00,12,156,2,1
7475,Da Nang City,Electric Scooter,2025-07-30,2025-07-31 18:00:00,42,588,2,1
7476,Da Nang City,Bike,2025-06-20,2025-06-22 00:00:00,48,960,4,1
7477,Hanoi Center,Car,2025-10-16,2025-10-16 22:00:00,22,352,2,0
7478,Hanoi Center,Bike,2025-02-08,2025-02-10 18:00:00,66,528,4,1
7479,HCM District 1,Bike,2025-01-25,2025-01-25 22:00:00,22,264,2,0
7480,HCM District 1,Electric Scooter,2025-09-27,2025-09-29 23:00:00,71,1278,5,0
7481,Hanoi Center,Bike,2025-01-08,2025-01-08 04:00:00,4,64,2,1
7482,HCM District 1,Electric Scooter,2025-10-12,2025-10-14 13:00:00,61,1037,4,1
7483,Da Nang City,Car,2025-06-14,2025-06-15 10:00:00,34,510,3,0
7484,HCM District 1,Bike,2025-06-14,2025-06-15 17:00:00,41,779,5,1
7485,Da Nang City,Bike,2025-10-24,2025-10-24 15:00:00,15,255,4,1
7486,HCM District 1,Bike,2025-04-04,2025-04-06 19:00:00,67,1072,5,1
7487,Da Nang City,Car,2025-07-31,2025-08-01 15:00:00,39,585,1,0
7488,Hanoi Center,Bike,2025-02-11,2025-02-12 04:00:00,28,448,1,1
7489,Da Nang City,Car,2025-06-14,2025-06-15 08:00:00,32,320,1,1
7490,Hanoi Center,Electric Scooter,2025-04-01,2025-04-01 19:00:00,19,171,2,0
7491,Hanoi Center,Electric Scooter,2025-08-10,2025-08-10 02:00:00,2,20,2,0
7492,Da Nang City,Electric Scooter,2025-06-06,2025-06-07 14:00:00,38,570,3,0
7493,Da Nang City,Car,2025-09-05,2025-09-05 10:00:00,10,70,2,0
7494,Da Nang City,Bike,2025-09-03,2025-09-03 04:00:00,4,20,5,1
7495,Hanoi Center,Car,2025-05-30,2025-06-01 18:00:00,66,990,4,0
7496,Hanoi Center,Car,2025-08-03,2025-08-04 05:00:00,29,232,1,0
7497,Da Nang City,Bike,2025-10-11,2025-10-11 11:00:00,11,143,1,0
7498,HCM District 1,Bike,2025-01-26,2025-01-28 13:00:00,61,793,5,1
7499,Hanoi Center,Bike,2025-09-23,2025-09-25 06:00:00,54,270,3,0
7500,Hanoi Center,Car,2025-05-08,2025-05-08 16:00:00,16,160,3,0
7501,Da Nang City,Bike,2025-07-08,2025-07-10 00:00:00,48,480,2,1
7502,Da Nang City,Bike,2025-04-04,2025-04-06 21:00:00,69,1173,5,1
7503,Hanoi Center,Car,2025-07-18,2025-07-19 07:00:00,31,186,5,0
7504,Hanoi Center,Electric Scooter,2025-09-13,2025-09-16 00:00:00,72,432,5,0
7505,HCM District 1,Bike,2025-08-21,2025-08-22 03:00:00,27,351,4,0
7506,Da Nang City,Bike,2025-09-19,2025-09-21 01:00:00,49,735,5,0
7507,Hanoi Center,Car,2025-01-21,2025-01-22 13:00:00,37,592,4,1
7508,Da Nang City,Bike,2025-03-09,2025-03-09 19:00:00,19,266,4,0
7509,HCM District 1,Bike,2025-01-25,2025-01-25 18:00:00,18,288,2,1
7510,Hanoi Center,Bike,2025-03-27,2025-03-28 14:00:00,38,190,1,1
7511,Da Nang City,Car,2025-03-31,2025-03-31 21:00:00,21,189,2,1
7512,Hanoi Center,Bike,2025-03-16,2025-03-16 16:00:00,16,128,5,1
7513,HCM District 1,Electric Scooter,2025-07-07,2025-07-09 12:00:00,60,540,4,0
7514,HCM District 1,Car,2025-08-12,2025-08-14 06:00:00,54,918,5,0
7515,Hanoi Center,Car,2025-04-06,2025-04-06 04:00:00,4,52,3,0
7516,Da Nang City,Electric Scooter,2025-02-13,2025-02-14 14:00:00,38,418,2,0
7517,Da Nang City,Electric Scooter,2025-07-07,2025-07-09 16:00:00,64,960,2,1
7518,Da Nang City,Electric Scooter,2025-10-26,2025-10-26 12:00:00,12,96,2,1
7519,Da Nang City,Electric Scooter,2025-04-24,2025-04-24 19:00:00,19,342,3,1
7520,Hanoi Center,Electric Scooter,2025-07-02,2025-07-02 06:00:00,6,54,4,1
7521,Hanoi Center,Electric Scooter,2025-06-03,2025-06-04 05:00:00,29,551,3,1
7522,Hanoi Center,Electric Scooter,2025-04-22,2025-04-23 17:00:00,41,287,3,0
7523,HCM District 1,Bike,2025-06-28,2025-06-30 02:00:00,50,450,5,1
7524,Da Nang City,Electric Scooter,2025-09-18,2025-09-20 19:00:00,67,469,3,1
7525,Da Nang City,Electric Scooter,2025-09-24,2025-09-25 14:00:00,38,190,4,0
7526,Da Nang City,Bike,2025-10-20,2025-10-21 21:00:00,45,225,3,0
7527,HCM District 1,Car,2025-04-11,2025-04-11 09:00:00,9,90,5,0
7528,HCM District 1,Car,2025-10-19,2025-10-19 18:00:00,18,198,4,0
7529,Hanoi Center,Bike,2025-07-01,2025-07-01 15:00:00,15,210,1,1
7530,HCM District 1,Electric Scooter,2025-09-06,2025-09-08 00:00:00,48,480,5,1
7531,Da Nang City,Car,2025-03-18,2025-03-20 18:00:00,66,1056,5,1
7532,Hanoi Center,Electric Scooter,2025-05-05,2025-05-07 09:00:00,57,912,5,1
7533,HCM District 1,Electric Scooter,2025-06-08,2025-06-10 02:00:00,50,800,3,1
7534,Da Nang City,Bike,2025-04-26,2025-04-28 14:00:00,62,806,2,0
7535,Da Nang City,Electric Scooter,2025-10-02,2025-10-02 20:00:00,20,360,5,1
7536,Hanoi Center,Electric Scooter,2025-02-11,2025-02-11 18:00:00,18,270,3,0
7537,HCM District 1,Electric Scooter,2025-09-21,2025-09-21 08:00:00,8,96,2,0
7538,Hanoi Center,Bike,2025-06-25,2025-06-26 06:00:00,30,300,2,1
7539,Hanoi Center,Car,2025-01-03,2025-01-03 13:00:00,13,169,3,0
7540,Da Nang City,Car,2025-02-01,2025-02-02 14:00:00,38,532,2,0
7541,Hanoi Center,Bike,2025-06-21,2025-06-23 07:00:00,55,330,3,1
7542,Hanoi Center,Car,2025-04-18,2025-04-19 07:00:00,31,527,4,0
7543,Da Nang City,Bike,2025-02-15,2025-02-16 15:00:00,39,585,5,1
7544,Hanoi Center,Bike,2025-04-22,2025-04-22 19:00:00,19,285,4,1
7545,Da Nang City,Electric Scooter,2025-04-06,2025-04-07 01:00:00,25,350,1,1
7546,Hanoi Center,Car,2025-07-27,2025-07-29 15:00:00,63,945,1,1
7547,Hanoi Center,Electric Scooter,2025-09-15,2025-09-16 23:00:00,47,752,4,0
7548,HCM District 1,Electric Scooter,2025-03-08,2025-03-08 21:00:00,21,189,4,1
7549,HCM District 1,Electric Scooter,2025-06-13,2025-06-15 01:00:00,49,882,5,0
7550,Hanoi Center,Car,2025-07-02,2025-07-02 22:00:00,22,308,5,0
7551,Hanoi Center,Electric Scooter,2025-04-16,2025-04-17 12:00:00,36,360,4,0
7552,HCM District 1,Car,2025-02-23,2025-02-24 01:00:00,25,200,1,1
7553,Da Nang City,Bike,2025-05-14,2025-05-16 20:00:00,68,952,2,0
7554,Hanoi Center,Car,2025-02-04,2025-02-04 11:00:00,11,121,1,1
7555,HCM District 1,Car,2025-02-18,2025-02-20 18:00:00,66,1056,1,1
7556,Da Nang City,Car,2025-06-28,2025-06-29 20:00:00,44,220,1,0
7557,HCM District 1,Bike,2025-03-30,2025-03-30 08:00:00,8,144,4,0
7558,Hanoi Center,Bike,2025-04-16,2025-04-16 09:00:00,9,81,2,1
7559,Hanoi Center,Car,2025-08-31,2025-09-02 00:00:00,48,720,3,1
7560,Da Nang City,Bike,2025-10-20,2025-10-22 20:00:00,68,884,2,0
7561,Hanoi Center,Electric Scooter,2025-09-24,2025-09-24 11:00:00,11,121,3,0
7562,Da Nang City,Car,2025-06-21,2025-06-21 06:00:00,6,78,3,0
7563,Da Nang City,Electric Scooter,2025-08-15,2025-08-15 16:00:00,16,192,5,1
7564,Da Nang City,Electric Scooter,2025-02-08,2025-02-10 19:00:00,67,871,2,0
7565,Da Nang City,Bike,2025-01-13,2025-01-13 12:00:00,12,204,1,1
7566,HCM District 1,Bike,2025-05-11,2025-05-11 06:00:00,6,72,2,1
7567,HCM District 1,Car,2025-09-30,2025-10-01 17:00:00,41,574,4,1
7568,Da Nang City,Car,2025-02-10,2025-02-13 00:00:00,72,864,2,1
7569,Hanoi Center,Bike,2025-02-22,2025-02-24 21:00:00,69,1104,4,0
7570,Hanoi Center,Electric Scooter,2025-07-31,2025-07-31 21:00:00,21,273,2,1
7571,HCM District 1,Car,2025-02-10,2025-02-12 00:00:00,48,912,2,0
7572,Da Nang City,Electric Scooter,2025-01-05,2025-01-07 00:00:00,48,528,5,1
7573,Da Nang City,Bike,2025-05-07,2025-05-08 22:00:00,46,828,5,0
7574,Hanoi Center,Car,2025-09-01,2025-09-02 22:00:00,46,322,3,1
7575,HCM District 1,Car,2025-03-14,2025-03-16 04:00:00,52,364,5,1
7576,HCM District 1,Bike,2025-08-04,2025-08-06 19:00:00,67,737,2,0
7577,HCM District 1,Electric Scooter,2025-06-07,2025-06-07 21:00:00,21,420,5,1
7578,HCM District 1,Electric Scooter,2025-01-10,2025-01-10 11:00:00,11,88,3,0
7579,Hanoi Center,Car,2025-10-14,2025-10-16 08:00:00,56,336,3,1
7580,Hanoi Center,Electric Scooter,2025-01-28,2025-01-29 07:00:00,31,589,5,1
7581,Hanoi Center,Car,2025-09-25,2025-09-26 00:00:00,24,456,5,1
7582,Hanoi Center,Bike,2025-07-02,2025-07-02 08:00:00,8,80,3,0
7583,Da Nang City,Electric Scooter,2025-02-27,2025-03-01 19:00:00,67,871,2,0
7584,Hanoi Center,Electric Scooter,2025-01-14,2025-01-15 22:00:00,46,736,5,1
7585,HCM District 1,Car,2025-08-13,2025-08-15 23:00:00,71,1278,5,1
7586,Hanoi Center,Car,2025-03-05,2025-03-07 21:00:00,69,1173,5,0
7587,HCM District 1,Electric Scooter,2025-09-01,2025-09-03 14:00:00,62,1178,2,1
7588,Da Nang City,Car,2025-04-08,2025-04-08 04:00:00,4,48,2,1
7589,HCM District 1,Electric Scooter,2025-09-21,2025-09-23 02:00:00,50,900,3,0
7590,Hanoi Center,Car,2025-05-21,2025-05-21 06:00:00,6,90,2,1
7591,HCM District 1,Bike,2025-03-22,2025-03-23 03:00:00,27,324,2,0
7592,Da Nang City,Bike,2025-09-04,2025-09-05 12:00:00,36,576,1,1
7593,Da Nang City,Bike,2025-02-21,2025-02-21 06:00:00,6,96,5,0
7594,Hanoi Center,Car,2025-02-15,2025-02-17 19:00:00,67,335,5,1
7595,HCM District 1,Car,2025-05-12,2025-05-12 13:00:00,13,169,5,0
7596,HCM District 1,Bike,2025-02-21,2025-02-22 22:00:00,46,736,4,1
7597,Da Nang City,Car,2025-06-13,2025-06-13 12:00:00,12,228,5,1
7598,HCM District 1,Bike,2025-05-24,2025-05-26 06:00:00,54,378,4,1
7599,Hanoi Center,Bike,2025-01-03,2025-01-05 08:00:00,56,728,2,1
7600,Da Nang City,Bike,2025-04-08,2025-04-08 10:00:00,10,110,1,1
7601,Da Nang City,Bike,2025-07-16,2025-07-17 21:00:00,45,360,5,1
7602,HCM District 1,Car,2025-04-09,2025-04-11 07:00:00,55,715,1,1
7603,Da Nang City,Bike,2025-07-03,2025-07-05 15:00:00,63,441,1,1
7604,Da Nang City,Electric Scooter,2025-04-30,2025-04-30 03:00:00,3,54,3,0
7605,Da Nang City,Bike,2025-04-24,2025-04-26 10:00:00,58,1102,4,0
7606,Da Nang City,Electric Scooter,2025-07-04,2025-07-06 02:00:00,50,350,1,1
7607,Hanoi Center,Bike,2025-08-18,2025-08-19 00:00:00,24,264,2,0
7608,Da Nang City,Car,2025-07-31,2025-08-02 05:00:00,53,371,4,0
7609,HCM District 1,Bike,2025-06-18,2025-06-19 17:00:00,41,246,2,1
7610,Hanoi Center,Bike,2025-03-13,2025-03-15 20:00:00,68,1088,1,0
7611,HCM District 1,Car,2025-06-08,2025-06-10 17:00:00,65,455,2,1
7612,HCM District 1,Electric Scooter,2025-02-03,2025-02-06 00:00:00,72,1440,1,0
7613,Hanoi Center,Bike,2025-02-21,2025-02-23 13:00:00,61,1098,4,1
7614,HCM District 1,Bike,2025-01-08,2025-01-10 13:00:00,61,732,5,1
7615,Da Nang City,Electric Scooter,2025-07-02,2025-07-04 09:00:00,57,456,4,1
7616,Hanoi Center,Car,2025-08-29,2025-08-29 18:00:00,18,324,5,0
7617,HCM District 1,Bike,2025-06-04,2025-06-05 13:00:00,37,259,1,0
7618,Hanoi Center,Car,2025-01-27,2025-01-27 19:00:00,19,228,3,0
7619,Da Nang City,Bike,2025-01-15,2025-01-16 11:00:00,35,595,4,0
7620,Da Nang City,Bike,2025-08-11,2025-08-11 19:00:00,19,133,3,0
7621,Da Nang City,Car,2025-10-22,2025-10-22 02:00:00,2,26,3,1
7622,Hanoi Center,Electric Scooter,2025-05-08,2025-05-09 18:00:00,42,840,1,1
7623,Hanoi Center,Car,2025-02-06,2025-02-08 13:00:00,61,915,4,0
7624,HCM District 1,Car,2025-01-19,2025-01-19 07:00:00,7,133,5,0
7625,Da Nang City,Car,2025-08-23,2025-08-23 16:00:00,16,160,2,1
7626,HCM District 1,Electric Scooter,2025-10-09,2025-10-10 18:00:00,42,462,3,1
7627,HCM District 1,Bike,2025-05-26,2025-05-27 06:00:00,30,240,1,0
7628,Da Nang City,Bike,2025-07-16,2025-07-18 20:00:00,68,476,3,1
7629,Hanoi Center,Electric Scooter,2025-03-17,2025-03-17 04:00:00,4,44,1,1
7630,Hanoi Center,Electric Scooter,2025-04-10,2025-04-10 10:00:00,10,160,2,1
7631,Da Nang City,Car,2025-09-29,2025-10-01 04:00:00,52,312,4,0
7632,Da Nang City,Bike,2025-08-18,2025-08-20 05:00:00,53,477,2,1
7633,HCM District 1,Electric Scooter,2025-05-12,2025-05-14 00:00:00,48,384,1,1
7634,HCM District 1,Bike,2025-10-08,2025-10-08 05:00:00,5,25,3,0
7635,HCM District 1,Car,2025-09-15,2025-09-17 01:00:00,49,735,3,1
7636,Da Nang City,Bike,2025-08-04,2025-08-04 20:00:00,20,120,2,1
7637,HCM District 1,Electric Scooter,2025-04-01,2025-04-02 05:00:00,29,261,4,1
7638,HCM District 1,Car,2025-01-31,2025-02-02 03:00:00,51,867,5,0
7639,Hanoi Center,Car,2025-03-11,2025-03-12 17:00:00,41,779,3,0
7640,Da Nang City,Car,2025-03-24,2025-03-26 19:00:00,67,1340,4,0
7641,Hanoi Center,Car,2025-09-19,2025-09-20 14:00:00,38,760,4,0
7642,HCM District 1,Electric Scooter,2025-05-07,2025-05-09 16:00:00,64,1152,4,1
7643,Da Nang City,Electric Scooter,2025-05-11,2025-05-12 04:00:00,28,168,2,1
7644,Da Nang City,Car,2025-02-07,2025-02-09 07:00:00,55,990,2,0
7645,HCM District 1,Car,2025-03-13,2025-03-15 04:00:00,52,468,5,0
7646,Da Nang City,Car,2025-06-23,2025-06-23 16:00:00,16,128,1,0
7647,Da Nang City,Bike,2025-10-27,2025-10-27 14:00:00,14,84,2,1
7648,Da Nang City,Bike,2025-06-24,2025-06-24 06:00:00,6,96,3,0
7649,Da Nang City,Car,2025-02-06,2025-02-06 08:00:00,8,144,1,0
7650,Da Nang City,Bike,2025-09-25,2025-09-26 19:00:00,43,645,3,1
7651,Hanoi Center,Bike,2025-05-22,2025-05-22 13:00:00,13,247,5,1
7652,Da Nang City,Car,2025-05-07,2025-05-07 22:00:00,22,330,4,0
7653,Hanoi Center,Electric Scooter,2025-02-04,2025-02-06 20:00:00,68,952,4,0
7654,Da Nang City,Electric Scooter,2025-10-17,2025-10-17 01:00:00,1,9,4,0
7655,HCM District 1,Car,2025-07-06,2025-07-06 16:00:00,16,304,1,1
7656,Hanoi Center,Car,2025-08-09,2025-08-10 21:00:00,45,270,2,0
7657,Hanoi Center,Car,2025-08-13,2025-08-13 10:00:00,10,50,5,0
7658,Hanoi Center,Car,2025-10-01,2025-10-03 13:00:00,61,305,3,1
7659,Da Nang City,Car,2025-01-09,2025-01-09 20:00:00,20,400,4,0
7660,Hanoi Center,Bike,2025-05-08,2025-05-09 16:00:00,40,360,5,0
7661,HCM District 1,Bike,2025-09-09,2025-09-10 15:00:00,39,429,1,1
7662,Hanoi Center,Electric Scooter,2025-03-17,2025-03-17 01:00:00,1,12,2,1
7663,Da Nang City,Car,2025-01-16,2025-01-17 22:00:00,46,782,4,1
7664,Hanoi Center,Electric Scooter,2025-01-07,2025-01-07 17:00:00,17,272,3,0
7665,HCM District 1,Electric Scooter,2025-06-18,2025-06-20 05:00:00,53,530,2,1
7666,HCM District 1,Electric Scooter,2025-07-23,2025-07-24 14:00:00,38,304,2,0
7667,HCM District 1,Car,2025-06-25,2025-06-27 20:00:00,68,748,1,0
7668,Hanoi Center,Electric Scooter,2025-04-21,2025-04-23 12:00:00,60,540,4,1
7669,HCM District 1,Bike,2025-02-15,2025-02-17 08:00:00,56,448,4,1
7670,Da Nang City,Car,2025-08-31,2025-08-31 18:00:00,18,342,3,0
7671,Da Nang City,Bike,2025-02-07,2025-02-09 02:00:00,50,950,3,1
7672,Da Nang City,Bike,2025-06-10,2025-06-12 07:00:00,55,330,1,0
7673,HCM District 1,Bike,2025-06-09,2025-06-10 04:00:00,28,224,4,1
7674,Da Nang City,Bike,2025-06-29,2025-06-29 16:00:00,16,128,3,0
7675,HCM District 1,Electric Scooter,2025-03-28,2025-03-30 20:00:00,68,1360,1,0
7676,Hanoi Center,Car,2025-10-15,2025-10-17 17:00:00,65,715,1,1
7677,Hanoi Center,Bike,2025-01-08,2025-01-10 13:00:00,61,732,4,1
7678,Hanoi Center,Car,2025-07-09,2025-07-11 05:00:00,53,424,5,1
7679,HCM District 1,Bike,2025-01-24,2025-01-25 02:00:00,26,130,1,0
7680,HCM District 1,Electric Scooter,2025-09-24,2025-09-26 03:00:00,51,612,3,1
7681,HCM District 1,Bike,2025-01-27,2025-01-28 14:00:00,38,418,3,1
7682,Hanoi Center,Car,2025-06-24,2025-06-25 09:00:00,33,429,1,1
7683,Da Nang City,Bike,2025-02-24,2025-02-25 01:00:00,25,300,2,0
7684,Da Nang City,Bike,2025-05-29,2025-06-01 00:00:00,72,1152,3,1
7685,Da Nang City,Bike,2025-09-14,2025-09-15 22:00:00,46,598,3,1
7686,Da Nang City,Bike,2025-01-15,2025-01-16 22:00:00,46,782,4,0
7687,Hanoi Center,Car,2025-03-30,2025-03-30 23:00:00,23,253,3,1
7688,HCM District 1,Car,2025-02-10,2025-02-11 08:00:00,32,448,5,0
7689,Hanoi Center,Electric Scooter,2025-09-25,2025-09-27 09:00:00,57,399,1,0
7690,Hanoi Center,Car,2025-05-07,2025-05-08 10:00:00,34,272,2,0
7691,Hanoi Center,Car,2025-09-17,2025-09-18 12:00:00,36,612,2,0
7692,HCM District 1,Car,2025-10-09,2025-10-09 12:00:00,12,84,4,1
7693,Hanoi Center,Bike,2025-02-03,2025-02-03 07:00:00,7,77,3,1
7694,HCM District 1,Electric Scooter,2025-02-19,2025-02-20 15:00:00,39,780,3,1
7695,Da Nang City,Car,2025-10-27,2025-10-28 13:00:00,37,666,1,1
7696,Hanoi Center,Electric Scooter,2025-03-31,2025-03-31 14:00:00,14,196,1,1
7697,Hanoi Center,Electric Scooter,2025-01-23,2025-01-25 09:00:00,57,285,5,0
7698,Da Nang City,Electric Scooter,2025-02-18,2025-02-18 01:00:00,1,19,3,0
7699,Hanoi Center,Electric Scooter,2025-01-21,2025-01-23 06:00:00,54,810,2,1
7700,Hanoi Center,Car,2025-07-23,2025-07-23 09:00:00,9,171,4,0
7701,Hanoi Center,Bike,2025-04-12,2025-04-12 02:00:00,2,18,2,0
7702,HCM District 1,Electric Scooter,2025-10-16,2025-10-16 09:00:00,9,153,1,0
7703,Hanoi Center,Bike,2025-06-09,2025-06-11 13:00:00,61,305,5,1
7704,Da Nang City,Electric Scooter,2025-06-16,2025-06-16 04:00:00,4,60,2,1
7705,Hanoi Center,Electric Scooter,2025-09-19,2025-09-21 21:00:00,69,1173,5,1
7706,HCM District 1,Bike,2025-09-22,2025-09-22 21:00:00,21,126,1,1
7707,Da Nang City,Car,2025-06-27,2025-06-27 03:00:00,3,24,4,0
7708,HCM District 1,Bike,2025-08-25,2025-08-27 15:00:00,63,378,5,0
7709,Da Nang City,Car,2025-06-13,2025-06-13 03:00:00,3,51,4,0
7710,Da Nang City,Electric Scooter,2025-06-03,2025-06-03 02:00:00,2,12,2,0
7711,HCM District 1,Electric Scooter,2025-10-14,2025-10-15 08:00:00,32,320,2,1
7712,HCM District 1,Bike,2025-06-28,2025-06-28 20:00:00,20,140,5,0
7713,Hanoi Center,Bike,2025-09-18,2025-09-21 00:00:00,72,1152,3,0
7714,Da Nang City,Electric Scooter,2025-08-19,2025-08-20 15:00:00,39,585,3,1
7715,Da Nang City,Electric Scooter,2025-03-28,2025-03-30 08:00:00,56,784,2,1
7716,HCM District 1,Bike,2025-04-29,2025-04-30 12:00:00,36,720,4,1
7717,Hanoi Center,Bike,2025-10-16,2025-10-18 13:00:00,61,732,4,1
7718,Hanoi Center,Bike,2025-06-28,2025-06-29 21:00:00,45,495,3,1
7719,Da Nang City,Electric Scooter,2025-08-23,2025-08-24 06:00:00,30,270,5,1
7720,HCM District 1,Car,2025-08-11,2025-08-11 06:00:00,6,114,4,1
7721,HCM District 1,Electric Scooter,2025-03-09,2025-03-09 04:00:00,4,40,4,0
7722,Da Nang City,Bike,2025-08-27,2025-08-27 17:00:00,17,153,4,1
7723,Da Nang City,Car,2025-08-18,2025-08-19 14:00:00,38,722,1,0
7724,Da Nang City,Car,2025-04-18,2025-04-20 20:00:00,68,1088,1,0
7725,Da Nang City,Bike,2025-05-27,2025-05-28 10:00:00,34,374,2,0
7726,HCM District 1,Bike,2025-10-04,2025-10-05 03:00:00,27,432,1,0
7727,Hanoi Center,Electric Scooter,2025-08-17,2025-08-18 11:00:00,35,210,4,1
7728,Hanoi Center,Bike,2025-05-05,2025-05-05 08:00:00,8,56,5,0
7729,Da Nang City,Car,2025-08-20,2025-08-22 20:00:00,68,1292,3,0
7730,Hanoi Center,Bike,2025-05-12,2025-05-14 17:00:00,65,715,2,0
7731,Da Nang City,Car,2025-08-19,2025-08-20 20:00:00,44,660,4,1
7732,Da Nang City,Car,2025-03-17,2025-03-17 14:00:00,14,210,4,1
7733,Hanoi Center,Car,2025-02-05,2025-02-06 11:00:00,35,385,2,1
7734,Hanoi Center,Bike,2025-07-27,2025-07-27 07:00:00,7,77,2,1
7735,Hanoi Center,Electric Scooter,2025-03-15,2025-03-16 07:00:00,31,620,3,0
7736,Hanoi Center,Bike,2025-02-26,2025-02-26 11:00:00,11,110,1,1
7737,HCM District 1,Car,2025-09-10,2025-09-10 03:00:00,3,36,4,1
7738,HCM District 1,Car,2025-10-25,2025-10-28 00:00:00,72,1080,4,1
7739,Da Nang City,Bike,2025-08-23,2025-08-23 21:00:00,21,252,5,1
7740,Hanoi Center,Bike,2025-03-13,2025-03-14 03:00:00,27,297,3,1
7741,HCM District 1,Electric Scooter,2025-09-13,2025-09-15 17:00:00,65,520,1,0
7742,Da Nang City,Bike,2025-02-15,2025-02-16 03:00:00,27,135,3,1
7743,Da Nang City,Electric Scooter,2025-02-11,2025-02-14 00:00:00,72,504,5,1
7744,HCM District 1,Bike,2025-04-16,2025-04-16 18:00:00,18,144,3,1
7745,HCM District 1,Bike,2025-07-23,2025-07-24 06:00:00,30,300,3,0
7746,Da Nang City,Bike,2025-03-01,2025-03-02 13:00:00,37,629,1,1
7747,Da Nang City,Bike,2025-09-13,2025-09-14 00:00:00,24,240,1,0
7748,HCM District 1,Car,2025-03-26,2025-03-26 10:00:00,10,130,5,0
7749,Da Nang City,Bike,2025-04-13,2025-04-15 19:00:00,67,938,5,0
7750,Hanoi Center,Bike,2025-08-26,2025-08-26 15:00:00,15,165,1,1
7751,HCM District 1,Bike,2025-08-02,2025-08-04 09:00:00,57,285,1,1
7752,Hanoi Center,Car,2025-01-10,2025-01-10 10:00:00,10,200,1,1
7753,HCM District 1,Electric Scooter,2025-02-12,2025-02-13 22:00:00,46,828,4,0
7754,Da Nang City,Car,2025-05-04,2025-05-04 07:00:00,7,56,3,1
7755,Hanoi Center,Car,2025-05-11,2025-05-11 12:00:00,12,72,5,1
7756,Da Nang City,Bike,2025-07-01,2025-07-03 14:00:00,62,310,4,1
7757,Da Nang City,Car,2025-07-02,2025-07-03 20:00:00,44,660,2,1
7758,Hanoi Center,Electric Scooter,2025-05-03,2025-05-03 06:00:00,6,42,3,0
7759,Hanoi Center,Car,2025-06-02,2025-06-02 16:00:00,16,128,2,1
7760,HCM District 1,Car,2025-10-11,2025-10-13 12:00:00,60,780,3,1
7761,Da Nang City,Car,2025-10-22,2025-10-23 02:00:00,26,338,3,1
7762,Hanoi Center,Car,2025-06-02,2025-06-04 20:00:00,68,952,1,0
7763,HCM District 1,Electric Scooter,2025-08-11,2025-08-12 23:00:00,47,799,5,0
7764,Hanoi Center,Bike,2025-08-08,2025-08-09 03:00:00,27,270,1,0
7765,Hanoi Center,Bike,2025-02-06,2025-02-08 12:00:00,60,360,2,0
7766,Da Nang City,Bike,2025-10-02,2025-10-04 20:00:00,68,1224,4,0
7767,HCM District 1,Electric Scooter,2025-10-19,2025-10-21 14:00:00,62,558,4,0
7768,Da Nang City,Electric Scooter,2025-03-26,2025-03-26 23:00:00,23,391,1,1
7769,HCM District 1,Car,2025-01-19,2025-01-20 03:00:00,27,162,2,0
7770,Hanoi Center,Bike,2025-07-13,2025-07-13 15:00:00,15,135,2,0
7771,Hanoi Center,Bike,2025-02-18,2025-02-20 21:00:00,69,414,1,1
7772,Hanoi Center,Car,2025-07-24,2025-07-26 17:00:00,65,1105,2,1
7773,Da Nang City,Bike,2025-08-23,2025-08-24 11:00:00,35,700,3,1
7774,Hanoi Center,Car,2025-07-26,2025-07-26 22:00:00,22,396,4,1
7775,HCM District 1,Bike,2025-06-18,2025-06-18 07:00:00,7,119,2,1
7776,HCM District 1,Bike,2025-02-27,2025-03-01 16:00:00,64,1024,1,1
7777,Da Nang City,Car,2025-03-10,2025-03-12 10:00:00,58,580,3,1
7778,Da Nang City,Bike,2025-03-28,2025-03-29 18:00:00,42,546,4,1
7779,Hanoi Center,Bike,2025-04-11,2025-04-12 20:00:00,44,352,2,0
7780,HCM District 1,Car,2025-08-21,2025-08-21 21:00:00,21,189,3,0
7781,HCM District 1,Bike,2025-02-26,2025-03-01 00:00:00,72,648,3,1
7782,Hanoi Center,Car,2025-10-08,2025-10-08 03:00:00,3,39,2,0
7783,Da Nang City,Electric Scooter,2025-03-13,2025-03-15 10:00:00,58,870,2,1
7784,Da Nang City,Bike,2025-03-28,2025-03-29 08:00:00,32,320,3,0
7785,Da Nang City,Car,2025-05-14,2025-05-16 18:00:00,66,792,4,0
7786,HCM District 1,Bike,2025-04-26,2025-04-26 05:00:00,5,85,5,0
7787,Hanoi Center,Car,2025-06-25,2025-06-26 04:00:00,28,336,2,1
7788,HCM District 1,Car,2025-10-11,2025-10-13 15:00:00,63,945,3,0
7789,Da Nang City,Electric Scooter,2025-05-06,2025-05-08 07:00:00,55,385,2,0
7790,Da Nang City,Electric Scooter,2025-10-08,2025-10-10 05:00:00,53,636,4,0
7791,HCM District 1,Electric Scooter,2025-04-13,2025-04-15 13:00:00,61,305,1,0
7792,Da Nang City,Electric Scooter,2025-05-18,2025-05-19 07:00:00,31,279,2,0
7793,Hanoi Center,Bike,2025-09-12,2025-09-13 22:00:00,46,690,4,0
7794,Da Nang City,Electric Scooter,2025-08-29,2025-08-30 06:00:00,30,420,1,1
7795,Da Nang City,Electric Scooter,2025-01-23,2025-01-24 16:00:00,40,440,2,1
7796,HCM District 1,Bike,2025-01-07,2025-01-08 04:00:00,28,560,1,0
7797,Hanoi Center,Bike,2025-10-17,2025-10-19 04:00:00,52,468,3,0
7798,Hanoi Center,Electric Scooter,2025-06-22,2025-06-22 10:00:00,10,120,3,0
7799,Hanoi Center,Bike,2025-07-25,2025-07-26 00:00:00,24,288,2,1
7800,Da Nang City,Electric Scooter,2025-05-12,2025-05-14 10:00:00,58,696,1,0
7801,Hanoi Center,Electric Scooter,2025-06-05,2025-06-06 21:00:00,45,675,2,0
7802,HCM District 1,Car,2025-02-16,2025-02-18 11:00:00,59,649,3,0
7803,Da Nang City,Car,2025-01-26,2025-01-27 06:00:00,30,240,3,1
7804,Da Nang City,Electric Scooter,2025-05-20,2025-05-20 19:00:00,19,380,5,1
7805,Hanoi Center,Bike,2025-05-07,2025-05-07 23:00:00,23,184,1,0
7806,Hanoi Center,Electric Scooter,2025-08-09,2025-08-10 01:00:00,25,175,3,1
7807,HCM District 1,Bike,2025-07-09,2025-07-09 18:00:00,18,90,2,0
7808,Hanoi Center,Car,2025-08-03,2025-08-05 21:00:00,69,897,3,1
7809,Hanoi Center,Car,2025-08-06,2025-08-06 12:00:00,12,180,3,1
7810,HCM District 1,Bike,2025-09-25,2025-09-27 20:00:00,68,408,3,0
7811,HCM District 1,Electric Scooter,2025-04-18,2025-04-18 04:00:00,4,28,4,0
7812,HCM District 1,Bike,2025-08-27,2025-08-28 01:00:00,25,500,5,1
7813,Da Nang City,Bike,2025-03-17,2025-03-18 21:00:00,45,315,2,1
7814,Hanoi Center,Electric Scooter,2025-02-16,2025-02-18 16:00:00,64,1280,5,1
7815,Da Nang City,Bike,2025-10-18,2025-10-18 07:00:00,7,70,2,0
7816,HCM District 1,Bike,2025-03-17,2025-03-19 12:00:00,60,360,2,1
7817,Hanoi Center,Bike,2025-06-01,2025-06-01 07:00:00,7,63,3,0
7818,Da Nang City,Bike,2025-02-27,2025-02-27 20:00:00,20,320,1,1
7819,HCM District 1,Bike,2025-08-19,2025-08-19 14:00:00,14,182,2,1
7820,Da Nang City,Car,2025-09-08,2025-09-08 19:00:00,19,114,3,1
7821,HCM District 1,Bike,2025-08-30,2025-09-01 11:00:00,59,767,2,1
7822,Hanoi Center,Electric Scooter,2025-07-29,2025-07-30 22:00:00,46,920,5,0
7823,HCM District 1,Electric Scooter,2025-01-26,2025-01-26 13:00:00,13,221,2,1
7824,Hanoi Center,Electric Scooter,2025-06-11,2025-06-11 04:00:00,4,48,1,1
7825,Da Nang City,Electric Scooter,2025-08-14,2025-08-16 01:00:00,49,392,2,1
7826,HCM District 1,Electric Scooter,2025-06-11,2025-06-11 23:00:00,23,414,2,1
7827,Hanoi Center,Car,2025-04-28,2025-04-30 22:00:00,70,840,1,0
7828,Hanoi Center,Electric Scooter,2025-07-14,2025-07-17 00:00:00,72,1296,2,1
7829,HCM District 1,Car,2025-06-30,2025-07-01 20:00:00,44,748,5,1
7830,Da Nang City,Car,2025-10-03,2025-10-06 00:00:00,72,864,2,1
7831,Da Nang City,Bike,2025-05-02,2025-05-04 12:00:00,60,1020,2,0
7832,Da Nang City,Electric Scooter,2025-10-25,2025-10-26 12:00:00,36,576,5,1
7833,Hanoi Center,Bike,2025-07-16,2025-07-17 10:00:00,34,476,2,1
7834,HCM District 1,Car,2025-02-05,2025-02-07 13:00:00,61,976,1,0
7835,HCM District 1,Car,2025-03-27,2025-03-28 16:00:00,40,320,1,0
7836,HCM District 1,Car,2025-01-29,2025-01-31 11:00:00,59,708,4,0
7837,HCM District 1,Bike,2025-02-18,2025-02-18 01:00:00,1,15,4,0
7838,HCM District 1,Bike,2025-10-05,2025-10-05 18:00:00,18,180,1,1
7839,Hanoi Center,Car,2025-05-03,2025-05-04 21:00:00,45,360,1,1
7840,HCM District 1,Bike,2025-02-16,2025-02-17 14:00:00,38,684,2,1
7841,Hanoi Center,Car,2025-05-14,2025-05-15 16:00:00,40,200,5,1
7842,Da Nang City,Bike,2025-01-17,2025-01-19 15:00:00,63,1008,1,1
7843,Hanoi Center,Car,2025-04-17,2025-04-17 15:00:00,15,105,1,1
7844,Da Nang City,Bike,2025-03-18,2025-03-18 02:00:00,2,14,5,0
7845,Da Nang City,Car,2025-05-22,2025-05-24 02:00:00,50,1000,3,0
7846,HCM District 1,Bike,2025-08-06,2025-08-06 14:00:00,14,210,5,1
7847,Hanoi Center,Car,2025-09-17,2025-09-18 02:00:00,26,208,1,1
7848,Hanoi Center,Electric Scooter,2025-01-18,2025-01-19 16:00:00,40,200,2,0
7849,HCM District 1,Car,2025-05-30,2025-06-01 09:00:00,57,741,4,1
7850,Hanoi Center,Electric Scooter,2025-08-25,2025-08-25 04:00:00,4,56,3,1
7851,Da Nang City,Car,2025-09-03,2025-09-04 14:00:00,38,608,1,0
7852,Da Nang City,Bike,2025-02-17,2025-02-17 08:00:00,8,128,2,1
7853,HCM District 1,Car,2025-03-03,2025-03-05 15:00:00,63,1260,1,0
7854,Hanoi Center,Electric Scooter,2025-10-18,2025-10-20 01:00:00,49,294,5,0
7855,HCM District 1,Bike,2025-02-05,2025-02-05 13:00:00,13,234,4,1
7856,Da Nang City,Car,2025-07-10,2025-07-10 23:00:00,23,184,1,0
7857,Hanoi Center,Car,2025-09-20,2025-09-21 20:00:00,44,660,2,1
7858,Hanoi Center,Electric Scooter,2025-08-03,2025-08-03 23:00:00,23,253,1,1
7859,HCM District 1,Bike,2025-04-14,2025-04-15 09:00:00,33,528,3,1
7860,Da Nang City,Car,2025-08-09,2025-08-09 18:00:00,18,198,2,0
7861,Da Nang City,Bike,2025-06-22,2025-06-23 06:00:00,30,240,3,1
7862,HCM District 1,Bike,2025-06-15,2025-06-16 04:00:00,28,252,4,0
7863,HCM District 1,Electric Scooter,2025-08-24,2025-08-24 12:00:00,12,216,5,1
7864,Da Nang City,Bike,2025-03-08,2025-03-10 12:00:00,60,660,3,0
7865,Da Nang City,Electric Scooter,2025-06-28,2025-06-28 04:00:00,4,80,1,0
7866,Da Nang City,Bike,2025-07-05,2025-07-06 17:00:00,41,205,4,1
7867,Da Nang City,Electric Scooter,2025-04-18,2025-04-20 17:00:00,65,780,5,1
7868,Hanoi Center,Car,2025-02-28,2025-03-02 02:00:00,50,550,1,0
7869,HCM District 1,Electric Scooter,2025-05-13,2025-05-15 15:00:00,63,630,1,0
7870,Da Nang City,Car,2025-08-21,2025-08-23 06:00:00,54,864,1,1
7871,Hanoi Center,Bike,2025-10-25,2025-10-25 15:00:00,15,270,3,1
7872,Hanoi Center,Bike,2025-08-26,2025-08-27 06:00:00,30,510,3,1
7873,HCM District 1,Car,2025-07-26,2025-07-28 18:00:00,66,726,5,0
7874,Da Nang City,Car,2025-08-22,2025-08-23 21:00:00,45,765,1,1
7875,HCM District 1,Bike,2025-05-24,2025-05-25 09:00:00,33,363,2,1
7876,HCM District 1,Bike,2025-06-07,2025-06-07 17:00:00,17,340,4,0
7877,Hanoi Center,Electric Scooter,2025-09-23,2025-09-24 09:00:00,33,462,3,0
7878,HCM District 1,Electric Scooter,2025-05-23,2025-05-23 20:00:00,20,200,1,0
7879,HCM District 1,Electric Scooter,2025-06-28,2025-06-29 09:00:00,33,660,1,0
7880,Hanoi Center,Electric Scooter,2025-09-01,2025-09-02 19:00:00,43,731,2,1
7881,Da Nang City,Car,2025-10-19,2025-10-20 14:00:00,38,570,3,1
7882,HCM District 1,Car,2025-03-22,2025-03-24 12:00:00,60,1080,3,0
7883,Hanoi Center,Car,2025-05-22,2025-05-24 03:00:00,51,918,1,0
7884,Hanoi Center,Electric Scooter,2025-02-01,2025-02-02 06:00:00,30,480,4,0
7885,Da Nang City,Bike,2025-04-22,2025-04-24 07:00:00,55,605,5,1
7886,Hanoi Center,Bike,2025-01-19,2025-01-21 14:00:00,62,496,1,0
7887,Da Nang City,Car,2025-03-29,2025-03-29 15:00:00,15,120,2,1
7888,Hanoi Center,Car,2025-06-25,2025-06-26 23:00:00,47,470,5,0
7889,Da Nang City,Car,2025-01-15,2025-01-17 10:00:00,58,754,5,1
7890,Da Nang City,Bike,2025-01-01,2025-01-03 18:00:00,66,726,4,0
7891,HCM District 1,Electric Scooter,2025-07-16,2025-07-17 19:00:00,43,774,1,0
7892,Da Nang City,Bike,2025-07-26,2025-07-26 16:00:00,16,304,5,0
7893,HCM District 1,Electric Scooter,2025-03-29,2025-03-31 01:00:00,49,588,4,0
7894,Hanoi Center,Electric Scooter,2025-09-20,2025-09-21 16:00:00,40,800,4,0
7895,Hanoi Center,Electric Scooter,2025-02-13,2025-02-14 19:00:00,43,215,2,0
7896,Da Nang City,Electric Scooter,2025-03-10,2025-03-12 02:00:00,50,800,5,0
7897,Hanoi Center,Electric Scooter,2025-07-23,2025-07-24 01:00:00,25,425,5,1
7898,Da Nang City,Car,2025-01-03,2025-01-05 08:00:00,56,280,5,0
7899,Da Nang City,Car,2025-04-18,2025-04-20 16:00:00,64,640,1,1
7900,Da Nang City,Bike,2025-01-15,2025-01-17 02:00:00,50,1000,2,1
7901,HCM District 1,Bike,2025-09-12,2025-09-14 05:00:00,53,1007,3,0
7902,Hanoi Center,Electric Scooter,2025-08-14,2025-08-15 21:00:00,45,630,5,1
7903,HCM District 1,Car,2025-03-09,2025-03-09 06:00:00,6,36,4,0
7904,HCM District 1,Bike,2025-04-03,2025-04-05 14:00:00,62,496,4,0
7905,Hanoi Center,Car,2025-07-20,2025-07-22 03:00:00,51,714,4,1
7906,Hanoi Center,Electric Scooter,2025-09-21,2025-09-21 07:00:00,7,70,2,0
7907,Da Nang City,Car,2025-09-19,2025-09-21 03:00:00,51,612,5,0
7908,Hanoi Center,Car,2025-10-17,2025-10-18 19:00:00,43,817,4,1
7909,Hanoi Center,Bike,2025-01-12,2025-01-12 22:00:00,22,110,4,1
7910,Da Nang City,Electric Scooter,2025-09-13,2025-09-13 05:00:00,5,55,5,1
7911,Da Nang City,Electric Scooter,2025-09-18,2025-09-19 06:00:00,30,300,1,1
7912,HCM District 1,Electric Scooter,2025-09-19,2025-09-20 02:00:00,26,286,3,0
7913,Hanoi Center,Bike,2025-04-08,2025-04-10 16:00:00,64,960,3,0
7914,Da Nang City,Electric Scooter,2025-08-25,2025-08-27 03:00:00,51,663,2,0
7915,Hanoi Center,Electric Scooter,2025-01-17,2025-01-17 06:00:00,6,42,1,1
7916,Hanoi Center,Bike,2025-02-01,2025-02-01 10:00:00,10,200,1,1
7917,HCM District 1,Bike,2025-02-09,2025-02-09 03:00:00,3,24,5,1
7918,HCM District 1,Bike,2025-01-15,2025-01-16 20:00:00,44,572,3,1
7919,HCM District 1,Electric Scooter,2025-07-30,2025-07-31 08:00:00,32,256,4,0
7920,Da Nang City,Bike,2025-09-25,2025-09-25 12:00:00,12,204,1,0
7921,HCM District 1,Car,2025-08-29,2025-08-30 20:00:00,44,484,3,1
7922,Da Nang City,Electric Scooter,2025-09-30,2025-10-01 14:00:00,38,532,2,0
7923,Da Nang City,Bike,2025-07-04,2025-07-04 11:00:00,11,132,4,1
7924,Hanoi Center,Car,2025-05-12,2025-05-12 13:00:00,13,208,2,1
7925,HCM District 1,Bike,2025-05-02,2025-05-02 10:00:00,10,140,3,0
7926,Da Nang City,Electric Scooter,2025-06-07,2025-06-09 13:00:00,61,671,2,1
7927,HCM District 1,Electric Scooter,2025-09-15,2025-09-15 11:00:00,11,88,4,0
7928,Hanoi Center,Bike,2025-06-01,2025-06-01 11:00:00,11,66,4,0
7929,Da Nang City,Car,2025-05-15,2025-05-17 10:00:00,58,812,3,0
7930,HCM District 1,Car,2025-03-21,2025-03-23 06:00:00,54,1080,4,1
7931,HCM District 1,Bike,2025-10-24,2025-10-25 12:00:00,36,360,3,1
7932,HCM District 1,Bike,2025-03-26,2025-03-28 00:00:00,48,864,1,0
7933,Hanoi Center,Car,2025-09-07,2025-09-07 06:00:00,6,114,1,1
7934,HCM District 1,Bike,2025-08-10,2025-08-11 12:00:00,36,324,2,1
7935,Hanoi Center,Electric Scooter,2025-01-14,2025-01-15 17:00:00,41,328,1,1
7936,HCM District 1,Electric Scooter,2025-10-21,2025-10-22 07:00:00,31,372,5,1
7937,Hanoi Center,Bike,2025-02-06,2025-02-07 04:00:00,28,224,2,0
7938,Da Nang City,Bike,2025-06-07,2025-06-08 13:00:00,37,666,3,1
7939,Da Nang City,Electric Scooter,2025-02-28,2025-03-02 15:00:00,63,378,3,1
7940,Da Nang City,Bike,2025-08-20,2025-08-21 15:00:00,39,273,4,0
7941,Da Nang City,Bike,2025-10-25,2025-10-25 06:00:00,6,78,3,1
7942,Hanoi Center,Bike,2025-05-25,2025-05-27 02:00:00,50,400,4,0
7943,Hanoi Center,Car,2025-03-30,2025-04-01 03:00:00,51,1020,4,0
7944,Da Nang City,Electric Scooter,2025-05-25,2025-05-25 15:00:00,15,150,5,0
7945,Da Nang City,Electric Scooter,2025-07-02,2025-07-04 05:00:00,53,583,3,0
7946,Hanoi Center,Bike,2025-10-01,2025-10-02 01:00:00,25,475,3,1
7947,Hanoi Center,Bike,2025-10-03,2025-10-04 14:00:00,38,760,1,0
7948,Hanoi Center,Electric Scooter,2025-10-15,2025-10-16 14:00:00,38,190,5,1
7949,Hanoi Center,Electric Scooter,2025-05-05,2025-05-05 01:00:00,1,8,4,1
7950,HCM District 1,Bike,2025-08-09,2025-08-10 01:00:00,25,125,5,1
7951,Da Nang City,Car,2025-07-14,2025-07-16 07:00:00,55,385,3,0
7952,HCM District 1,Electric Scooter,2025-06-27,2025-06-28 22:00:00,46,414,3,1
7953,HCM District 1,Bike,2025-04-11,2025-04-13 06:00:00,54,972,4,1
7954,Hanoi Center,Electric Scooter,2025-08-30,2025-09-01 07:00:00,55,385,4,0
7955,Da Nang City,Bike,2025-09-12,2025-09-13 06:00:00,30,270,4,0
7956,HCM District 1,Car,2025-01-27,2025-01-27 01:00:00,1,5,4,1
7957,Da Nang City,Car,2025-04-11,2025-04-13 00:00:00,48,288,1,0
7958,Da Nang City,Electric Scooter,2025-08-19,2025-08-20 20:00:00,44,528,2,0
7959,Hanoi Center,Electric Scooter,2025-06-26,2025-06-27 04:00:00,28,392,3,0
7960,Da Nang City,Electric Scooter,2025-02-27,2025-03-01 11:00:00,59,1180,2,0
7961,Hanoi Center,Electric Scooter,2025-01-02,2025-01-03 13:00:00,37,333,2,0
7962,Da Nang City,Electric Scooter,2025-05-13,2025-05-15 07:00:00,55,990,5,0
7963,Hanoi Center,Electric Scooter,2025-07-22,2025-07-23 16:00:00,40,720,1,1
7964,HCM District 1,Bike,2025-08-19,2025-08-19 04:00:00,4,56,3,0
7965,Hanoi Center,Car,2025-03-12,2025-03-14 05:00:00,53,477,3,1
7966,Hanoi Center,Electric Scooter,2025-08-12,2025-08-13 19:00:00,43,344,4,1
7967,Hanoi Center,Electric Scooter,2025-09-01,2025-09-02 08:00:00,32,608,5,1
7968,Da Nang City,Electric Scooter,2025-06-14,2025-06-15 12:00:00,36,504,1,0
7969,HCM District 1,Electric Scooter,2025-07-11,2025-07-12 11:00:00,35,385,3,0
7970,HCM District 1,Car,2025-07-04,2025-07-04 22:00:00,22,154,5,0
7971,Da Nang City,Bike,2025-06-02,2025-06-03 17:00:00,41,820,3,1
7972,HCM District 1,Car,2025-03-16,2025-03-18 14:00:00,62,496,3,1
7973,Da Nang City,Car,2025-01-12,2025-01-14 14:00:00,62,620,1,1
7974,Hanoi Center,Car,2025-07-30,2025-08-01 04:00:00,52,676,5,1
7975,Da Nang City,Car,2025-02-03,2025-02-03 19:00:00,19,304,1,1
7976,Da Nang City,Car,2025-09-30,2025-10-01 19:00:00,43,387,2,0
7977,HCM District 1,Car,2025-06-19,2025-06-19 14:00:00,14,238,3,0
7978,HCM District 1,Electric Scooter,2025-08-11,2025-08-12 08:00:00,32,384,1,1
7979,Hanoi Center,Car,2025-03-15,2025-03-16 03:00:00,27,189,4,1
7980,HCM District 1,Electric Scooter,2025-05-07,2025-05-07 11:00:00,11,88,1,1
7981,HCM District 1,Car,2025-05-27,2025-05-27 10:00:00,10,110,5,0
7982,Hanoi Center,Electric Scooter,2025-07-09,2025-07-11 03:00:00,51,612,4,0
7983,Hanoi Center,Electric Scooter,2025-01-15,2025-01-16 02:00:00,26,208,2,0
7984,HCM District 1,Car,2025-06-15,2025-06-15 15:00:00,15,210,2,1
7985,Da Nang City,Electric Scooter,2025-09-13,2025-09-15 20:00:00,68,408,5,1
7986,Da Nang City,Car,2025-05-31,2025-06-01 11:00:00,35,595,2,1
7987,Da Nang City,Electric Scooter,2025-08-30,2025-08-30 12:00:00,12,72,4,1
7988,HCM District 1,Car,2025-05-31,2025-06-01 21:00:00,45,405,3,0
7989,Hanoi Center,Bike,2025-02-25,2025-02-27 11:00:00,59,590,1,1
7990,Hanoi Center,Bike,2025-04-06,2025-04-07 13:00:00,37,518,5,1
7991,Da Nang City,Bike,2025-02-15,2025-02-17 10:00:00,58,1102,1,0
7992,Da Nang City,Bike,2025-05-04,2025-05-05 22:00:00,46,736,2,1
7993,HCM District 1,Bike,2025-10-11,2025-10-13 10:00:00,58,406,3,0
7994,HCM District 1,Bike,2025-01-05,2025-01-05 13:00:00,13,130,2,1
7995,HCM District 1,Car,2025-10-14,2025-10-15 16:00:00,40,360,1,1
7996,Hanoi Center,Car,2025-03-08,2025-03-08 07:00:00,7,126,2,1
7997,Da Nang City,Car,2025-09-04,2025-09-05 08:00:00,32,224,3,1
7998,Da Nang City,Bike,2025-01-07,2025-01-09 14:00:00,62,558,4,0
7999,Da Nang City,Car,2025-05-18,2025-05-20 13:00:00,61,793,1,0
8000,HCM District 1,Electric Scooter,2025-07-19,2025-07-19 21:00:00,21,273,1,1
8001,Da Nang City,Car,2025-05-18,2025-05-19 13:00:00,37,703,3,0
8002,Hanoi Center,Electric Scooter,2025-02-04,2025-02-07 00:00:00,72,1224,1,1
8003,Da Nang City,Electric Scooter,2025-03-31,2025-04-02 16:00:00,64,384,4,1
8004,HCM District 1,Electric Scooter,2025-05-03,2025-05-06 00:00:00,72,864,2,0
8005,Hanoi Center,Bike,2025-01-03,2025-01-05 03:00:00,51,663,4,0
8006,HCM District 1,Electric Scooter,2025-02-12,2025-02-13 11:00:00,35,630,5,0
8007,HCM District 1,Car,2025-02-06,2025-02-06 03:00:00,3,18,1,0
8008,HCM District 1,Electric Scooter,2025-07-19,2025-07-20 20:00:00,44,748,2,1
8009,Hanoi Center,Car,2025-06-26,2025-06-26 08:00:00,8,40,3,0
8010,Hanoi Center,Electric Scooter,2025-08-11,2025-08-12 16:00:00,40,720,2,1
8011,Da Nang City,Bike,2025-08-12,2025-08-14 10:00:00,58,522,3,1
8012,Da Nang City,Electric Scooter,2025-10-04,2025-10-06 02:00:00,50,950,4,1
8013,Hanoi Center,Car,2025-10-07,2025-10-09 01:00:00,49,441,2,1
8014,Da Nang City,Car,2025-03-14,2025-03-16 12:00:00,60,1080,2,0
8015,HCM District 1,Car,2025-08-14,2025-08-15 05:00:00,29,464,4,1
8016,Da Nang City,Electric Scooter,2025-01-19,2025-01-20 22:00:00,46,782,2,1
8017,Da Nang City,Bike,2025-04-16,2025-04-18 18:00:00,66,660,3,0
8018,HCM District 1,Electric Scooter,2025-03-28,2025-03-28 22:00:00,22,374,3,0
8019,Da Nang City,Electric Scooter,2025-01-05,2025-01-05 20:00:00,20,140,4,0
8020,Hanoi Center,Bike,2025-05-07,2025-05-09 10:00:00,58,406,5,0
8021,HCM District 1,Bike,2025-04-26,2025-04-28 18:00:00,66,1188,5,0
8022,Da Nang City,Electric Scooter,2025-10-14,2025-10-14 16:00:00,16,192,5,1
8023,HCM District 1,Bike,2025-01-08,2025-01-10 14:00:00,62,682,5,0
8024,Da Nang City,Bike,2025-07-10,2025-07-12 11:00:00,59,767,4,1
8025,Da Nang City,Car,2025-02-05,2025-02-07 01:00:00,49,539,3,1
8026,Hanoi Center,Electric Scooter,2025-06-08,2025-06-08 22:00:00,22,286,4,0
8027,Hanoi Center,Car,2025-09-25,2025-09-27 13:00:00,61,915,2,1
8028,Hanoi Center,Electric Scooter,2025-04-03,2025-04-04 00:00:00,24,192,1,0
8029,Da Nang City,Bike,2025-04-05,2025-04-08 00:00:00,72,936,5,0
8030,HCM District 1,Electric Scooter,2025-02-19,2025-02-20 20:00:00,44,748,1,1
8031,HCM District 1,Car,2025-09-12,2025-09-13 07:00:00,31,465,4,1
8032,Da Nang City,Car,2025-08-29,2025-08-30 19:00:00,43,817,2,1
8033,Hanoi Center,Car,2025-07-02,2025-07-04 00:00:00,48,528,3,0
8034,HCM District 1,Electric Scooter,2025-03-04,2025-03-05 15:00:00,39,195,3,1
8035,HCM District 1,Electric Scooter,2025-09-30,2025-10-02 18:00:00,66,1320,3,1
8036,Hanoi Center,Electric Scooter,2025-04-24,2025-04-26 14:00:00,62,868,4,1
8037,HCM District 1,Bike,2025-04-01,2025-04-01 02:00:00,2,34,4,0
8038,Hanoi Center,Electric Scooter,2025-02-15,2025-02-15 07:00:00,7,49,3,0
8039,HCM District 1,Electric Scooter,2025-04-04,2025-04-04 15:00:00,15,270,3,1
8040,HCM District 1,Bike,2025-08-29,2025-08-31 15:00:00,63,504,4,0
8041,Da Nang City,Electric Scooter,2025-02-19,2025-02-21 13:00:00,61,732,3,0
8042,HCM District 1,Car,2025-03-05,2025-03-05 18:00:00,18,126,1,0
8043,HCM District 1,Bike,2025-06-15,2025-06-17 01:00:00,49,539,1,1
8044,Da Nang City,Bike,2025-02-25,2025-02-26 17:00:00,41,738,1,1
8045,Hanoi Center,Bike,2025-08-17,2025-08-18 06:00:00,30,240,3,1
8046,Hanoi Center,Car,2025-02-05,2025-02-06 15:00:00,39,312,3,0
8047,Da Nang City,Car,2025-09-30,2025-09-30 20:00:00,20,260,1,1
8048,Da Nang City,Car,2025-10-18,2025-10-20 17:00:00,65,1040,3,1
8049,HCM District 1,Electric Scooter,2025-03-25,2025-03-25 18:00:00,18,234,5,1
8050,HCM District 1,Car,2025-08-15,2025-08-16 07:00:00,31,310,4,0
8051,Hanoi Center,Electric Scooter,2025-07-01,2025-07-03 12:00:00,60,840,2,0
8052,Hanoi Center,Bike,2025-03-22,2025-03-24 12:00:00,60,660,5,0
8053,Hanoi Center,Electric Scooter,2025-05-09,2025-05-11 11:00:00,59,944,5,1
8054,HCM District 1,Electric Scooter,2025-09-09,2025-09-11 02:00:00,50,950,2,0
8055,Hanoi Center,Car,2025-04-30,2025-05-02 05:00:00,53,742,3,1
8056,Da Nang City,Car,2025-05-26,2025-05-26 16:00:00,16,304,2,1
8057,Da Nang City,Car,2025-07-16,2025-07-17 11:00:00,35,490,4,0
8058,Hanoi Center,Car,2025-04-21,2025-04-23 09:00:00,57,798,4,0
8059,Da Nang City,Bike,2025-04-25,2025-04-25 09:00:00,9,81,3,0
8060,Da Nang City,Bike,2025-02-16,2025-02-17 04:00:00,28,504,4,0
8061,HCM District 1,Car,2025-02-14,2025-02-14 05:00:00,5,60,5,1
8062,Hanoi Center,Bike,2025-07-21,2025-07-23 08:00:00,56,504,2,1
8063,HCM District 1,Bike,2025-04-03,2025-04-04 21:00:00,45,855,3,0
8064,Hanoi Center,Car,2025-02-22,2025-02-22 23:00:00,23,368,4,0
8065,Da Nang City,Bike,2025-01-03,2025-01-04 07:00:00,31,341,3,0
8066,Hanoi Center,Electric Scooter,2025-10-28,2025-10-28 13:00:00,13,65,5,0
8067,HCM District 1,Bike,2025-05-20,2025-05-22 01:00:00,49,686,5,1
8068,HCM District 1,Electric Scooter,2025-07-23,2025-07-24 04:00:00,28,336,5,1
8069,Hanoi Center,Car,2025-09-27,2025-09-29 10:00:00,58,522,4,1
8070,Da Nang City,Bike,2025-07-13,2025-07-14 00:00:00,24,336,3,1
8071,Hanoi Center,Car,2025-08-12,2025-08-13 12:00:00,36,216,5,1
8072,Hanoi Center,Car,2025-02-27,2025-02-28 19:00:00,43,688,4,0
8073,Hanoi Center,Bike,2025-09-30,2025-09-30 14:00:00,14,168,4,1
8074,Hanoi Center,Car,2025-07-24,2025-07-26 08:00:00,56,728,5,1
8075,HCM District 1,Electric Scooter,2025-06-14,2025-06-14 20:00:00,20,380,2,0
8076,Da Nang City,Bike,2025-03-22,2025-03-24 09:00:00,57,285,3,1
8077,Hanoi Center,Bike,2025-03-30,2025-03-30 07:00:00,7,49,2,1
8078,Da Nang City,Bike,2025-07-04,2025-07-04 14:00:00,14,154,1,1
8079,HCM District 1,Electric Scooter,2025-05-17,2025-05-18 05:00:00,29,435,4,1
8080,Hanoi Center,Car,2025-05-02,2025-05-04 19:00:00,67,1273,1,1
8081,Da Nang City,Bike,2025-09-28,2025-09-29 16:00:00,40,240,3,0
8082,HCM District 1,Electric Scooter,2025-02-02,2025-02-04 15:00:00,63,504,5,0
8083,Hanoi Center,Car,2025-08-13,2025-08-14 22:00:00,46,782,5,0
8084,Da Nang City,Bike,2025-10-12,2025-10-13 18:00:00,42,714,3,0
8085,Da Nang City,Electric Scooter,2025-07-10,2025-07-10 02:00:00,2,10,3,0
8086,Da Nang City,Car,2025-08-25,2025-08-25 04:00:00,4,80,4,1
8087,Hanoi Center,Electric Scooter,2025-01-16,2025-01-18 02:00:00,50,700,5,0
8088,Hanoi Center,Car,2025-08-27,2025-08-28 11:00:00,35,455,2,0
8089,Hanoi Center,Bike,2025-09-20,2025-09-20 10:00:00,10,140,4,0
8090,Hanoi Center,Bike,2025-07-06,2025-07-06 22:00:00,22,286,1,1
8091,HCM District 1,Electric Scooter,2025-05-12,2025-05-13 23:00:00,47,235,1,1
8092,Hanoi Center,Electric Scooter,2025-05-07,2025-05-07 09:00:00,9,72,4,0
8093,HCM District 1,Bike,2025-04-19,2025-04-20 00:00:00,24,480,4,1
8094,Hanoi Center,Bike,2025-03-13,2025-03-13 12:00:00,12,168,2,1
8095,Hanoi Center,Bike,2025-10-23,2025-10-23 12:00:00,12,204,5,0
8096,HCM District 1,Electric Scooter,2025-08-21,2025-08-22 20:00:00,44,748,5,0
8097,Da Nang City,Car,2025-06-30,2025-07-01 22:00:00,46,506,4,1
8098,HCM District 1,Electric Scooter,2025-06-07,2025-06-07 11:00:00,11,99,5,0
8099,Da Nang City,Car,2025-03-12,2025-03-14 23:00:00,71,1136,2,0
8100,Hanoi Center,Car,2025-10-10,2025-10-11 22:00:00,46,598,3,1
8101,HCM District 1,Car,2025-02-15,2025-02-16 17:00:00,41,738,4,1
8102,Hanoi Center,Bike,2025-03-07,2025-03-09 16:00:00,64,704,4,0
8103,Hanoi Center,Electric Scooter,2025-06-24,2025-06-26 17:00:00,65,975,5,1
8104,HCM District 1,Electric Scooter,2025-07-17,2025-07-19 00:00:00,48,240,2,0
8105,Da Nang City,Bike,2025-09-07,2025-09-09 03:00:00,51,561,5,0
8106,Da Nang City,Car,2025-07-30,2025-07-30 19:00:00,19,247,2,1
8107,Da Nang City,Bike,2025-08-31,2025-09-02 19:00:00,67,402,5,1
8108,HCM District 1,Bike,2025-01-14,2025-01-14 09:00:00,9,63,1,0
8109,Da Nang City,Bike,2025-05-27,2025-05-29 16:00:00,64,768,4,1
8110,Da Nang City,Electric Scooter,2025-07-25,2025-07-26 16:00:00,40,600,2,0
8111,HCM District 1,Electric Scooter,2025-06-16,2025-06-17 09:00:00,33,462,5,0
8112,HCM District 1,Electric Scooter,2025-07-29,2025-07-31 02:00:00,50,1000,4,0
8113,HCM District 1,Car,2025-03-15,2025-03-17 00:00:00,48,336,4,1
8114,Hanoi Center,Electric Scooter,2025-02-16,2025-02-18 03:00:00,51,714,3,0
8115,Hanoi Center,Bike,2025-08-11,2025-08-12 02:00:00,26,182,4,1
8116,Hanoi Center,Car,2025-08-18,2025-08-20 05:00:00,53,795,1,1
8117,HCM District 1,Electric Scooter,2025-06-10,2025-06-11 15:00:00,39,624,4,0
8118,HCM District 1,Electric Scooter,2025-08-10,2025-08-10 20:00:00,20,320,5,0
8119,Hanoi Center,Bike,2025-04-02,2025-04-02 15:00:00,15,225,2,0
8120,Hanoi Center,Bike,2025-08-01,2025-08-02 16:00:00,40,400,3,1
8121,HCM District 1,Car,2025-08-14,2025-08-15 00:00:00,24,336,4,0
8122,Da Nang City,Car,2025-09-29,2025-10-01 14:00:00,62,744,4,1
8123,Da Nang City,Car,2025-07-06,2025-07-07 15:00:00,39,468,2,1
8124,HCM District 1,Electric Scooter,2025-03-28,2025-03-30 10:00:00,58,348,5,1
8125,HCM District 1,Car,2025-09-24,2025-09-24 13:00:00,13,169,5,1
8126,Hanoi Center,Car,2025-04-24,2025-04-26 02:00:00,50,750,5,1
8127,HCM District 1,Car,2025-08-13,2025-08-14 00:00:00,24,408,4,1
8128,Hanoi Center,Bike,2025-04-04,2025-04-05 10:00:00,34,476,2,0
8129,HCM District 1,Electric Scooter,2025-09-07,2025-09-08 03:00:00,27,324,5,1
8130,Hanoi Center,Bike,2025-03-04,2025-03-04 12:00:00,12,72,3,1
8131,Da Nang City,Car,2025-10-18,2025-10-20 12:00:00,60,420,4,0
8132,HCM District 1,Electric Scooter,2025-04-11,2025-04-11 05:00:00,5,75,3,0
8133,Da Nang City,Car,2025-01-19,2025-01-21 08:00:00,56,280,5,1
8134,Da Nang City,Bike,2025-02-24,2025-02-24 02:00:00,2,32,2,1
8135,HCM District 1,Car,2025-07-04,2025-07-04 12:00:00,12,204,3,1
8136,HCM District 1,Bike,2025-04-14,2025-04-16 11:00:00,59,354,3,1
8137,Da Nang City,Bike,2025-08-23,2025-08-25 22:00:00,70,560,4,1
8138,Hanoi Center,Bike,2025-06-06,2025-06-08 16:00:00,64,896,3,1
8139,Hanoi Center,Car,2025-08-11,2025-08-13 01:00:00,49,245,4,1
8140,HCM District 1,Bike,2025-07-04,2025-07-04 08:00:00,8,104,4,0
8141,Hanoi Center,Electric Scooter,2025-04-09,2025-04-11 18:00:00,66,330,1,0
8142,Da Nang City,Bike,2025-09-10,2025-09-10 18:00:00,18,288,2,0
8143,Da Nang City,Electric Scooter,2025-09-15,2025-09-15 20:00:00,20,360,4,0
8144,HCM District 1,Bike,2025-01-18,2025-01-18 23:00:00,23,368,4,0
8145,Da Nang City,Car,2025-07-28,2025-07-30 17:00:00,65,780,4,0
8146,HCM District 1,Car,2025-01-13,2025-01-13 08:00:00,8,112,3,0
8147,HCM District 1,Car,2025-03-04,2025-03-04 14:00:00,14,266,5,1
8148,Hanoi Center,Electric Scooter,2025-10-23,2025-10-25 21:00:00,69,414,4,0
8149,Da Nang City,Car,2025-01-01,2025-01-02 14:00:00,38,418,5,1
8150,Da Nang City,Bike,2025-06-22,2025-06-23 11:00:00,35,595,4,0
8151,HCM District 1,Car,2025-05-29,2025-05-29 15:00:00,15,150,2,0
8152,Hanoi Center,Bike,2025-02-13,2025-02-16 00:00:00,72,1152,4,0
8153,Da Nang City,Electric Scooter,2025-06-08,2025-06-09 21:00:00,45,270,2,1
8154,Hanoi Center,Car,2025-09-16,2025-09-16 12:00:00,12,204,1,1
8155,Da Nang City,Car,2025-09-14,2025-09-16 07:00:00,55,825,4,1
8156,Da Nang City,Electric Scooter,2025-08-01,2025-08-01 21:00:00,21,231,5,1
8157,Hanoi Center,Electric Scooter,2025-02-22,2025-02-24 10:00:00,58,870,1,0
8158,Da Nang City,Electric Scooter,2025-10-25,2025-10-26 12:00:00,36,612,1,1
8159,Hanoi Center,Electric Scooter,2025-03-23,2025-03-24 19:00:00,43,258,4,0
8160,HCM District 1,Bike,2025-01-31,2025-02-01 18:00:00,42,546,4,0
8161,HCM District 1,Bike,2025-04-27,2025-04-28 01:00:00,25,325,5,1
8162,HCM District 1,Bike,2025-10-24,2025-10-24 06:00:00,6,66,1,1
8163,HCM District 1,Car,2025-07-02,2025-07-02 15:00:00,15,165,2,0
8164,Da Nang City,Bike,2025-10-12,2025-10-13 08:00:00,32,608,5,1
8165,HCM District 1,Car,2025-01-12,2025-01-13 16:00:00,40,520,4,0
8166,HCM District 1,Bike,2025-06-22,2025-06-24 06:00:00,54,324,4,0
8167,Da Nang City,Car,2025-03-23,2025-03-24 09:00:00,33,297,5,1
8168,HCM District 1,Car,2025-06-15,2025-06-16 01:00:00,25,400,5,1
8169,Hanoi Center,Car,2025-05-27,2025-05-27 14:00:00,14,238,5,0
8170,Hanoi Center,Electric Scooter,2025-01-27,2025-01-29 06:00:00,54,486,5,0
8171,HCM District 1,Electric Scooter,2025-08-17,2025-08-19 18:00:00,66,1188,5,0
8172,Da Nang City,Electric Scooter,2025-08-08,2025-08-08 02:00:00,2,12,3,1
8173,HCM District 1,Car,2025-03-08,2025-03-09 10:00:00,34,340,2,0
8174,Da Nang City,Bike,2025-01-29,2025-01-29 02:00:00,2,24,2,0
8175,Hanoi Center,Bike,2025-02-23,2025-02-24 04:00:00,28,364,1,1
8176,HCM District 1,Electric Scooter,2025-02-10,2025-02-10 21:00:00,21,273,3,0
8177,Da Nang City,Electric Scooter,2025-08-11,2025-08-13 23:00:00,71,1349,3,0
8178,Da Nang City,Bike,2025-03-08,2025-03-08 09:00:00,9,99,2,1
8179,Da Nang City,Bike,2025-07-13,2025-07-15 20:00:00,68,1156,5,1
8180,Da Nang City,Car,2025-01-16,2025-01-16 14:00:00,14,238,3,0
8181,HCM District 1,Car,2025-07-18,2025-07-19 21:00:00,45,225,4,0
8182,Da Nang City,Electric Scooter,2025-10-26,2025-10-27 00:00:00,24,192,1,0
8183,Hanoi Center,Electric Scooter,2025-03-06,2025-03-07 07:00:00,31,341,4,0
8184,HCM District 1,Car,2025-06-07,2025-06-09 19:00:00,67,1139,5,0
8185,Hanoi Center,Car,2025-04-19,2025-04-21 13:00:00,61,305,3,0
8186,Hanoi Center,Electric Scooter,2025-09-22,2025-09-24 06:00:00,54,864,1,0
8187,Hanoi Center,Car,2025-02-05,2025-02-05 12:00:00,12,180,2,0
8188,Da Nang City,Car,2025-01-08,2025-01-09 18:00:00,42,294,3,0
8189,Da Nang City,Bike,2025-04-07,2025-04-08 16:00:00,40,480,4,1
8190,Da Nang City,Bike,2025-09-29,2025-09-29 23:00:00,23,161,4,0
8191,HCM District 1,Bike,2025-06-06,2025-06-06 05:00:00,5,75,5,0
8192,Hanoi Center,Bike,2025-09-14,2025-09-16 03:00:00,51,867,2,1
8193,Hanoi Center,Electric Scooter,2025-01-16,2025-01-17 03:00:00,27,324,4,0
8194,HCM District 1,Electric Scooter,2025-05-19,2025-05-19 04:00:00,4,64,4,0
8195,Hanoi Center,Car,2025-05-15,2025-05-17 16:00:00,64,1216,3,1
8196,Da Nang City,Car,2025-09-26,2025-09-26 21:00:00,21,273,1,0
8197,HCM District 1,Electric Scooter,2025-02-07,2025-02-08 19:00:00,43,344,3,1
8198,Da Nang City,Electric Scooter,2025-02-08,2025-02-08 13:00:00,13,182,5,0
8199,HCM District 1,Bike,2025-02-12,2025-02-12 03:00:00,3,36,5,0
8200,Hanoi Center,Bike,2025-04-11,2025-04-12 12:00:00,36,216,3,0
8201,Da Nang City,Car,2025-09-18,2025-09-19 12:00:00,36,396,5,1
8202,HCM District 1,Electric Scooter,2025-09-06,2025-09-06 15:00:00,15,285,2,0
8203,Hanoi Center,Car,2025-05-30,2025-05-30 13:00:00,13,143,3,0
8204,HCM District 1,Car,2025-05-26,2025-05-28 12:00:00,60,1020,1,0
8205,Hanoi Center,Bike,2025-05-06,2025-05-08 21:00:00,69,759,1,1
8206,Hanoi Center,Electric Scooter,2025-09-24,2025-09-26 15:00:00,63,1260,3,1
8207,HCM District 1,Car,2025-08-20,2025-08-20 08:00:00,8,160,3,1
8208,Hanoi Center,Car,2025-08-18,2025-08-20 06:00:00,54,810,5,1
8209,HCM District 1,Electric Scooter,2025-06-28,2025-06-28 14:00:00,14,210,2,0
8210,Da Nang City,Car,2025-09-22,2025-09-24 19:00:00,67,1340,3,0
8211,Da Nang City,Electric Scooter,2025-09-24,2025-09-25 09:00:00,33,264,3,0
8212,HCM District 1,Bike,2025-09-23,2025-09-25 17:00:00,65,715,4,0
8213,Hanoi Center,Electric Scooter,2025-04-16,2025-04-17 20:00:00,44,220,5,1
8214,HCM District 1,Bike,2025-04-18,2025-04-20 08:00:00,56,448,3,1
8215,HCM District 1,Electric Scooter,2025-07-06,2025-07-06 19:00:00,19,342,1,0
8216,Hanoi Center,Car,2025-04-26,2025-04-28 01:00:00,49,980,1,1
8217,HCM District 1,Electric Scooter,2025-03-29,2025-03-30 04:00:00,28,308,1,1
8218,Da Nang City,Car,2025-07-16,2025-07-16 21:00:00,21,126,2,0
8219,Hanoi Center,Car,2025-06-12,2025-06-12 02:00:00,2,26,1,1
8220,Da Nang City,Bike,2025-07-17,2025-07-17 20:00:00,20,320,4,0
8221,HCM District 1,Bike,2025-01-04,2025-01-06 07:00:00,55,880,3,0
8222,Hanoi Center,Bike,2025-03-18,2025-03-18 12:00:00,12,180,3,1
8223,HCM District 1,Electric Scooter,2025-05-19,2025-05-20 15:00:00,39,390,2,1
8224,Hanoi Center,Electric Scooter,2025-04-29,2025-05-01 12:00:00,60,540,2,0
8225,HCM District 1,Car,2025-07-16,2025-07-16 05:00:00,5,45,2,1
8226,HCM District 1,Electric Scooter,2025-10-08,2025-10-10 21:00:00,69,1035,2,1
8227,Hanoi Center,Bike,2025-09-23,2025-09-23 16:00:00,16,112,1,0
8228,HCM District 1,Electric Scooter,2025-03-27,2025-03-28 15:00:00,39,234,3,1
8229,Hanoi Center,Electric Scooter,2025-06-27,2025-06-27 03:00:00,3,39,2,0
8230,Hanoi Center,Bike,2025-09-13,2025-09-14 06:00:00,30,390,4,0
8231,Da Nang City,Car,2025-06-30,2025-07-02 18:00:00,66,726,1,1
8232,HCM District 1,Bike,2025-04-28,2025-04-29 08:00:00,32,608,5,0
8233,HCM District 1,Electric Scooter,2025-09-03,2025-09-05 20:00:00,68,1088,5,1
8234,HCM District 1,Bike,2025-08-05,2025-08-06 19:00:00,43,258,1,1
8235,HCM District 1,Bike,2025-04-09,2025-04-09 21:00:00,21,105,4,0
8236,HCM District 1,Electric Scooter,2025-01-31,2025-02-01 14:00:00,38,684,4,1
8237,Hanoi Center,Car,2025-07-05,2025-07-06 07:00:00,31,155,2,1
8238,HCM District 1,Bike,2025-07-22,2025-07-22 15:00:00,15,285,4,1
8239,Hanoi Center,Car,2025-03-04,2025-03-04 13:00:00,13,156,4,1
8240,HCM District 1,Car,2025-08-26,2025-08-26 22:00:00,22,396,1,1
8241,Hanoi Center,Car,2025-06-22,2025-06-23 11:00:00,35,490,5,1
8242,Hanoi Center,Bike,2025-08-27,2025-08-27 06:00:00,6,66,5,1
8243,Da Nang City,Electric Scooter,2025-07-04,2025-07-06 11:00:00,59,944,3,0
8244,HCM District 1,Electric Scooter,2025-10-20,2025-10-21 10:00:00,34,204,3,0
8245,Da Nang City,Electric Scooter,2025-10-11,2025-10-12 15:00:00,39,741,3,0
8246,Hanoi Center,Bike,2025-08-13,2025-08-13 03:00:00,3,30,3,0
8247,Da Nang City,Car,2025-05-25,2025-05-27 05:00:00,53,530,4,0
8248,HCM District 1,Car,2025-10-06,2025-10-07 14:00:00,38,494,3,1
8249,Hanoi Center,Bike,2025-06-11,2025-06-11 22:00:00,22,198,5,0
8250,Da Nang City,Electric Scooter,2025-01-07,2025-01-07 16:00:00,16,320,3,0
8251,HCM District 1,Car,2025-09-25,2025-09-25 10:00:00,10,50,5,1
8252,Da Nang City,Bike,2025-09-10,2025-09-11 05:00:00,29,290,3,0
8253,HCM District 1,Electric Scooter,2025-07-30,2025-07-31 20:00:00,44,660,2,1
8254,HCM District 1,Car,2025-08-20,2025-08-22 02:00:00,50,350,3,1
8255,Hanoi Center,Bike,2025-05-19,2025-05-19 23:00:00,23,322,4,1
8256,Hanoi Center,Car,2025-04-11,2025-04-11 15:00:00,15,285,2,1
8257,HCM District 1,Electric Scooter,2025-05-26,2025-05-27 11:00:00,35,595,1,1
8258,Hanoi Center,Electric Scooter,2025-09-08,2025-09-09 23:00:00,47,282,5,0
8259,Hanoi Center,Electric Scooter,2025-02-09,2025-02-10 09:00:00,33,396,1,1
8260,Da Nang City,Car,2025-05-02,2025-05-02 17:00:00,17,136,5,1
8261,Hanoi Center,Electric Scooter,2025-02-12,2025-02-13 12:00:00,36,252,2,1
8262,Da Nang City,Electric Scooter,2025-06-28,2025-06-28 01:00:00,1,14,3,1
8263,Hanoi Center,Car,2025-08-24,2025-08-25 15:00:00,39,312,4,1
8264,HCM District 1,Bike,2025-03-18,2025-03-19 00:00:00,24,240,5,0
8265,Hanoi Center,Bike,2025-04-23,2025-04-24 08:00:00,32,160,2,1
8266,Hanoi Center,Bike,2025-06-11,2025-06-12 21:00:00,45,675,2,0
8267,Hanoi Center,Car,2025-03-27,2025-03-29 21:00:00,69,1380,5,1
8268,Da Nang City,Electric Scooter,2025-06-12,2025-06-13 08:00:00,32,512,3,0
8269,Da Nang City,Car,2025-10-07,2025-10-07 16:00:00,16,144,5,1
8270,HCM District 1,Car,2025-06-14,2025-06-15 10:00:00,34,612,3,0
8271,Hanoi Center,Electric Scooter,2025-03-10,2025-03-12 09:00:00,57,741,4,0
8272,Da Nang City,Car,2025-01-02,2025-01-04 04:00:00,52,728,2,1
8273,Hanoi Center,Electric Scooter,2025-01-30,2025-01-30 17:00:00,17,187,2,1
8274,Hanoi Center,Car,2025-01-07,2025-01-08 05:00:00,29,435,5,1
8275,Hanoi Center,Bike,2025-04-20,2025-04-21 15:00:00,39,234,3,1
8276,Hanoi Center,Bike,2025-06-07,2025-06-09 15:00:00,63,756,5,0
8277,Da Nang City,Electric Scooter,2025-10-01,2025-10-03 17:00:00,65,780,5,0
8278,Da Nang City,Electric Scooter,2025-02-15,2025-02-17 03:00:00,51,867,1,0
8279,HCM District 1,Bike,2025-01-14,2025-01-14 16:00:00,16,128,1,1
8280,HCM District 1,Bike,2025-05-17,2025-05-17 01:00:00,1,8,5,1
8281,Da Nang City,Electric Scooter,2025-07-27,2025-07-27 15:00:00,15,135,3,1
8282,Da Nang City,Car,2025-03-19,2025-03-21 00:00:00,48,288,4,0
8283,Da Nang City,Electric Scooter,2025-07-15,2025-07-16 19:00:00,43,473,4,1
8284,Da Nang City,Car,2025-05-21,2025-05-21 23:00:00,23,299,4,1
8285,Hanoi Center,Car,2025-08-19,2025-08-20 07:00:00,31,527,1,0
8286,Da Nang City,Electric Scooter,2025-04-16,2025-04-18 16:00:00,64,384,2,0
8287,Da Nang City,Electric Scooter,2025-04-17,2025-04-17 09:00:00,9,171,4,1
8288,HCM District 1,Bike,2025-07-13,2025-07-14 00:00:00,24,192,2,1
8289,HCM District 1,Bike,2025-02-17,2025-02-18 07:00:00,31,527,4,1
8290,HCM District 1,Car,2025-08-21,2025-08-21 20:00:00,20,100,2,1
8291,Da Nang City,Bike,2025-09-18,2025-09-19 17:00:00,41,615,3,0
8292,HCM District 1,Electric Scooter,2025-07-19,2025-07-21 04:00:00,52,364,1,1
8293,Hanoi Center,Electric Scooter,2025-07-15,2025-07-17 01:00:00,49,441,3,0
8294,Hanoi Center,Bike,2025-04-22,2025-04-24 11:00:00,59,295,1,1
8295,Da Nang City,Car,2025-08-12,2025-08-13 12:00:00,36,360,2,0
8296,Da Nang City,Electric Scooter,2025-05-01,2025-05-01 09:00:00,9,99,1,0
8297,Da Nang City,Bike,2025-07-03,2025-07-03 09:00:00,9,162,1,1
8298,Da Nang City,Electric Scooter,2025-07-17,2025-07-19 11:00:00,59,531,1,1
8299,Da Nang City,Car,2025-01-16,2025-01-18 12:00:00,60,780,4,0
8300,Da Nang City,Car,2025-01-24,2025-01-24 02:00:00,2,36,4,0
8301,HCM District 1,Bike,2025-01-29,2025-01-31 01:00:00,49,539,4,1
8302,HCM District 1,Bike,2025-04-20,2025-04-21 00:00:00,24,432,5,1
8303,Da Nang City,Bike,2025-05-28,2025-05-29 06:00:00,30,270,5,1
8304,Da Nang City,Electric Scooter,2025-07-30,2025-07-31 00:00:00,24,192,5,1
8305,HCM District 1,Car,2025-02-12,2025-02-14 13:00:00,61,915,3,1
8306,HCM District 1,Bike,2025-04-09,2025-04-10 18:00:00,42,546,1,0
8307,HCM District 1,Bike,2025-02-15,2025-02-15 07:00:00,7,119,4,0
8308,Hanoi Center,Electric Scooter,2025-02-08,2025-02-09 03:00:00,27,135,3,1
8309,Hanoi Center,Car,2025-04-16,2025-04-17 12:00:00,36,288,3,1
8310,Hanoi Center,Car,2025-05-15,2025-05-15 21:00:00,21,378,3,0
8311,Da Nang City,Electric Scooter,2025-07-28,2025-07-29 00:00:00,24,144,1,1
8312,Da Nang City,Electric Scooter,2025-05-11,2025-05-12 04:00:00,28,364,4,0
8313,Hanoi Center,Electric Scooter,2025-10-15,2025-10-17 01:00:00,49,392,3,0
8314,HCM District 1,Bike,2025-05-23,2025-05-23 22:00:00,22,242,2,1
8315,HCM District 1,Electric Scooter,2025-06-12,2025-06-13 20:00:00,44,572,5,1
8316,Da Nang City,Car,2025-04-14,2025-04-14 21:00:00,21,147,1,1
8317,HCM District 1,Electric Scooter,2025-08-29,2025-08-31 22:00:00,70,770,2,1
8318,Hanoi Center,Bike,2025-08-06,2025-08-08 06:00:00,54,594,1,1
8319,Hanoi Center,Electric Scooter,2025-09-01,2025-09-02 04:00:00,28,336,1,1
8320,HCM District 1,Car,2025-03-17,2025-03-18 06:00:00,30,420,3,1
8321,Da Nang City,Bike,2025-09-17,2025-09-17 06:00:00,6,90,4,1
8322,Hanoi Center,Bike,2025-05-06,2025-05-07 04:00:00,28,196,3,1
8323,Da Nang City,Car,2025-03-10,2025-03-11 20:00:00,44,396,4,1
8324,HCM District 1,Car,2025-04-19,2025-04-21 10:00:00,58,406,1,0
8325,Hanoi Center,Electric Scooter,2025-04-09,2025-04-11 14:00:00,62,1054,4,0
8326,Da Nang City,Bike,2025-04-19,2025-04-19 19:00:00,19,209,2,1
8327,Da Nang City,Bike,2025-04-25,2025-04-25 19:00:00,19,247,2,0
8328,Da Nang City,Electric Scooter,2025-08-22,2025-08-22 07:00:00,7,84,3,1
8329,Da Nang City,Electric Scooter,2025-07-28,2025-07-30 02:00:00,50,700,3,0
8330,HCM District 1,Electric Scooter,2025-05-07,2025-05-08 04:00:00,28,140,2,0
8331,Hanoi Center,Car,2025-06-01,2025-06-02 00:00:00,24,240,1,1
8332,Da Nang City,Car,2025-03-20,2025-03-20 20:00:00,20,100,4,1
8333,HCM District 1,Car,2025-08-07,2025-08-09 16:00:00,64,448,4,0
8334,HCM District 1,Bike,2025-01-31,2025-02-02 15:00:00,63,1071,1,0
8335,HCM District 1,Bike,2025-08-16,2025-08-17 10:00:00,34,272,3,0
8336,Hanoi Center,Car,2025-08-09,2025-08-09 14:00:00,14,252,4,0
8337,Da Nang City,Bike,2025-10-04,2025-10-06 08:00:00,56,840,3,0
8338,HCM District 1,Bike,2025-09-05,2025-09-06 00:00:00,24,264,2,0
8339,HCM District 1,Car,2025-03-13,2025-03-15 21:00:00,69,966,3,1
8340,Hanoi Center,Car,2025-02-17,2025-02-18 06:00:00,30,300,1,0
8341,HCM District 1,Bike,2025-01-30,2025-01-30 13:00:00,13,65,5,1
8342,HCM District 1,Car,2025-04-17,2025-04-17 17:00:00,17,238,3,1
8343,HCM District 1,Bike,2025-06-26,2025-06-28 14:00:00,62,682,1,1
8344,Hanoi Center,Bike,2025-03-21,2025-03-22 06:00:00,30,360,2,1
8345,Hanoi Center,Electric Scooter,2025-06-23,2025-06-25 06:00:00,54,864,4,0
8346,Hanoi Center,Car,2025-09-30,2025-10-02 14:00:00,62,868,4,0
8347,HCM District 1,Electric Scooter,2025-08-09,2025-08-11 01:00:00,49,245,2,0
8348,Da Nang City,Bike,2025-01-02,2025-01-04 09:00:00,57,1026,3,1
8349,Hanoi Center,Bike,2025-02-26,2025-02-26 14:00:00,14,182,2,1
8350,HCM District 1,Bike,2025-06-10,2025-06-11 04:00:00,28,168,5,0
8351,Hanoi Center,Electric Scooter,2025-09-17,2025-09-18 14:00:00,38,266,4,0
8352,Da Nang City,Bike,2025-01-25,2025-01-26 00:00:00,24,432,3,0
8353,Da Nang City,Bike,2025-09-25,2025-09-25 22:00:00,22,330,2,0
8354,Da Nang City,Car,2025-08-02,2025-08-04 19:00:00,67,402,1,0
8355,Hanoi Center,Bike,2025-09-28,2025-09-30 09:00:00,57,1140,3,0
8356,Da Nang City,Car,2025-04-26,2025-04-28 11:00:00,59,885,3,1
8357,Da Nang City,Bike,2025-10-05,2025-10-06 13:00:00,37,629,2,1
8358,Da Nang City,Bike,2025-10-15,2025-10-17 14:00:00,62,1116,1,1
8359,HCM District 1,Electric Scooter,2025-09-18,2025-09-19 04:00:00,28,532,3,1
8360,HCM District 1,Car,2025-08-30,2025-09-01 17:00:00,65,1170,2,1
8361,HCM District 1,Car,2025-05-18,2025-05-19 02:00:00,26,260,1,1
8362,Hanoi Center,Car,2025-08-28,2025-08-28 16:00:00,16,144,2,1
8363,HCM District 1,Bike,2025-02-08,2025-02-09 17:00:00,41,779,3,1
8364,HCM District 1,Bike,2025-05-06,2025-05-07 13:00:00,37,666,2,1
8365,HCM District 1,Car,2025-01-15,2025-01-15 06:00:00,6,90,3,1
8366,HCM District 1,Bike,2025-01-27,2025-01-27 05:00:00,5,80,3,0
8367,HCM District 1,Car,2025-03-17,2025-03-19 22:00:00,70,490,1,0
8368,Da Nang City,Car,2025-07-09,2025-07-11 18:00:00,66,792,2,0
8369,HCM District 1,Bike,2025-07-30,2025-07-31 17:00:00,41,410,3,1
8370,Hanoi Center,Bike,2025-05-07,2025-05-07 23:00:00,23,138,3,1
8371,HCM District 1,Bike,2025-05-23,2025-05-25 08:00:00,56,616,1,1
8372,Da Nang City,Car,2025-02-10,2025-02-10 22:00:00,22,418,4,0
8373,Da Nang City,Electric Scooter,2025-09-06,2025-09-06 03:00:00,3,42,3,0
8374,Hanoi Center,Electric Scooter,2025-05-25,2025-05-25 20:00:00,20,320,1,0
8375,Da Nang City,Electric Scooter,2025-02-03,2025-02-05 23:00:00,71,852,4,1
8376,HCM District 1,Bike,2025-02-22,2025-02-22 02:00:00,2,12,3,0
8377,HCM District 1,Bike,2025-02-15,2025-02-15 08:00:00,8,56,4,0
8378,Hanoi Center,Car,2025-10-21,2025-10-22 02:00:00,26,442,5,1
8379,Hanoi Center,Electric Scooter,2025-07-04,2025-07-05 14:00:00,38,418,2,1
8380,Hanoi Center,Electric Scooter,2025-09-04,2025-09-04 16:00:00,16,160,5,1
8381,Da Nang City,Electric Scooter,2025-03-14,2025-03-15 21:00:00,45,495,2,0
8382,HCM District 1,Electric Scooter,2025-05-25,2025-05-27 04:00:00,52,884,5,1
8383,HCM District 1,Car,2025-07-20,2025-07-22 15:00:00,63,630,3,1
8384,Hanoi Center,Bike,2025-03-07,2025-03-09 19:00:00,67,1005,5,1
8385,HCM District 1,Electric Scooter,2025-09-30,2025-09-30 07:00:00,7,112,3,1
8386,HCM District 1,Car,2025-04-26,2025-04-26 22:00:00,22,374,5,0
8387,Da Nang City,Bike,2025-07-11,2025-07-11 12:00:00,12,96,3,1
8388,HCM District 1,Electric Scooter,2025-09-04,2025-09-05 06:00:00,30,300,3,0
8389,Da Nang City,Electric Scooter,2025-01-09,2025-01-10 00:00:00,24,408,2,0
8390,Hanoi Center,Bike,2025-04-19,2025-04-22 00:00:00,72,576,2,0
8391,HCM District 1,Bike,2025-03-19,2025-03-21 18:00:00,66,462,4,1
8392,HCM District 1,Car,2025-07-12,2025-07-14 12:00:00,60,900,3,1
8393,HCM District 1,Electric Scooter,2025-03-10,2025-03-12 01:00:00,49,882,5,0
8394,Da Nang City,Bike,2025-08-17,2025-08-18 20:00:00,44,660,3,0
8395,Hanoi Center,Car,2025-04-22,2025-04-22 08:00:00,8,144,4,1
8396,Hanoi Center,Car,2025-05-30,2025-06-01 15:00:00,63,1197,4,1
8397,Da Nang City,Car,2025-09-06,2025-09-08 09:00:00,57,1026,4,1
8398,Hanoi Center,Electric Scooter,2025-03-08,2025-03-10 06:00:00,54,648,5,0
8399,Da Nang City,Car,2025-02-11,2025-02-12 17:00:00,41,615,2,1
8400,HCM District 1,Car,2025-04-02,2025-04-03 08:00:00,32,512,5,0
8401,Da Nang City,Electric Scooter,2025-07-13,2025-07-15 06:00:00,54,972,1,1
8402,Da Nang City,Bike,2025-03-31,2025-03-31 16:00:00,16,96,2,1
8403,Da Nang City,Bike,2025-02-27,2025-02-28 22:00:00,46,828,5,1
8404,Hanoi Center,Bike,2025-05-21,2025-05-22 20:00:00,44,748,5,1
8405,HCM District 1,Electric Scooter,2025-04-04,2025-04-06 05:00:00,53,583,2,1
8406,HCM District 1,Car,2025-09-19,2025-09-20 23:00:00,47,517,3,0
8407,HCM District 1,Bike,2025-07-22,2025-07-23 01:00:00,25,450,1,0
8408,HCM District 1,Bike,2025-10-06,2025-10-06 16:00:00,16,192,1,0
8409,HCM District 1,Car,2025-02-26,2025-02-26 19:00:00,19,285,5,1
8410,HCM District 1,Car,2025-04-04,2025-04-06 17:00:00,65,650,3,0
8411,HCM District 1,Electric Scooter,2025-07-06,2025-07-06 01:00:00,1,18,4,0
8412,HCM District 1,Car,2025-04-29,2025-05-01 17:00:00,65,1300,4,0
8413,HCM District 1,Bike,2025-08-30,2025-08-30 13:00:00,13,221,4,1
8414,Da Nang City,Bike,2025-01-09,2025-01-11 23:00:00,71,1278,1,0
8415,Da Nang City,Bike,2025-04-01,2025-04-04 00:00:00,72,576,2,0
8416,Hanoi Center,Electric Scooter,2025-06-13,2025-06-13 17:00:00,17,238,1,1
8417,Da Nang City,Electric Scooter,2025-05-23,2025-05-24 22:00:00,46,828,2,1
8418,HCM District 1,Electric Scooter,2025-01-01,2025-01-03 22:00:00,70,350,5,0
8419,Da Nang City,Electric Scooter,2025-03-10,2025-03-11 19:00:00,43,860,4,1
8420,Da Nang City,Bike,2025-05-18,2025-05-18 21:00:00,21,210,2,0
8421,HCM District 1,Car,2025-10-04,2025-10-04 17:00:00,17,289,2,1
8422,Da Nang City,Bike,2025-02-15,2025-02-15 02:00:00,2,36,3,0
8423,Hanoi Center,Car,2025-05-02,2025-05-02 15:00:00,15,210,1,0
8424,Da Nang City,Bike,2025-08-19,2025-08-19 19:00:00,19,361,3,0
8425,Da Nang City,Car,2025-07-30,2025-08-01 13:00:00,61,915,1,1
8426,Hanoi Center,Electric Scooter,2025-07-21,2025-07-23 19:00:00,67,335,5,0
8427,Da Nang City,Electric Scooter,2025-03-19,2025-03-21 02:00:00,50,700,4,0
8428,HCM District 1,Electric Scooter,2025-10-21,2025-10-23 16:00:00,64,512,4,0
8429,Hanoi Center,Bike,2025-05-15,2025-05-16 14:00:00,38,418,5,0
8430,HCM District 1,Electric Scooter,2025-10-06,2025-10-06 10:00:00,10,180,2,0
8431,Hanoi Center,Electric Scooter,2025-03-08,2025-03-10 09:00:00,57,741,3,0
8432,Da Nang City,Electric Scooter,2025-01-18,2025-01-19 19:00:00,43,774,2,0
8433,HCM District 1,Car,2025-01-07,2025-01-09 18:00:00,66,990,2,1
8434,HCM District 1,Electric Scooter,2025-06-10,2025-06-12 02:00:00,50,700,2,1
8435,HCM District 1,Electric Scooter,2025-07-20,2025-07-22 08:00:00,56,952,4,1
8436,Hanoi Center,Electric Scooter,2025-03-31,2025-04-01 15:00:00,39,624,2,0
8437,Da Nang City,Electric Scooter,2025-09-11,2025-09-11 11:00:00,11,165,2,0
8438,Hanoi Center,Electric Scooter,2025-03-15,2025-03-16 14:00:00,38,228,3,0
8439,HCM District 1,Electric Scooter,2025-08-04,2025-08-04 03:00:00,3,60,2,0
8440,HCM District 1,Bike,2025-03-25,2025-03-26 13:00:00,37,666,1,1
8441,HCM District 1,Bike,2025-03-15,2025-03-15 14:00:00,14,154,4,1
8442,Hanoi Center,Car,2025-04-14,2025-04-15 13:00:00,37,481,3,0
8443,HCM District 1,Electric Scooter,2025-03-02,2025-03-04 08:00:00,56,840,2,1
8444,Hanoi Center,Bike,2025-06-15,2025-06-17 04:00:00,52,624,5,0
8445,Hanoi Center,Bike,2025-02-23,2025-02-25 18:00:00,66,594,4,0
8446,HCM District 1,Car,2025-01-17,2025-01-19 21:00:00,69,621,1,0
8447,Da Nang City,Car,2025-04-27,2025-04-28 02:00:00,26,234,4,1
8448,Hanoi Center,Electric Scooter,2025-04-25,2025-04-27 22:00:00,70,840,1,0
8449,Hanoi Center,Car,2025-08-21,2025-08-22 16:00:00,40,280,1,0
8450,Da Nang City,Car,2025-02-23,2025-02-24 03:00:00,27,405,1,0
8451,Hanoi Center,Car,2025-02-23,2025-02-23 11:00:00,11,132,1,1
8452,Da Nang City,Bike,2025-08-04,2025-08-06 10:00:00,58,870,1,1
8453,Da Nang City,Electric Scooter,2025-02-22,2025-02-23 19:00:00,43,215,2,1
8454,HCM District 1,Bike,2025-03-21,2025-03-23 02:00:00,50,800,4,1
8455,HCM District 1,Bike,2025-09-20,2025-09-21 15:00:00,39,507,2,1
8456,HCM District 1,Car,2025-03-19,2025-03-19 23:00:00,23,207,5,0
8457,Da Nang City,Bike,2025-07-29,2025-07-29 05:00:00,5,85,2,0
8458,HCM District 1,Car,2025-03-01,2025-03-03 03:00:00,51,918,5,1
8459,HCM District 1,Bike,2025-05-29,2025-05-31 11:00:00,59,885,1,0
8460,Hanoi Center,Electric Scooter,2025-07-02,2025-07-03 18:00:00,42,294,3,0
8461,Hanoi Center,Bike,2025-03-11,2025-03-13 05:00:00,53,1007,4,1
8462,Hanoi Center,Car,2025-10-19,2025-10-19 14:00:00,14,98,5,1
8463,Hanoi Center,Car,2025-08-31,2025-09-02 15:00:00,63,945,2,1
8464,Da Nang City,Electric Scooter,2025-04-09,2025-04-10 17:00:00,41,656,4,1
8465,HCM District 1,Electric Scooter,2025-02-15,2025-02-17 11:00:00,59,708,1,1
8466,Da Nang City,Car,2025-09-14,2025-09-16 23:00:00,71,781,1,0
8467,HCM District 1,Car,2025-01-03,2025-01-05 09:00:00,57,513,5,1
8468,HCM District 1,Bike,2025-09-19,2025-09-19 15:00:00,15,150,4,0
8469,Da Nang City,Car,2025-07-06,2025-07-06 19:00:00,19,380,1,0
8470,Hanoi Center,Car,2025-04-29,2025-04-29 02:00:00,2,30,2,1
8471,Da Nang City,Bike,2025-05-13,2025-05-14 11:00:00,35,350,5,0
8472,HCM District 1,Electric Scooter,2025-07-24,2025-07-24 21:00:00,21,105,1,0
8473,Hanoi Center,Car,2025-03-18,2025-03-20 07:00:00,55,1045,2,0
8474,HCM District 1,Bike,2025-09-23,2025-09-24 08:00:00,32,512,5,0
8475,HCM District 1,Electric Scooter,2025-10-22,2025-10-23 01:00:00,25,325,5,1
8476,Da Nang City,Car,2025-07-25,2025-07-26 06:00:00,30,150,1,0
8477,HCM District 1,Car,2025-10-08,2025-10-08 19:00:00,19,95,3,1
8478,Hanoi Center,Bike,2025-08-30,2025-08-31 15:00:00,39,195,1,1
8479,Da Nang City,Electric Scooter,2025-06-03,2025-06-04 18:00:00,42,504,1,0
8480,HCM District 1,Electric Scooter,2025-01-16,2025-01-16 23:00:00,23,437,2,0
8481,HCM District 1,Electric Scooter,2025-04-15,2025-04-16 12:00:00,36,576,3,1
8482,Hanoi Center,Bike,2025-09-17,2025-09-20 00:00:00,72,864,3,0
8483,Da Nang City,Bike,2025-09-11,2025-09-11 15:00:00,15,180,2,1
8484,Hanoi Center,Car,2025-04-26,2025-04-26 12:00:00,12,84,2,1
8485,HCM District 1,Bike,2025-05-22,2025-05-22 21:00:00,21,315,5,0
8486,HCM District 1,Electric Scooter,2025-08-08,2025-08-08 02:00:00,2,28,1,1
8487,Da Nang City,Car,2025-03-08,2025-03-08 19:00:00,19,323,3,0
8488,HCM District 1,Bike,2025-05-28,2025-05-28 11:00:00,11,154,1,1
8489,Da Nang City,Electric Scooter,2025-10-11,2025-10-12 05:00:00,29,435,2,1
8490,Da Nang City,Bike,2025-02-14,2025-02-15 19:00:00,43,301,1,1
8491,Da Nang City,Car,2025-09-26,2025-09-26 14:00:00,14,280,3,0
8492,Hanoi Center,Car,2025-02-24,2025-02-25 01:00:00,25,150,4,0
8493,Hanoi Center,Electric Scooter,2025-09-12,2025-09-13 22:00:00,46,368,5,1
8494,HCM District 1,Car,2025-03-28,2025-03-30 14:00:00,62,310,3,1
8495,HCM District 1,Electric Scooter,2025-04-02,2025-04-04 20:00:00,68,612,3,1
8496,Hanoi Center,Electric Scooter,2025-10-10,2025-10-13 00:00:00,72,1440,3,0
8497,HCM District 1,Electric Scooter,2025-10-12,2025-10-14 08:00:00,56,784,3,0
8498,HCM District 1,Electric Scooter,2025-10-18,2025-10-18 21:00:00,21,336,2,1
8499,Da Nang City,Bike,2025-03-18,2025-03-19 14:00:00,38,532,3,0
8500,HCM District 1,Car,2025-01-02,2025-01-03 04:00:00,28,196,5,0
8501,Hanoi Center,Electric Scooter,2025-02-17,2025-02-18 07:00:00,31,465,3,0
8502,Da Nang City,Car,2025-10-14,2025-10-16 23:00:00,71,426,2,0
8503,Hanoi Center,Car,2025-06-14,2025-06-15 04:00:00,28,532,3,1
8504,Hanoi Center,Car,2025-02-15,2025-02-16 08:00:00,32,640,4,0
8505,Da Nang City,Electric Scooter,2025-05-15,2025-05-16 05:00:00,29,522,4,1
8506,Da Nang City,Electric Scooter,2025-03-05,2025-03-07 08:00:00,56,504,3,0
8507,HCM District 1,Bike,2025-07-02,2025-07-03 13:00:00,37,481,1,1
8508,Hanoi Center,Electric Scooter,2025-02-14,2025-02-15 22:00:00,46,874,1,1
8509,Hanoi Center,Car,2025-01-19,2025-01-19 08:00:00,8,40,2,0
8510,HCM District 1,Electric Scooter,2025-07-24,2025-07-26 10:00:00,58,638,2,1
8511,Hanoi Center,Bike,2025-10-07,2025-10-07 14:00:00,14,182,5,1
8512,Da Nang City,Electric Scooter,2025-07-10,2025-07-12 12:00:00,60,960,2,0
8513,Da Nang City,Bike,2025-01-31,2025-02-02 07:00:00,55,1100,1,0
8514,Da Nang City,Car,2025-07-26,2025-07-26 10:00:00,10,90,5,0
8515,Da Nang City,Electric Scooter,2025-01-22,2025-01-24 14:00:00,62,744,2,0
8516,Hanoi Center,Bike,2025-04-29,2025-04-29 13:00:00,13,247,2,0
8517,HCM District 1,Electric Scooter,2025-06-30,2025-07-01 17:00:00,41,697,5,1
8518,Da Nang City,Electric Scooter,2025-01-28,2025-01-29 09:00:00,33,231,2,1
8519,HCM District 1,Car,2025-07-14,2025-07-16 06:00:00,54,756,1,1
8520,HCM District 1,Car,2025-09-23,2025-09-23 05:00:00,5,50,3,1
8521,Hanoi Center,Bike,2025-01-20,2025-01-20 02:00:00,2,14,4,0
8522,HCM District 1,Electric Scooter,2025-07-21,2025-07-22 20:00:00,44,792,5,1
8523,Da Nang City,Electric Scooter,2025-03-16,2025-03-17 11:00:00,35,420,2,0
8524,HCM District 1,Car,2025-02-24,2025-02-24 08:00:00,8,112,3,0
8525,Da Nang City,Electric Scooter,2025-10-21,2025-10-22 22:00:00,46,552,4,1
8526,Hanoi Center,Car,2025-05-27,2025-05-28 01:00:00,25,475,5,0
8527,Hanoi Center,Bike,2025-05-29,2025-05-31 19:00:00,67,938,4,0
8528,Hanoi Center,Bike,2025-06-12,2025-06-13 06:00:00,30,450,2,0
8529,HCM District 1,Car,2025-10-19,2025-10-20 11:00:00,35,315,1,1
8530,Da Nang City,Electric Scooter,2025-06-18,2025-06-19 21:00:00,45,630,3,0
8531,Da Nang City,Bike,2025-01-03,2025-01-05 15:00:00,63,1071,5,1
8532,Hanoi Center,Car,2025-04-14,2025-04-15 20:00:00,44,572,4,1
8533,HCM District 1,Car,2025-01-02,2025-01-04 23:00:00,71,426,1,1
8534,HCM District 1,Car,2025-06-19,2025-06-20 21:00:00,45,315,1,0
8535,HCM District 1,Bike,2025-05-31,2025-05-31 13:00:00,13,91,2,0
8536,Hanoi Center,Electric Scooter,2025-04-16,2025-04-17 01:00:00,25,425,4,0
8537,HCM District 1,Electric Scooter,2025-02-04,2025-02-04 14:00:00,14,112,5,1
8538,HCM District 1,Electric Scooter,2025-03-02,2025-03-03 00:00:00,24,168,5,0
8539,HCM District 1,Bike,2025-04-24,2025-04-24 21:00:00,21,378,5,0
8540,Da Nang City,Electric Scooter,2025-05-22,2025-05-24 07:00:00,55,935,2,1
8541,Hanoi Center,Car,2025-01-05,2025-01-05 21:00:00,21,252,1,0
8542,HCM District 1,Bike,2025-03-19,2025-03-19 22:00:00,22,286,2,1
8543,Da Nang City,Bike,2025-01-19,2025-01-21 02:00:00,50,800,3,1
8544,Hanoi Center,Electric Scooter,2025-07-05,2025-07-07 06:00:00,54,648,5,0
8545,Hanoi Center,Electric Scooter,2025-08-24,2025-08-26 16:00:00,64,1024,3,1
8546,Da Nang City,Car,2025-03-19,2025-03-21 23:00:00,71,994,1,1
8547,HCM District 1,Bike,2025-10-24,2025-10-26 14:00:00,62,992,4,0
8548,Hanoi Center,Electric Scooter,2025-10-27,2025-10-27 23:00:00,23,299,3,0
8549,Da Nang City,Car,2025-10-27,2025-10-29 11:00:00,59,649,3,0
8550,HCM District 1,Bike,2025-09-21,2025-09-23 00:00:00,48,864,1,0
8551,HCM District 1,Electric Scooter,2025-08-21,2025-08-21 11:00:00,11,176,4,0
8552,Da Nang City,Car,2025-10-14,2025-10-16 06:00:00,54,918,4,1
8553,Hanoi Center,Bike,2025-01-30,2025-02-01 04:00:00,52,936,1,0
8554,Da Nang City,Bike,2025-01-06,2025-01-07 15:00:00,39,624,5,0
8555,HCM District 1,Electric Scooter,2025-06-23,2025-06-25 09:00:00,57,855,5,1
8556,HCM District 1,Bike,2025-07-28,2025-07-30 13:00:00,61,671,3,0
8557,Hanoi Center,Electric Scooter,2025-03-27,2025-03-29 18:00:00,66,660,3,1
8558,Hanoi Center,Electric Scooter,2025-09-08,2025-09-08 17:00:00,17,323,2,1
8559,Da Nang City,Car,2025-03-20,2025-03-20 01:00:00,1,7,2,0
8560,HCM District 1,Bike,2025-04-12,2025-04-12 03:00:00,3,33,3,0
8561,Da Nang City,Car,2025-07-07,2025-07-09 00:00:00,48,864,2,1
8562,HCM District 1,Bike,2025-09-27,2025-09-28 04:00:00,28,140,5,1
8563,Hanoi Center,Car,2025-01-30,2025-01-31 03:00:00,27,540,3,1
8564,Da Nang City,Bike,2025-08-29,2025-08-30 13:00:00,37,629,3,0
8565,HCM District 1,Car,2025-06-30,2025-07-01 16:00:00,40,520,1,1
8566,HCM District 1,Car,2025-06-04,2025-06-06 11:00:00,59,1121,4,0
8567,Da Nang City,Car,2025-02-09,2025-02-10 03:00:00,27,405,1,1
8568,HCM District 1,Electric Scooter,2025-04-17,2025-04-18 06:00:00,30,360,4,0
8569,Hanoi Center,Car,2025-05-31,2025-05-31 15:00:00,15,135,4,1
8570,Hanoi Center,Electric Scooter,2025-02-23,2025-02-23 16:00:00,16,288,4,1
8571,Da Nang City,Electric Scooter,2025-05-21,2025-05-22 12:00:00,36,504,5,1
8572,Hanoi Center,Electric Scooter,2025-07-14,2025-07-15 18:00:00,42,462,4,0
8573,HCM District 1,Car,2025-09-08,2025-09-10 08:00:00,56,504,5,1
8574,Da Nang City,Electric Scooter,2025-06-19,2025-06-20 08:00:00,32,224,2,0
8575,Da Nang City,Car,2025-02-25,2025-02-26 14:00:00,38,380,1,0
8576,Da Nang City,Electric Scooter,2025-03-26,2025-03-27 04:00:00,28,140,1,0
8577,Hanoi Center,Electric Scooter,2025-03-26,2025-03-26 19:00:00,19,228,1,1
8578,Da Nang City,Electric Scooter,2025-03-30,2025-03-30 06:00:00,6,78,1,1
8579,Da Nang City,Car,2025-06-05,2025-06-05 03:00:00,3,54,1,1
8580,Da Nang City,Car,2025-03-25,2025-03-26 05:00:00,29,348,1,0
8581,Hanoi Center,Bike,2025-01-20,2025-01-22 13:00:00,61,671,1,1
8582,HCM District 1,Car,2025-07-27,2025-07-27 16:00:00,16,96,3,0
8583,Hanoi Center,Bike,2025-10-19,2025-10-19 05:00:00,5,40,4,1
8584,Hanoi Center,Electric Scooter,2025-05-13,2025-05-15 05:00:00,53,954,4,1
8585,Hanoi Center,Bike,2025-09-03,2025-09-03 21:00:00,21,336,1,1
8586,Hanoi Center,Bike,2025-08-25,2025-08-25 11:00:00,11,66,4,1
8587,Da Nang City,Bike,2025-08-10,2025-08-11 00:00:00,24,432,4,0
8588,HCM District 1,Electric Scooter,2025-01-17,2025-01-18 15:00:00,39,273,3,0
8589,HCM District 1,Bike,2025-10-06,2025-10-07 22:00:00,46,782,1,1
8590,HCM District 1,Car,2025-06-04,2025-06-06 22:00:00,70,560,5,0
8591,Hanoi Center,Car,2025-08-27,2025-08-29 19:00:00,67,670,5,1
8592,HCM District 1,Car,2025-10-19,2025-10-20 02:00:00,26,416,2,1
8593,Hanoi Center,Car,2025-05-04,2025-05-04 04:00:00,4,72,3,0
8594,HCM District 1,Electric Scooter,2025-05-07,2025-05-07 21:00:00,21,357,3,1
8595,HCM District 1,Car,2025-08-09,2025-08-11 08:00:00,56,1120,3,1
8596,Hanoi Center,Car,2025-03-25,2025-03-26 00:00:00,24,480,3,0
8597,Hanoi Center,Car,2025-09-11,2025-09-13 14:00:00,62,744,4,1
8598,Da Nang City,Car,2025-03-28,2025-03-29 00:00:00,24,120,5,1
8599,Da Nang City,Electric Scooter,2025-04-24,2025-04-24 11:00:00,11,121,1,1
8600,Da Nang City,Bike,2025-03-07,2025-03-09 13:00:00,61,427,2,0
8601,HCM District 1,Electric Scooter,2025-09-20,2025-09-20 04:00:00,4,80,2,0
8602,HCM District 1,Bike,2025-02-01,2025-02-01 21:00:00,21,336,4,1
8603,Da Nang City,Electric Scooter,2025-01-17,2025-01-18 01:00:00,25,450,5,0
8604,HCM District 1,Bike,2025-05-11,2025-05-13 08:00:00,56,896,5,1
8605,Da Nang City,Bike,2025-05-31,2025-06-01 06:00:00,30,270,1,1
8606,Hanoi Center,Car,2025-05-14,2025-05-14 04:00:00,4,32,4,1
8607,Da Nang City,Bike,2025-07-02,2025-07-03 09:00:00,33,363,3,0
8608,Hanoi Center,Bike,2025-09-11,2025-09-12 23:00:00,47,846,5,1
8609,Hanoi Center,Car,2025-07-08,2025-07-08 06:00:00,6,120,5,1
8610,Hanoi Center,Car,2025-01-12,2025-01-13 16:00:00,40,440,3,0
8611,Da Nang City,Electric Scooter,2025-02-07,2025-02-09 03:00:00,51,969,2,1
8612,Hanoi Center,Bike,2025-05-26,2025-05-27 16:00:00,40,360,5,0
8613,Hanoi Center,Bike,2025-04-01,2025-04-03 16:00:00,64,448,4,1
8614,Hanoi Center,Electric Scooter,2025-05-31,2025-06-02 02:00:00,50,550,5,0
8615,Da Nang City,Electric Scooter,2025-01-24,2025-01-24 13:00:00,13,182,4,1
8616,Da Nang City,Bike,2025-10-20,2025-10-20 06:00:00,6,102,1,0
8617,HCM District 1,Electric Scooter,2025-01-13,2025-01-13 03:00:00,3,39,5,0
8618,Da Nang City,Car,2025-03-23,2025-03-23 10:00:00,10,110,1,0
8619,Da Nang City,Car,2025-04-23,2025-04-24 12:00:00,36,180,5,1
8620,Da Nang City,Car,2025-05-06,2025-05-06 01:00:00,1,7,5,0
8621,Hanoi Center,Electric Scooter,2025-10-09,2025-10-09 23:00:00,23,345,3,0
8622,Da Nang City,Bike,2025-06-14,2025-06-15 12:00:00,36,504,1,1
8623,Hanoi Center,Bike,2025-05-28,2025-05-29 10:00:00,34,238,1,1
8624,HCM District 1,Electric Scooter,2025-04-16,2025-04-17 01:00:00,25,350,4,1
8625,Hanoi Center,Electric Scooter,2025-03-23,2025-03-25 07:00:00,55,990,5,0
8626,HCM District 1,Electric Scooter,2025-06-29,2025-07-01 12:00:00,60,300,2,0
8627,HCM District 1,Bike,2025-03-14,2025-03-14 14:00:00,14,154,3,1
8628,Da Nang City,Car,2025-03-10,2025-03-11 02:00:00,26,520,2,0
8629,Hanoi Center,Electric Scooter,2025-07-30,2025-08-01 18:00:00,66,1056,3,0
8630,HCM District 1,Bike,2025-07-07,2025-07-09 02:00:00,50,700,4,1
8631,Da Nang City,Bike,2025-01-26,2025-01-28 05:00:00,53,371,5,1
8632,Hanoi Center,Bike,2025-04-03,2025-04-03 06:00:00,6,60,2,0
8633,Da Nang City,Bike,2025-04-29,2025-05-01 14:00:00,62,620,3,1
8634,Hanoi Center,Electric Scooter,2025-06-12,2025-06-14 13:00:00,61,549,5,0
8635,Da Nang City,Car,2025-05-05,2025-05-07 00:00:00,48,336,2,1
8636,HCM District 1,Bike,2025-04-25,2025-04-27 08:00:00,56,1120,3,0
8637,Da Nang City,Car,2025-06-01,2025-06-01 12:00:00,12,228,4,1
8638,Da Nang City,Car,2025-03-21,2025-03-23 11:00:00,59,1003,2,0
8639,HCM District 1,Bike,2025-02-08,2025-02-08 06:00:00,6,96,2,1
8640,Hanoi Center,Car,2025-03-19,2025-03-21 12:00:00,60,1140,2,1
8641,Hanoi Center,Electric Scooter,2025-10-26,2025-10-26 12:00:00,12,108,2,1
8642,Hanoi Center,Car,2025-04-04,2025-04-05 01:00:00,25,450,5,1
8643,Hanoi Center,Bike,2025-10-26,2025-10-28 16:00:00,64,1216,5,0
8644,HCM District 1,Electric Scooter,2025-06-30,2025-07-01 13:00:00,37,444,2,1
8645,HCM District 1,Electric Scooter,2025-03-04,2025-03-06 05:00:00,53,1060,5,0
8646,Hanoi Center,Bike,2025-10-05,2025-10-06 05:00:00,29,290,3,1
8647,Da Nang City,Electric Scooter,2025-06-24,2025-06-24 06:00:00,6,36,5,0
8648,Hanoi Center,Electric Scooter,2025-09-21,2025-09-23 03:00:00,51,612,4,0
8649,HCM District 1,Bike,2025-01-11,2025-01-11 19:00:00,19,228,2,1
8650,Da Nang City,Bike,2025-09-02,2025-09-03 14:00:00,38,570,1,1
8651,HCM District 1,Bike,2025-05-06,2025-05-07 16:00:00,40,440,4,1
8652,Da Nang City,Electric Scooter,2025-10-05,2025-10-05 22:00:00,22,374,5,0
8653,Da Nang City,Electric Scooter,2025-03-17,2025-03-17 19:00:00,19,95,2,0
8654,Da Nang City,Electric Scooter,2025-08-07,2025-08-07 21:00:00,21,189,3,0
8655,HCM District 1,Car,2025-07-09,2025-07-11 00:00:00,48,480,4,1
8656,Da Nang City,Car,2025-05-03,2025-05-05 19:00:00,67,938,1,0
8657,Hanoi Center,Bike,2025-10-07,2025-10-08 16:00:00,40,320,4,1
8658,HCM District 1,Car,2025-01-30,2025-01-31 20:00:00,44,484,2,0
8659,Da Nang City,Car,2025-09-07,2025-09-07 01:00:00,1,10,3,0
8660,HCM District 1,Bike,2025-04-05,2025-04-05 15:00:00,15,300,5,0
8661,HCM District 1,Bike,2025-01-08,2025-01-09 03:00:00,27,513,1,0
8662,HCM District 1,Bike,2025-07-02,2025-07-03 18:00:00,42,336,1,1
8663,HCM District 1,Electric Scooter,2025-01-29,2025-01-29 03:00:00,3,24,3,0
8664,Da Nang City,Car,2025-10-28,2025-10-28 18:00:00,18,306,2,0
8665,Hanoi Center,Bike,2025-03-07,2025-03-09 07:00:00,55,440,1,0
8666,Hanoi Center,Bike,2025-01-05,2025-01-05 17:00:00,17,85,2,1
8667,Da Nang City,Car,2025-08-09,2025-08-09 10:00:00,10,130,5,1
8668,Da Nang City,Car,2025-05-28,2025-05-28 01:00:00,1,17,5,1
8669,Da Nang City,Car,2025-02-26,2025-02-28 08:00:00,56,784,4,1
8670,HCM District 1,Car,2025-05-09,2025-05-09 06:00:00,6,78,2,0
8671,Hanoi Center,Car,2025-04-28,2025-04-30 01:00:00,49,735,5,0
8672,Hanoi Center,Bike,2025-06-06,2025-06-06 18:00:00,18,234,2,1
8673,HCM District 1,Electric Scooter,2025-02-13,2025-02-14 19:00:00,43,516,3,0
8674,Da Nang City,Bike,2025-09-07,2025-09-09 07:00:00,55,495,4,0
8675,Da Nang City,Car,2025-07-28,2025-07-28 16:00:00,16,144,4,0
8676,Da Nang City,Bike,2025-06-26,2025-06-27 13:00:00,37,666,5,1
8677,HCM District 1,Car,2025-06-05,2025-06-07 22:00:00,70,350,5,1
8678,Da Nang City,Car,2025-09-27,2025-09-28 21:00:00,45,855,1,0
8679,Hanoi Center,Bike,2025-09-30,2025-10-02 00:00:00,48,432,1,0
8680,Hanoi Center,Car,2025-04-17,2025-04-18 06:00:00,30,450,2,0
8681,Hanoi Center,Car,2025-07-31,2025-07-31 19:00:00,19,209,5,1
8682,HCM District 1,Car,2025-02-15,2025-02-17 19:00:00,67,938,2,1
8683,Hanoi Center,Car,2025-04-04,2025-04-04 10:00:00,10,80,1,1
8684,Da Nang City,Electric Scooter,2025-01-22,2025-01-22 17:00:00,17,170,2,0
8685,HCM District 1,Electric Scooter,2025-06-15,2025-06-16 13:00:00,37,666,2,0
8686,Hanoi Center,Bike,2025-02-16,2025-02-18 13:00:00,61,671,4,0
8687,Da Nang City,Bike,2025-05-15,2025-05-15 21:00:00,21,378,5,1
8688,Hanoi Center,Car,2025-01-12,2025-01-14 03:00:00,51,816,3,0
8689,Da Nang City,Electric Scooter,2025-05-20,2025-05-21 10:00:00,34,272,2,0
8690,Da Nang City,Electric Scooter,2025-07-02,2025-07-02 15:00:00,15,225,2,0
8691,Da Nang City,Electric Scooter,2025-07-04,2025-07-05 10:00:00,34,238,5,1
8692,HCM District 1,Bike,2025-05-26,2025-05-28 14:00:00,62,806,4,1
8693,Da Nang City,Bike,2025-10-24,2025-10-25 00:00:00,24,216,4,0
8694,Da Nang City,Bike,2025-03-05,2025-03-06 19:00:00,43,258,4,1
8695,Hanoi Center,Electric Scooter,2025-09-26,2025-09-28 00:00:00,48,624,5,0
8696,Hanoi Center,Electric Scooter,2025-06-29,2025-07-01 04:00:00,52,832,1,0
8697,Hanoi Center,Electric Scooter,2025-06-30,2025-07-03 00:00:00,72,936,1,1
8698,Hanoi Center,Car,2025-03-10,2025-03-10 02:00:00,2,30,4,1
8699,HCM District 1,Car,2025-08-23,2025-08-24 10:00:00,34,680,2,1
8700,Hanoi Center,Bike,2025-02-19,2025-02-21 19:00:00,67,1206,4,1
8701,Da Nang City,Car,2025-01-29,2025-01-30 04:00:00,28,532,1,0
8702,Hanoi Center,Electric Scooter,2025-10-17,2025-10-17 06:00:00,6,84,1,0
8703,Da Nang City,Electric Scooter,2025-02-07,2025-02-09 10:00:00,58,870,1,1
8704,HCM District 1,Bike,2025-01-27,2025-01-29 06:00:00,54,486,4,1
8705,Hanoi Center,Bike,2025-03-22,2025-03-23 17:00:00,41,656,4,1
8706,HCM District 1,Electric Scooter,2025-04-07,2025-04-08 12:00:00,36,612,5,0
8707,Hanoi Center,Electric Scooter,2025-01-11,2025-01-11 12:00:00,12,108,2,0
8708,Da Nang City,Electric Scooter,2025-02-20,2025-02-22 16:00:00,64,768,2,0
8709,Hanoi Center,Bike,2025-03-16,2025-03-18 19:00:00,67,1072,2,0
8710,HCM District 1,Bike,2025-06-19,2025-06-21 21:00:00,69,897,1,1
8711,HCM District 1,Bike,2025-03-10,2025-03-12 04:00:00,52,884,2,1
8712,Hanoi Center,Car,2025-09-23,2025-09-23 02:00:00,2,26,3,0
8713,Da Nang City,Electric Scooter,2025-09-04,2025-09-04 03:00:00,3,30,3,0
8714,Da Nang City,Bike,2025-09-27,2025-09-28 05:00:00,29,464,4,1
8715,Da Nang City,Electric Scooter,2025-09-20,2025-09-20 03:00:00,3,39,2,0
8716,Da Nang City,Electric Scooter,2025-07-24,2025-07-24 19:00:00,19,323,3,0
8717,HCM District 1,Car,2025-03-05,2025-03-07 08:00:00,56,840,1,1
8718,Hanoi Center,Bike,2025-07-21,2025-07-22 00:00:00,24,336,4,1
8719,HCM District 1,Bike,2025-04-20,2025-04-20 17:00:00,17,119,4,0
8720,Da Nang City,Electric Scooter,2025-05-29,2025-05-30 23:00:00,47,423,2,0
8721,HCM District 1,Bike,2025-01-22,2025-01-24 07:00:00,55,275,5,0
8722,Da Nang City,Bike,2025-02-22,2025-02-24 17:00:00,65,585,4,0
8723,Da Nang City,Car,2025-10-26,2025-10-27 15:00:00,39,546,4,1
8724,Da Nang City,Bike,2025-06-07,2025-06-08 06:00:00,30,150,1,0
8725,Hanoi Center,Electric Scooter,2025-01-08,2025-01-09 11:00:00,35,210,3,0
8726,Hanoi Center,Bike,2025-09-01,2025-09-01 10:00:00,10,100,5,0
8727,HCM District 1,Car,2025-09-13,2025-09-15 08:00:00,56,952,3,0
8728,HCM District 1,Bike,2025-10-10,2025-10-12 12:00:00,60,540,5,0
8729,Da Nang City,Car,2025-01-28,2025-01-30 15:00:00,63,1134,1,0
8730,HCM District 1,Bike,2025-06-15,2025-06-16 01:00:00,25,425,5,0
8731,Da Nang City,Bike,2025-06-30,2025-07-01 08:00:00,32,608,4,1
8732,Da Nang City,Car,2025-09-02,2025-09-02 07:00:00,7,35,3,1
8733,HCM District 1,Car,2025-04-01,2025-04-03 09:00:00,57,570,2,1
8734,HCM District 1,Electric Scooter,2025-06-04,2025-06-04 08:00:00,8,128,2,1
8735,Hanoi Center,Car,2025-07-16,2025-07-17 19:00:00,43,688,1,0
8736,HCM District 1,Electric Scooter,2025-01-25,2025-01-27 11:00:00,59,944,5,0
8737,Hanoi Center,Bike,2025-04-25,2025-04-25 08:00:00,8,136,2,1
8738,Hanoi Center,Bike,2025-07-08,2025-07-10 18:00:00,66,1254,1,0
8739,HCM District 1,Car,2025-09-15,2025-09-17 18:00:00,66,1320,5,1
8740,Hanoi Center,Electric Scooter,2025-10-22,2025-10-24 09:00:00,57,798,4,1
8741,Hanoi Center,Electric Scooter,2025-02-14,2025-02-16 03:00:00,51,1020,1,1
8742,Da Nang City,Car,2025-05-28,2025-05-30 18:00:00,66,1122,2,0
8743,HCM District 1,Car,2025-09-25,2025-09-25 12:00:00,12,156,3,1
8744,Hanoi Center,Bike,2025-08-12,2025-08-14 00:00:00,48,576,5,1
8745,HCM District 1,Bike,2025-10-03,2025-10-05 13:00:00,61,1159,4,0
8746,Hanoi Center,Car,2025-03-28,2025-03-30 02:00:00,50,500,4,1
8747,Hanoi Center,Bike,2025-02-14,2025-02-16 22:00:00,70,840,1,0
8748,HCM District 1,Electric Scooter,2025-01-19,2025-01-20 02:00:00,26,494,2,1
8749,Da Nang City,Bike,2025-09-10,2025-09-12 13:00:00,61,1037,2,1
8750,HCM District 1,Car,2025-01-19,2025-01-20 22:00:00,46,552,4,1
8751,HCM District 1,Electric Scooter,2025-04-20,2025-04-22 23:00:00,71,355,5,1
8752,Hanoi Center,Electric Scooter,2025-01-14,2025-01-15 04:00:00,28,336,3,1
8753,HCM District 1,Bike,2025-05-24,2025-05-26 21:00:00,69,897,1,1
8754,HCM District 1,Bike,2025-10-02,2025-10-04 17:00:00,65,780,1,1
8755,Da Nang City,Bike,2025-08-05,2025-08-05 21:00:00,21,210,3,0
8756,Da Nang City,Bike,2025-02-06,2025-02-06 20:00:00,20,320,3,1
8757,HCM District 1,Bike,2025-07-18,2025-07-20 01:00:00,49,686,4,1
8758,Hanoi Center,Car,2025-01-13,2025-01-13 08:00:00,8,152,4,0
8759,Hanoi Center,Bike,2025-02-07,2025-02-07 08:00:00,8,160,5,0
8760,Hanoi Center,Electric Scooter,2025-03-17,2025-03-17 19:00:00,19,266,5,1
8761,HCM District 1,Car,2025-05-21,2025-05-22 00:00:00,24,312,1,0
8762,Hanoi Center,Bike,2025-08-06,2025-08-08 00:00:00,48,336,1,0
8763,Hanoi Center,Electric Scooter,2025-01-26,2025-01-26 14:00:00,14,154,4,0
8764,HCM District 1,Bike,2025-08-18,2025-08-20 21:00:00,69,621,2,1
8765,Da Nang City,Car,2025-08-07,2025-08-09 21:00:00,69,345,5,0
8766,HCM District 1,Car,2025-01-04,2025-01-05 01:00:00,25,225,2,1
8767,HCM District 1,Bike,2025-06-14,2025-06-14 12:00:00,12,84,4,0
8768,HCM District 1,Electric Scooter,2025-04-08,2025-04-09 06:00:00,30,330,3,0
8769,Da Nang City,Electric Scooter,2025-05-12,2025-05-12 06:00:00,6,108,3,1
8770,HCM District 1,Bike,2025-08-27,2025-08-29 14:00:00,62,434,2,1
8771,Hanoi Center,Electric Scooter,2025-10-13,2025-10-15 06:00:00,54,378,5,0
8772,Hanoi Center,Bike,2025-06-28,2025-06-28 22:00:00,22,220,4,1
8773,Da Nang City,Electric Scooter,2025-06-13,2025-06-15 04:00:00,52,884,1,1
8774,Da Nang City,Electric Scooter,2025-03-16,2025-03-16 02:00:00,2,28,5,1
8775,Da Nang City,Bike,2025-10-19,2025-10-20 08:00:00,32,448,5,1
8776,Hanoi Center,Bike,2025-01-17,2025-01-19 19:00:00,67,1005,2,0
8777,HCM District 1,Car,2025-08-23,2025-08-24 10:00:00,34,442,5,1
8778,Hanoi Center,Car,2025-10-23,2025-10-24 04:00:00,28,168,2,0
8779,Hanoi Center,Electric Scooter,2025-09-27,2025-09-29 09:00:00,57,855,5,0
8780,Da Nang City,Car,2025-05-21,2025-05-21 19:00:00,19,380,1,0
8781,Hanoi Center,Car,2025-10-27,2025-10-30 00:00:00,72,1368,1,1
8782,HCM District 1,Electric Scooter,2025-01-11,2025-01-11 15:00:00,15,165,4,0
8783,Hanoi Center,Electric Scooter,2025-08-16,2025-08-18 11:00:00,59,590,4,1
8784,Hanoi Center,Electric Scooter,2025-10-09,2025-10-11 16:00:00,64,1088,2,0
8785,Da Nang City,Electric Scooter,2025-05-23,2025-05-25 20:00:00,68,476,2,0
8786,Da Nang City,Car,2025-06-04,2025-06-04 01:00:00,1,13,5,0
8787,Da Nang City,Electric Scooter,2025-04-18,2025-04-19 21:00:00,45,450,3,1
8788,HCM District 1,Bike,2025-05-19,2025-05-19 14:00:00,14,154,2,1
8789,HCM District 1,Electric Scooter,2025-04-07,2025-04-08 17:00:00,41,451,2,1
8790,Da Nang City,Bike,2025-02-17,2025-02-18 11:00:00,35,350,4,0
8791,Hanoi Center,Bike,2025-10-25,2025-10-25 06:00:00,6,102,1,0
8792,Hanoi Center,Car,2025-08-11,2025-08-12 20:00:00,44,264,3,1
8793,HCM District 1,Electric Scooter,2025-06-13,2025-06-14 01:00:00,25,475,2,0
8794,Da Nang City,Bike,2025-07-17,2025-07-17 18:00:00,18,90,2,0
8795,HCM District 1,Car,2025-09-17,2025-09-19 00:00:00,48,960,3,0
8796,Hanoi Center,Electric Scooter,2025-09-22,2025-09-22 14:00:00,14,210,4,1
8797,Da Nang City,Car,2025-04-17,2025-04-19 15:00:00,63,693,5,1
8798,Hanoi Center,Car,2025-06-29,2025-07-01 23:00:00,71,1207,4,1
8799,HCM District 1,Electric Scooter,2025-05-07,2025-05-07 14:00:00,14,70,5,0
8800,Hanoi Center,Bike,2025-10-06,2025-10-08 13:00:00,61,427,2,1
8801,Da Nang City,Electric Scooter,2025-03-05,2025-03-07 22:00:00,70,1400,5,0
8802,Da Nang City,Bike,2025-04-08,2025-04-10 02:00:00,50,650,1,1
8803,Da Nang City,Electric Scooter,2025-05-01,2025-05-03 16:00:00,64,640,5,1
8804,Hanoi Center,Electric Scooter,2025-05-15,2025-05-16 01:00:00,25,375,5,0
8805,HCM District 1,Bike,2025-05-15,2025-05-17 05:00:00,53,848,5,0
8806,HCM District 1,Electric Scooter,2025-02-19,2025-02-20 13:00:00,37,185,2,0
8807,Da Nang City,Bike,2025-06-03,2025-06-04 21:00:00,45,540,2,1
8808,HCM District 1,Bike,2025-08-12,2025-08-14 23:00:00,71,1278,2,1
8809,HCM District 1,Electric Scooter,2025-05-31,2025-06-02 07:00:00,55,880,3,1
8810,HCM District 1,Car,2025-10-14,2025-10-16 03:00:00,51,612,5,1
8811,Hanoi Center,Car,2025-05-10,2025-05-12 05:00:00,53,1007,2,1
8812,Hanoi Center,Bike,2025-08-14,2025-08-14 20:00:00,20,100,3,1
8813,Da Nang City,Bike,2025-09-10,2025-09-12 18:00:00,66,1122,4,0
8814,HCM District 1,Bike,2025-09-10,2025-09-12 15:00:00,63,378,5,0
8815,Da Nang City,Car,2025-06-24,2025-06-26 00:00:00,48,864,2,1
8816,Hanoi Center,Electric Scooter,2025-10-05,2025-10-05 11:00:00,11,187,5,1
8817,HCM District 1,Car,2025-03-12,2025-03-13 05:00:00,29,232,4,0
8818,Da Nang City,Car,2025-04-18,2025-04-19 04:00:00,28,420,1,1
8819,HCM District 1,Bike,2025-07-02,2025-07-03 09:00:00,33,528,4,1
8820,Da Nang City,Car,2025-03-24,2025-03-25 03:00:00,27,162,5,0
8821,Da Nang City,Car,2025-07-29,2025-07-30 09:00:00,33,363,2,1
8822,Hanoi Center,Electric Scooter,2025-06-06,2025-06-08 01:00:00,49,980,2,1
8823,Hanoi Center,Electric Scooter,2025-03-25,2025-03-27 01:00:00,49,245,4,0
8824,Hanoi Center,Bike,2025-06-28,2025-06-29 03:00:00,27,189,1,0
8825,HCM District 1,Electric Scooter,2025-04-07,2025-04-07 14:00:00,14,238,4,0
8826,HCM District 1,Bike,2025-04-22,2025-04-22 06:00:00,6,108,1,1
8827,Hanoi Center,Electric Scooter,2025-02-28,2025-02-28 09:00:00,9,54,5,1
8828,Hanoi Center,Electric Scooter,2025-05-19,2025-05-19 20:00:00,20,140,1,0
8829,Hanoi Center,Bike,2025-10-09,2025-10-10 19:00:00,43,645,4,1
8830,HCM District 1,Bike,2025-01-07,2025-01-09 02:00:00,50,1000,5,0
8831,Da Nang City,Electric Scooter,2025-03-20,2025-03-20 23:00:00,23,230,3,0
8832,Hanoi Center,Car,2025-04-20,2025-04-21 15:00:00,39,546,3,0
8833,Hanoi Center,Bike,2025-02-03,2025-02-03 22:00:00,22,396,2,0
8834,Hanoi Center,Bike,2025-03-24,2025-03-27 00:00:00,72,1080,2,0
8835,HCM District 1,Bike,2025-08-12,2025-08-13 23:00:00,47,658,1,0
8836,Hanoi Center,Electric Scooter,2025-01-16,2025-01-16 22:00:00,22,220,5,1
8837,HCM District 1,Bike,2025-09-10,2025-09-11 00:00:00,24,288,4,1
8838,Hanoi Center,Car,2025-06-13,2025-06-15 17:00:00,65,1300,2,0
8839,Da Nang City,Bike,2025-09-23,2025-09-23 04:00:00,4,36,1,1
8840,HCM District 1,Car,2025-04-23,2025-04-25 22:00:00,70,350,2,1
8841,Hanoi Center,Electric Scooter,2025-04-01,2025-04-04 00:00:00,72,360,3,0
8842,Da Nang City,Car,2025-03-08,2025-03-08 11:00:00,11,143,4,0
8843,Da Nang City,Bike,2025-02-14,2025-02-16 09:00:00,57,1083,2,0
8844,Da Nang City,Electric Scooter,2025-08-02,2025-08-04 19:00:00,67,402,2,0
8845,Da Nang City,Bike,2025-07-22,2025-07-23 10:00:00,34,680,4,0
8846,Da Nang City,Electric Scooter,2025-04-13,2025-04-14 12:00:00,36,684,4,0
8847,HCM District 1,Car,2025-04-20,2025-04-21 05:00:00,29,232,3,0
8848,HCM District 1,Bike,2025-09-17,2025-09-17 11:00:00,11,77,3,1
8849,Hanoi Center,Bike,2025-01-04,2025-01-04 05:00:00,5,25,2,1
8850,Hanoi Center,Car,2025-03-05,2025-03-07 01:00:00,49,931,3,0
8851,HCM District 1,Car,2025-04-07,2025-04-07 15:00:00,15,255,1,0
8852,HCM District 1,Bike,2025-09-12,2025-09-13 20:00:00,44,220,2,1
8853,Hanoi Center,Electric Scooter,2025-09-18,2025-09-19 01:00:00,25,450,4,0
8854,Hanoi Center,Bike,2025-01-09,2025-01-09 12:00:00,12,108,3,0
8855,Da Nang City,Electric Scooter,2025-09-06,2025-09-08 05:00:00,53,265,2,1
8856,Da Nang City,Electric Scooter,2025-01-11,2025-01-11 17:00:00,17,323,4,0
8857,HCM District 1,Bike,2025-05-31,2025-06-01 20:00:00,44,352,4,0
8858,Hanoi Center,Car,2025-03-22,2025-03-24 06:00:00,54,324,4,1
8859,HCM District 1,Car,2025-05-10,2025-05-10 18:00:00,18,288,4,1
8860,Hanoi Center,Bike,2025-04-01,2025-04-02 17:00:00,41,451,4,1
8861,Da Nang City,Car,2025-05-22,2025-05-24 12:00:00,60,1020,4,1
8862,Hanoi Center,Electric Scooter,2025-02-16,2025-02-18 22:00:00,70,1190,2,1
8863,Hanoi Center,Car,2025-06-29,2025-06-30 06:00:00,30,150,3,0
8864,HCM District 1,Bike,2025-06-21,2025-06-22 16:00:00,40,480,4,0
8865,Hanoi Center,Car,2025-07-12,2025-07-14 23:00:00,71,1420,1,0
8866,Da Nang City,Electric Scooter,2025-04-19,2025-04-21 12:00:00,60,540,1,1
8867,Da Nang City,Bike,2025-09-23,2025-09-23 03:00:00,3,51,3,0
8868,HCM District 1,Car,2025-05-01,2025-05-03 07:00:00,55,385,4,1
8869,Hanoi Center,Bike,2025-02-27,2025-02-27 04:00:00,4,56,3,1
8870,Da Nang City,Bike,2025-04-14,2025-04-16 19:00:00,67,603,1,1
8871,HCM District 1,Bike,2025-03-18,2025-03-18 19:00:00,19,247,5,0
8872,Da Nang City,Car,2025-07-16,2025-07-16 13:00:00,13,169,3,0
8873,Hanoi Center,Electric Scooter,2025-07-29,2025-07-30 10:00:00,34,476,3,1
8874,Hanoi Center,Electric Scooter,2025-08-20,2025-08-20 17:00:00,17,221,5,0
8875,HCM District 1,Bike,2025-05-06,2025-05-07 06:00:00,30,540,1,0
8876,HCM District 1,Bike,2025-03-13,2025-03-13 18:00:00,18,144,2,0
8877,HCM District 1,Electric Scooter,2025-03-21,2025-03-22 03:00:00,27,351,1,0
8878,Da Nang City,Electric Scooter,2025-09-29,2025-10-01 21:00:00,69,621,4,0
8879,HCM District 1,Bike,2025-06-20,2025-06-21 15:00:00,39,741,4,0
8880,Hanoi Center,Bike,2025-08-17,2025-08-17 02:00:00,2,38,1,1
8881,Hanoi Center,Bike,2025-02-08,2025-02-10 16:00:00,64,448,4,1
8882,Hanoi Center,Electric Scooter,2025-01-08,2025-01-10 21:00:00,69,621,1,0
8883,Hanoi Center,Electric Scooter,2025-03-02,2025-03-03 21:00:00,45,405,2,1
8884,Hanoi Center,Bike,2025-09-01,2025-09-01 17:00:00,17,340,4,0
8885,Hanoi Center,Electric Scooter,2025-08-06,2025-08-08 07:00:00,55,330,5,1
8886,HCM District 1,Electric Scooter,2025-10-01,2025-10-03 06:00:00,54,540,5,0
8887,Da Nang City,Bike,2025-01-02,2025-01-02 02:00:00,2,38,3,1
8888,HCM District 1,Car,2025-05-21,2025-05-21 23:00:00,23,345,2,0
8889,HCM District 1,Bike,2025-06-25,2025-06-26 20:00:00,44,308,3,0
8890,HCM District 1,Electric Scooter,2025-05-19,2025-05-21 08:00:00,56,280,3,1
8891,HCM District 1,Bike,2025-06-18,2025-06-20 00:00:00,48,672,5,1
8892,Hanoi Center,Car,2025-09-21,2025-09-23 13:00:00,61,1037,2,1
8893,HCM District 1,Electric Scooter,2025-05-23,2025-05-23 16:00:00,16,160,2,0
8894,Da Nang City,Car,2025-05-17,2025-05-19 06:00:00,54,1080,3,0
8895,HCM District 1,Car,2025-07-22,2025-07-24 17:00:00,65,1300,3,0
8896,Hanoi Center,Electric Scooter,2025-05-28,2025-05-30 04:00:00,52,728,4,1
8897,HCM District 1,Electric Scooter,2025-09-22,2025-09-24 01:00:00,49,588,4,1
8898,HCM District 1,Bike,2025-01-01,2025-01-01 11:00:00,11,165,1,1
8899,Da Nang City,Bike,2025-04-19,2025-04-20 12:00:00,36,504,2,1
8900,Da Nang City,Electric Scooter,2025-05-08,2025-05-08 08:00:00,8,160,5,1
8901,Hanoi Center,Electric Scooter,2025-06-26,2025-06-28 21:00:00,69,483,5,1
8902,Hanoi Center,Car,2025-02-03,2025-02-04 22:00:00,46,552,2,1
8903,Hanoi Center,Car,2025-07-31,2025-08-01 20:00:00,44,792,3,1
8904,HCM District 1,Car,2025-10-02,2025-10-03 01:00:00,25,375,5,0
8905,Hanoi Center,Car,2025-10-16,2025-10-17 22:00:00,46,690,2,0
8906,Hanoi Center,Car,2025-07-16,2025-07-16 17:00:00,17,255,5,1
8907,Hanoi Center,Car,2025-10-22,2025-10-22 01:00:00,1,5,2,0
8908,Da Nang City,Bike,2025-01-18,2025-01-18 23:00:00,23,230,2,1
8909,Da Nang City,Bike,2025-03-01,2025-03-02 00:00:00,24,192,2,1
8910,Hanoi Center,Bike,2025-03-09,2025-03-10 01:00:00,25,500,5,1
8911,HCM District 1,Car,2025-04-11,2025-04-13 07:00:00,55,825,1,0
8912,HCM District 1,Electric Scooter,2025-01-11,2025-01-12 16:00:00,40,400,1,1
8913,Da Nang City,Bike,2025-06-25,2025-06-27 11:00:00,59,295,2,0
8914,HCM District 1,Car,2025-05-30,2025-05-31 18:00:00,42,714,3,1
8915,Da Nang City,Electric Scooter,2025-02-14,2025-02-16 03:00:00,51,714,4,1
8916,HCM District 1,Electric Scooter,2025-02-24,2025-02-24 15:00:00,15,225,1,1
8917,Da Nang City,Electric Scooter,2025-05-12,2025-05-14 00:00:00,48,336,5,1
8918,Hanoi Center,Car,2025-07-13,2025-07-14 07:00:00,31,434,4,0
8919,Hanoi Center,Car,2025-01-29,2025-01-31 16:00:00,64,640,4,1
8920,Da Nang City,Bike,2025-10-11,2025-10-11 11:00:00,11,220,1,1
8921,HCM District 1,Bike,2025-05-04,2025-05-05 20:00:00,44,528,2,1
8922,HCM District 1,Bike,2025-05-11,2025-05-13 01:00:00,49,245,5,0
8923,Hanoi Center,Bike,2025-04-27,2025-04-28 11:00:00,35,490,5,0
8924,Da Nang City,Car,2025-06-15,2025-06-17 19:00:00,67,737,2,0
8925,HCM District 1,Bike,2025-06-22,2025-06-23 02:00:00,26,338,5,0
8926,Hanoi Center,Car,2025-03-04,2025-03-06 07:00:00,55,935,1,0
8927,Hanoi Center,Car,2025-04-10,2025-04-12 08:00:00,56,504,2,1
8928,HCM District 1,Bike,2025-03-26,2025-03-28 10:00:00,58,1102,3,0
8929,Hanoi Center,Bike,2025-02-04,2025-02-04 04:00:00,4,48,1,1
8930,HCM District 1,Bike,2025-06-05,2025-06-07 08:00:00,56,952,4,0
8931,Hanoi Center,Bike,2025-05-06,2025-05-06 03:00:00,3,57,1,0
8932,Hanoi Center,Electric Scooter,2025-01-13,2025-01-15 01:00:00,49,882,1,1
8933,Da Nang City,Car,2025-03-25,2025-03-25 23:00:00,23,414,1,0
8934,HCM District 1,Car,2025-09-05,2025-09-07 00:00:00,48,288,3,1
8935,Da Nang City,Electric Scooter,2025-07-05,2025-07-05 03:00:00,3,24,1,1
8936,HCM District 1,Car,2025-08-23,2025-08-25 10:00:00,58,1160,1,0
8937,Hanoi Center,Car,2025-03-07,2025-03-08 05:00:00,29,203,3,1
8938,Hanoi Center,Bike,2025-07-17,2025-07-19 09:00:00,57,570,2,0
8939,Da Nang City,Electric Scooter,2025-07-08,2025-07-09 13:00:00,37,666,1,1
8940,Da Nang City,Electric Scooter,2025-06-28,2025-06-30 23:00:00,71,923,4,0
8941,Da Nang City,Bike,2025-01-10,2025-01-10 20:00:00,20,300,4,1
8942,Da Nang City,Electric Scooter,2025-02-07,2025-02-09 13:00:00,61,549,1,1
8943,Da Nang City,Electric Scooter,2025-01-11,2025-01-13 21:00:00,69,759,5,0
8944,HCM District 1,Electric Scooter,2025-03-28,2025-03-28 02:00:00,2,20,5,1
8945,Da Nang City,Car,2025-05-14,2025-05-16 02:00:00,50,600,1,1
8946,Da Nang City,Bike,2025-09-27,2025-09-27 13:00:00,13,195,4,0
8947,HCM District 1,Electric Scooter,2025-06-10,2025-06-13 00:00:00,72,360,2,0
8948,HCM District 1,Bike,2025-02-01,2025-02-02 02:00:00,26,468,4,1
8949,Da Nang City,Bike,2025-07-24,2025-07-24 20:00:00,20,400,4,0
8950,Da Nang City,Bike,2025-03-30,2025-04-01 02:00:00,50,700,1,1
8951,Hanoi Center,Electric Scooter,2025-04-24,2025-04-25 03:00:00,27,162,4,1
8952,HCM District 1,Car,2025-05-10,2025-05-11 12:00:00,36,576,5,0
8953,Hanoi Center,Car,2025-03-26,2025-03-28 14:00:00,62,1240,2,0
8954,HCM District 1,Electric Scooter,2025-02-03,2025-02-05 10:00:00,58,580,2,1
8955,Hanoi Center,Electric Scooter,2025-01-12,2025-01-13 05:00:00,29,203,4,0
8956,HCM District 1,Bike,2025-04-19,2025-04-21 22:00:00,70,910,4,1
8957,Hanoi Center,Car,2025-10-08,2025-10-09 03:00:00,27,486,1,1
8958,Hanoi Center,Car,2025-04-02,2025-04-04 04:00:00,52,1040,3,0
8959,HCM District 1,Bike,2025-01-29,2025-01-31 08:00:00,56,336,4,0
8960,HCM District 1,Electric Scooter,2025-08-02,2025-08-03 00:00:00,24,408,1,1
8961,Da Nang City,Bike,2025-10-02,2025-10-03 21:00:00,45,270,1,1
8962,Hanoi Center,Car,2025-08-07,2025-08-08 20:00:00,44,792,1,1
8963,Hanoi Center,Car,2025-09-16,2025-09-16 09:00:00,9,72,1,0
8964,HCM District 1,Bike,2025-10-26,2025-10-26 13:00:00,13,169,1,0
8965,Hanoi Center,Bike,2025-03-25,2025-03-26 04:00:00,28,420,5,0
8966,Hanoi Center,Bike,2025-06-03,2025-06-03 07:00:00,7,133,3,0
8967,Hanoi Center,Electric Scooter,2025-03-25,2025-03-27 19:00:00,67,335,1,0
8968,HCM District 1,Electric Scooter,2025-03-25,2025-03-28 00:00:00,72,1296,3,0
8969,Hanoi Center,Electric Scooter,2025-06-25,2025-06-27 16:00:00,64,1280,4,1
8970,Da Nang City,Electric Scooter,2025-01-01,2025-01-02 16:00:00,40,480,1,1
8971,HCM District 1,Electric Scooter,2025-06-28,2025-06-30 14:00:00,62,806,3,1
8972,Da Nang City,Electric Scooter,2025-08-07,2025-08-08 13:00:00,37,555,1,0
8973,Da Nang City,Car,2025-07-28,2025-07-30 17:00:00,65,325,1,0
8974,Hanoi Center,Bike,2025-01-31,2025-02-01 06:00:00,30,300,1,1
8975,Hanoi Center,Electric Scooter,2025-03-24,2025-03-25 01:00:00,25,150,5,0
8976,HCM District 1,Electric Scooter,2025-01-04,2025-01-05 22:00:00,46,874,5,1
8977,Hanoi Center,Car,2025-05-25,2025-05-25 18:00:00,18,216,5,0
8978,HCM District 1,Car,2025-07-19,2025-07-20 01:00:00,25,250,4,0
8979,Da Nang City,Electric Scooter,2025-07-23,2025-07-25 09:00:00,57,456,1,1
8980,HCM District 1,Car,2025-08-22,2025-08-23 07:00:00,31,279,1,1
8981,HCM District 1,Electric Scooter,2025-04-27,2025-04-27 20:00:00,20,240,1,0
8982,Hanoi Center,Bike,2025-06-08,2025-06-08 08:00:00,8,104,2,1
8983,HCM District 1,Car,2025-03-06,2025-03-07 12:00:00,36,720,5,1
8984,HCM District 1,Car,2025-01-08,2025-01-09 02:00:00,26,494,5,0
8985,Da Nang City,Bike,2025-08-30,2025-08-30 07:00:00,7,77,5,0
8986,Da Nang City,Car,2025-05-04,2025-05-05 08:00:00,32,192,4,1
8987,HCM District 1,Electric Scooter,2025-05-18,2025-05-19 11:00:00,35,245,3,0
8988,HCM District 1,Car,2025-08-31,2025-08-31 23:00:00,23,299,3,1
8989,Hanoi Center,Electric Scooter,2025-02-14,2025-02-15 14:00:00,38,760,5,0
8990,Hanoi Center,Bike,2025-07-16,2025-07-18 02:00:00,50,650,3,0
8991,Da Nang City,Bike,2025-01-08,2025-01-10 17:00:00,65,585,1,0
8992,Da Nang City,Bike,2025-05-09,2025-05-11 00:00:00,48,288,4,1
8993,HCM District 1,Bike,2025-08-12,2025-08-13 07:00:00,31,279,5,1
8994,HCM District 1,Car,2025-07-19,2025-07-20 05:00:00,29,348,2,1
8995,HCM District 1,Car,2025-03-06,2025-03-06 06:00:00,6,54,1,0
8996,Hanoi Center,Electric Scooter,2025-06-04,2025-06-05 01:00:00,25,450,3,1
8997,Da Nang City,Car,2025-08-04,2025-08-04 17:00:00,17,255,4,0
8998,HCM District 1,Electric Scooter,2025-10-26,2025-10-28 20:00:00,68,476,5,0
8999,Da Nang City,Electric Scooter,2025-01-31,2025-02-02 10:00:00,58,1102,2,1
9000,Hanoi Center,Electric Scooter,2025-03-28,2025-03-30 21:00:00,69,690,1,1
9001,Hanoi Center,Electric Scooter,2025-03-25,2025-03-25 16:00:00,16,144,2,0
9002,HCM District 1,Bike,2025-10-20,2025-10-20 05:00:00,5,55,3,0
9003,Da Nang City,Bike,2025-05-29,2025-05-30 12:00:00,36,360,2,0
9004,HCM District 1,Electric Scooter,2025-10-03,2025-10-05 02:00:00,50,250,3,0
9005,Da Nang City,Bike,2025-06-21,2025-06-21 08:00:00,8,72,5,0
9006,Da Nang City,Bike,2025-01-28,2025-01-30 22:00:00,70,350,3,1
9007,HCM District 1,Electric Scooter,2025-10-24,2025-10-26 02:00:00,50,600,3,1
9008,Da Nang City,Car,2025-07-26,2025-07-28 15:00:00,63,945,2,1
9009,HCM District 1,Bike,2025-08-30,2025-09-01 16:00:00,64,1088,5,0
9010,Hanoi Center,Electric Scooter,2025-04-29,2025-05-01 14:00:00,62,1178,3,1
9011,Da Nang City,Car,2025-02-21,2025-02-24 00:00:00,72,720,4,1
9012,Hanoi Center,Electric Scooter,2025-05-14,2025-05-16 17:00:00,65,520,4,0
9013,Hanoi Center,Car,2025-07-31,2025-08-01 14:00:00,38,684,2,0
9014,HCM District 1,Bike,2025-04-22,2025-04-22 07:00:00,7,133,4,0
9015,Da Nang City,Electric Scooter,2025-05-21,2025-05-22 10:00:00,34,510,1,1
9016,HCM District 1,Bike,2025-03-12,2025-03-13 02:00:00,26,182,4,1
9017,Hanoi Center,Electric Scooter,2025-07-31,2025-07-31 05:00:00,5,75,1,0
9018,HCM District 1,Bike,2025-07-01,2025-07-03 00:00:00,48,288,2,1
9019,Hanoi Center,Electric Scooter,2025-09-10,2025-09-11 09:00:00,33,198,5,0
9020,Hanoi Center,Electric Scooter,2025-07-21,2025-07-21 09:00:00,9,81,4,1
9021,HCM District 1,Electric Scooter,2025-03-26,2025-03-27 07:00:00,31,620,2,1
9022,Hanoi Center,Car,2025-04-16,2025-04-16 11:00:00,11,99,4,0
9023,HCM District 1,Car,2025-08-30,2025-09-01 20:00:00,68,340,3,0
9024,HCM District 1,Car,2025-06-28,2025-06-29 11:00:00,35,455,5,1
9025,Hanoi Center,Car,2025-04-27,2025-04-28 11:00:00,35,630,1,1
9026,Hanoi Center,Car,2025-10-25,2025-10-26 11:00:00,35,490,5,1
9027,Hanoi Center,Bike,2025-08-19,2025-08-20 13:00:00,37,629,5,1
9028,Hanoi Center,Car,2025-06-19,2025-06-21 04:00:00,52,260,1,1
9029,HCM District 1,Bike,2025-07-23,2025-07-25 11:00:00,59,413,3,1
9030,Da Nang City,Car,2025-03-22,2025-03-22 08:00:00,8,88,5,0
9031,HCM District 1,Car,2025-09-27,2025-09-27 12:00:00,12,60,5,1
9032,HCM District 1,Car,2025-09-11,2025-09-13 12:00:00,60,300,5,0
9033,Da Nang City,Bike,2025-01-26,2025-01-27 09:00:00,33,231,5,1
9034,HCM District 1,Bike,2025-09-08,2025-09-09 11:00:00,35,350,4,1
9035,Da Nang City,Bike,2025-10-06,2025-10-09 00:00:00,72,1152,2,1
9036,HCM District 1,Car,2025-08-10,2025-08-10 23:00:00,23,368,3,1
9037,Da Nang City,Bike,2025-06-30,2025-07-02 23:00:00,71,852,2,0
9038,HCM District 1,Bike,2025-09-29,2025-10-01 10:00:00,58,1044,4,0
9039,HCM District 1,Car,2025-08-03,2025-08-05 10:00:00,58,464,3,1
9040,Hanoi Center,Bike,2025-07-03,2025-07-04 06:00:00,30,420,3,1
9041,HCM District 1,Car,2025-02-10,2025-02-11 09:00:00,33,231,5,1
9042,Hanoi Center,Bike,2025-09-28,2025-09-29 18:00:00,42,672,2,1
9043,Da Nang City,Electric Scooter,2025-04-15,2025-04-15 16:00:00,16,96,1,0
9044,HCM District 1,Electric Scooter,2025-07-26,2025-07-26 18:00:00,18,270,2,0
9045,Hanoi Center,Bike,2025-09-06,2025-09-07 02:00:00,26,182,4,0
9046,Hanoi Center,Car,2025-03-23,2025-03-26 00:00:00,72,792,2,1
9047,HCM District 1,Bike,2025-05-05,2025-05-06 22:00:00,46,460,5,1
9048,Da Nang City,Electric Scooter,2025-07-22,2025-07-24 06:00:00,54,270,2,1
9049,Hanoi Center,Car,2025-10-09,2025-10-09 04:00:00,4,32,1,0
9050,Da Nang City,Car,2025-02-28,2025-03-01 20:00:00,44,484,3,1
9051,HCM District 1,Car,2025-02-18,2025-02-20 03:00:00,51,918,2,0
9052,Da Nang City,Bike,2025-07-19,2025-07-21 12:00:00,60,1020,4,0
9053,Da Nang City,Car,2025-05-21,2025-05-23 13:00:00,61,732,1,1
9054,HCM District 1,Bike,2025-10-13,2025-10-13 01:00:00,1,19,4,0
9055,Hanoi Center,Electric Scooter,2025-05-20,2025-05-20 14:00:00,14,238,1,1
9056,HCM District 1,Car,2025-09-02,2025-09-03 11:00:00,35,595,2,1
9057,Hanoi Center,Car,2025-08-01,2025-08-03 06:00:00,54,540,2,1
9058,Da Nang City,Bike,2025-07-03,2025-07-05 09:00:00,57,399,3,1
9059,Hanoi Center,Bike,2025-09-01,2025-09-03 12:00:00,60,1140,3,1
9060,Hanoi Center,Bike,2025-02-08,2025-02-10 01:00:00,49,735,1,0
9061,HCM District 1,Electric Scooter,2025-06-09,2025-06-10 03:00:00,27,216,4,1
9062,Hanoi Center,Bike,2025-04-08,2025-04-10 05:00:00,53,265,2,0
9063,HCM District 1,Car,2025-07-06,2025-07-08 14:00:00,62,558,1,0
9064,HCM District 1,Bike,2025-10-13,2025-10-13 10:00:00,10,110,2,1
9065,Hanoi Center,Electric Scooter,2025-10-21,2025-10-22 23:00:00,47,423,4,1
9066,Da Nang City,Electric Scooter,2025-07-14,2025-07-14 08:00:00,8,112,2,0
9067,Hanoi Center,Bike,2025-08-15,2025-08-15 12:00:00,12,84,2,1
9068,HCM District 1,Electric Scooter,2025-02-12,2025-02-13 15:00:00,39,507,3,0
9069,Da Nang City,Bike,2025-06-20,2025-06-20 16:00:00,16,320,2,0
9070,Hanoi Center,Bike,2025-06-11,2025-06-11 12:00:00,12,168,5,1
9071,HCM District 1,Bike,2025-06-11,2025-06-12 18:00:00,42,630,1,0
9072,Hanoi Center,Bike,2025-08-17,2025-08-19 22:00:00,70,350,5,0
9073,Da Nang City,Electric Scooter,2025-07-29,2025-07-31 05:00:00,53,477,3,0
9074,HCM District 1,Car,2025-07-03,2025-07-04 08:00:00,32,576,5,0
9075,HCM District 1,Electric Scooter,2025-04-07,2025-04-09 17:00:00,65,975,4,1
9076,Da Nang City,Electric Scooter,2025-03-14,2025-03-15 04:00:00,28,560,4,1
9077,Hanoi Center,Car,2025-06-02,2025-06-04 04:00:00,52,728,2,1
9078,HCM District 1,Electric Scooter,2025-03-13,2025-03-15 00:00:00,48,240,5,1
9079,HCM District 1,Bike,2025-07-22,2025-07-23 18:00:00,42,378,3,1
9080,Da Nang City,Electric Scooter,2025-04-04,2025-04-06 01:00:00,49,980,3,1
9081,Hanoi Center,Car,2025-01-05,2025-01-06 03:00:00,27,405,3,0
9082,Hanoi Center,Car,2025-04-27,2025-04-27 19:00:00,19,285,2,0
9083,HCM District 1,Electric Scooter,2025-06-22,2025-06-22 04:00:00,4,60,4,0
9084,Hanoi Center,Car,2025-05-26,2025-05-27 15:00:00,39,234,1,1
9085,Hanoi Center,Car,2025-02-08,2025-02-08 08:00:00,8,128,1,0
9086,Da Nang City,Bike,2025-09-13,2025-09-15 11:00:00,59,826,1,1
9087,Da Nang City,Electric Scooter,2025-08-13,2025-08-15 15:00:00,63,693,4,0
9088,Da Nang City,Car,2025-07-22,2025-07-23 05:00:00,29,493,1,1
9089,HCM District 1,Electric Scooter,2025-04-27,2025-04-28 01:00:00,25,350,2,1
9090,Hanoi Center,Car,2025-07-19,2025-07-19 22:00:00,22,176,1,0
9091,Hanoi Center,Bike,2025-02-20,2025-02-22 19:00:00,67,1072,1,0
9092,HCM District 1,Car,2025-06-09,2025-06-11 04:00:00,52,260,5,0
9093,Hanoi Center,Bike,2025-07-08,2025-07-09 21:00:00,45,315,2,0
9094,Hanoi Center,Electric Scooter,2025-07-18,2025-07-20 18:00:00,66,660,4,1
9095,Hanoi Center,Electric Scooter,2025-06-21,2025-06-23 20:00:00,68,1156,3,0
9096,Hanoi Center,Car,2025-05-12,2025-05-13 02:00:00,26,468,3,0
9097,Hanoi Center,Bike,2025-07-31,2025-08-02 23:00:00,71,1349,3,0
9098,Hanoi Center,Bike,2025-07-15,2025-07-16 02:00:00,26,286,1,0
9099,Hanoi Center,Electric Scooter,2025-03-25,2025-03-25 12:00:00,12,180,3,0
9100,Da Nang City,Electric Scooter,2025-04-06,2025-04-08 03:00:00,51,663,5,1
9101,Hanoi Center,Electric Scooter,2025-10-16,2025-10-18 15:00:00,63,1008,5,1
9102,Hanoi Center,Bike,2025-06-30,2025-07-02 01:00:00,49,882,3,0
9103,Hanoi Center,Electric Scooter,2025-04-09,2025-04-10 13:00:00,37,222,5,1
9104,HCM District 1,Car,2025-09-04,2025-09-05 17:00:00,41,738,4,0
9105,Hanoi Center,Car,2025-10-14,2025-10-16 12:00:00,60,1200,5,1
9106,HCM District 1,Bike,2025-04-17,2025-04-19 13:00:00,61,427,4,1
9107,HCM District 1,Bike,2025-10-07,2025-10-07 18:00:00,18,270,4,1
9108,Da Nang City,Bike,2025-09-12,2025-09-13 13:00:00,37,296,2,1
9109,Da Nang City,Car,2025-01-01,2025-01-03 09:00:00,57,399,5,1
9110,Da Nang City,Bike,2025-07-05,2025-07-07 08:00:00,56,728,3,0
9111,HCM District 1,Electric Scooter,2025-01-01,2025-01-02 17:00:00,41,656,5,0
9112,Da Nang City,Electric Scooter,2025-03-21,2025-03-21 16:00:00,16,192,5,1
9113,Da Nang City,Bike,2025-08-01,2025-08-02 05:00:00,29,580,3,0
9114,Da Nang City,Car,2025-06-13,2025-06-13 01:00:00,1,17,5,1
9115,Da Nang City,Electric Scooter,2025-04-09,2025-04-09 09:00:00,9,108,2,1
9116,Da Nang City,Bike,2025-05-08,2025-05-09 00:00:00,24,432,1,0
9117,Hanoi Center,Bike,2025-03-03,2025-03-03 19:00:00,19,209,3,0
9118,Da Nang City,Electric Scooter,2025-02-14,2025-02-16 01:00:00,49,490,4,0
9119,Hanoi Center,Car,2025-01-16,2025-01-16 05:00:00,5,35,4,0
9120,Da Nang City,Electric Scooter,2025-08-10,2025-08-11 04:00:00,28,336,3,0
9121,HCM District 1,Electric Scooter,2025-03-21,2025-03-23 18:00:00,66,1254,2,1
9122,Da Nang City,Electric Scooter,2025-10-23,2025-10-23 21:00:00,21,147,5,1
9123,HCM District 1,Electric Scooter,2025-03-08,2025-03-10 14:00:00,62,1178,1,1
9124,HCM District 1,Electric Scooter,2025-02-05,2025-02-07 07:00:00,55,605,3,1
9125,Da Nang City,Car,2025-03-28,2025-03-29 05:00:00,29,319,4,1
9126,HCM District 1,Bike,2025-08-21,2025-08-21 08:00:00,8,48,5,0
9127,HCM District 1,Car,2025-06-28,2025-06-29 15:00:00,39,429,3,0
9128,Da Nang City,Bike,2025-09-11,2025-09-11 05:00:00,5,35,1,0
9129,HCM District 1,Car,2025-05-17,2025-05-19 16:00:00,64,1152,3,0
9130,Hanoi Center,Car,2025-09-07,2025-09-09 07:00:00,55,330,5,0
9131,HCM District 1,Bike,2025-07-27,2025-07-28 02:00:00,26,286,1,1
9132,Da Nang City,Car,2025-07-17,2025-07-17 16:00:00,16,192,4,0
9133,HCM District 1,Electric Scooter,2025-06-30,2025-07-02 06:00:00,54,432,1,0
9134,HCM District 1,Car,2025-09-28,2025-09-29 22:00:00,46,782,5,1
9135,Hanoi Center,Car,2025-08-09,2025-08-09 10:00:00,10,110,2,0
9136,Hanoi Center,Electric Scooter,2025-04-14,2025-04-15 16:00:00,40,600,2,1
9137,HCM District 1,Bike,2025-04-04,2025-04-06 03:00:00,51,612,4,1
9138,Da Nang City,Electric Scooter,2025-08-06,2025-08-07 15:00:00,39,195,3,1
9139,Hanoi Center,Electric Scooter,2025-03-02,2025-03-02 02:00:00,2,12,3,1
9140,Da Nang City,Electric Scooter,2025-02-28,2025-03-02 05:00:00,53,689,4,1
9141,HCM District 1,Bike,2025-07-12,2025-07-14 13:00:00,61,854,4,1
9142,Da Nang City,Car,2025-01-13,2025-01-13 07:00:00,7,119,3,1
9143,Da Nang City,Electric Scooter,2025-07-03,2025-07-05 03:00:00,51,816,4,1
9144,Da Nang City,Car,2025-03-25,2025-03-25 04:00:00,4,76,4,0
9145,Hanoi Center,Electric Scooter,2025-09-09,2025-09-10 10:00:00,34,578,4,0
9146,Hanoi Center,Electric Scooter,2025-04-15,2025-04-15 21:00:00,21,315,4,1
9147,Da Nang City,Bike,2025-10-02,2025-10-02 06:00:00,6,72,5,1
9148,Da Nang City,Electric Scooter,2025-01-20,2025-01-22 09:00:00,57,627,2,1
9149,HCM District 1,Car,2025-03-14,2025-03-14 06:00:00,6,54,4,0
9150,Hanoi Center,Electric Scooter,2025-03-23,2025-03-24 00:00:00,24,216,4,1
9151,HCM District 1,Bike,2025-08-17,2025-08-19 05:00:00,53,742,1,0
9152,Da Nang City,Bike,2025-09-12,2025-09-12 07:00:00,7,140,3,0
9153,Hanoi Center,Bike,2025-07-05,2025-07-06 17:00:00,41,328,3,0
9154,HCM District 1,Electric Scooter,2025-03-01,2025-03-03 20:00:00,68,408,1,0
9155,Da Nang City,Car,2025-05-11,2025-05-13 19:00:00,67,1072,3,1
9156,HCM District 1,Electric Scooter,2025-03-24,2025-03-25 15:00:00,39,468,1,1
9157,Da Nang City,Bike,2025-04-24,2025-04-26 03:00:00,51,510,5,0
9158,Da Nang City,Electric Scooter,2025-10-25,2025-10-26 08:00:00,32,416,2,0
9159,Da Nang City,Electric Scooter,2025-07-03,2025-07-05 02:00:00,50,900,5,0
9160,Da Nang City,Electric Scooter,2025-08-16,2025-08-16 06:00:00,6,102,4,0
9161,Da Nang City,Car,2025-07-12,2025-07-12 03:00:00,3,18,1,1
9162,Hanoi Center,Electric Scooter,2025-02-24,2025-02-24 14:00:00,14,280,4,0
9163,HCM District 1,Bike,2025-03-29,2025-03-29 23:00:00,23,184,5,1
9164,HCM District 1,Bike,2025-06-17,2025-06-20 00:00:00,72,936,4,1
9165,HCM District 1,Electric Scooter,2025-06-08,2025-06-09 05:00:00,29,232,4,1
9166,HCM District 1,Electric Scooter,2025-10-10,2025-10-12 19:00:00,67,1139,3,0
9167,Da Nang City,Bike,2025-02-14,2025-02-16 03:00:00,51,612,5,0
9168,Da Nang City,Electric Scooter,2025-05-04,2025-05-06 00:00:00,48,672,3,0
9169,Da Nang City,Car,2025-07-26,2025-07-26 06:00:00,6,120,3,0
9170,Da Nang City,Car,2025-06-09,2025-06-11 05:00:00,53,583,3,0
9171,HCM District 1,Car,2025-10-15,2025-10-16 14:00:00,38,266,4,0
9172,Hanoi Center,Bike,2025-05-21,2025-05-23 17:00:00,65,845,3,0
9173,Hanoi Center,Bike,2025-04-29,2025-04-29 10:00:00,10,160,1,0
9174,Hanoi Center,Electric Scooter,2025-09-17,2025-09-19 16:00:00,64,1024,5,1
9175,Hanoi Center,Car,2025-06-07,2025-06-10 00:00:00,72,1152,5,1
9176,Da Nang City,Car,2025-07-08,2025-07-10 03:00:00,51,1020,4,1
9177,Hanoi Center,Car,2025-07-11,2025-07-13 05:00:00,53,848,1,1
9178,HCM District 1,Car,2025-01-29,2025-01-31 23:00:00,71,1136,2,1
9179,Hanoi Center,Car,2025-08-07,2025-08-09 00:00:00,48,528,2,0
9180,Hanoi Center,Bike,2025-07-01,2025-07-02 16:00:00,40,480,1,1
9181,Hanoi Center,Bike,2025-06-15,2025-06-17 21:00:00,69,1311,4,0
9182,HCM District 1,Electric Scooter,2025-03-03,2025-03-05 20:00:00,68,340,4,0
9183,Da Nang City,Bike,2025-10-24,2025-10-25 05:00:00,29,551,2,1
9184,HCM District 1,Car,2025-06-08,2025-06-08 17:00:00,17,255,3,1
9185,HCM District 1,Car,2025-01-23,2025-01-23 02:00:00,2,22,5,1
9186,Hanoi Center,Car,2025-07-10,2025-07-12 07:00:00,55,330,5,1
9187,Hanoi Center,Bike,2025-08-10,2025-08-12 06:00:00,54,918,5,1
9188,HCM District 1,Electric Scooter,2025-05-16,2025-05-18 12:00:00,60,1020,5,0
9189,Da Nang City,Car,2025-07-06,2025-07-06 10:00:00,10,70,2,1
9190,Hanoi Center,Car,2025-01-08,2025-01-08 15:00:00,15,195,2,0
9191,Hanoi Center,Electric Scooter,2025-08-29,2025-08-30 10:00:00,34,272,2,0
9192,HCM District 1,Bike,2025-07-09,2025-07-10 20:00:00,44,484,5,1
9193,Da Nang City,Car,2025-07-03,2025-07-05 22:00:00,70,980,5,1
9194,HCM District 1,Car,2025-01-04,2025-01-04 01:00:00,1,10,4,0
9195,HCM District 1,Bike,2025-04-11,2025-04-12 14:00:00,38,456,1,1
9196,Hanoi Center,Car,2025-09-21,2025-09-23 17:00:00,65,650,4,1
9197,Hanoi Center,Car,2025-07-14,2025-07-15 09:00:00,33,429,3,0
9198,Hanoi Center,Electric Scooter,2025-09-24,2025-09-26 23:00:00,71,1136,2,1
9199,Da Nang City,Car,2025-04-28,2025-04-30 00:00:00,48,720,2,0
9200,Hanoi Center,Car,2025-04-24,2025-04-24 15:00:00,15,165,1,0
9201,Hanoi Center,Electric Scooter,2025-07-25,2025-07-25 15:00:00,15,165,2,1
9202,HCM District 1,Electric Scooter,2025-05-19,2025-05-19 03:00:00,3,57,5,0
9203,Da Nang City,Electric Scooter,2025-08-16,2025-08-16 06:00:00,6,36,1,0
9204,HCM District 1,Car,2025-06-19,2025-06-19 13:00:00,13,65,3,0
9205,Da Nang City,Car,2025-10-06,2025-10-07 18:00:00,42,630,1,0
9206,HCM District 1,Car,2025-06-16,2025-06-18 06:00:00,54,864,4,0
9207,Da Nang City,Electric Scooter,2025-08-07,2025-08-07 09:00:00,9,171,5,0
9208,HCM District 1,Bike,2025-08-16,2025-08-18 21:00:00,69,1242,3,1
9209,Hanoi Center,Car,2025-02-19,2025-02-21 19:00:00,67,871,3,0
9210,HCM District 1,Electric Scooter,2025-05-02,2025-05-03 11:00:00,35,560,1,1
9211,Hanoi Center,Electric Scooter,2025-03-06,2025-03-06 09:00:00,9,54,1,1
9212,HCM District 1,Electric Scooter,2025-02-25,2025-02-25 05:00:00,5,65,4,1
9213,HCM District 1,Bike,2025-04-09,2025-04-09 03:00:00,3,54,3,0
9214,Da Nang City,Electric Scooter,2025-05-24,2025-05-25 23:00:00,47,705,5,0
9215,HCM District 1,Bike,2025-01-14,2025-01-14 19:00:00,19,190,5,1
9216,HCM District 1,Electric Scooter,2025-03-07,2025-03-08 16:00:00,40,720,5,0
9217,Da Nang City,Electric Scooter,2025-10-24,2025-10-24 21:00:00,21,168,1,0
9218,Da Nang City,Bike,2025-09-28,2025-09-30 06:00:00,54,918,3,0
9219,Hanoi Center,Bike,2025-04-20,2025-04-20 23:00:00,23,253,5,0
9220,Hanoi Center,Car,2025-05-04,2025-05-04 01:00:00,1,6,2,1
9221,HCM District 1,Electric Scooter,2025-07-28,2025-07-28 02:00:00,2,40,1,0
9222,Hanoi Center,Electric Scooter,2025-01-23,2025-01-23 04:00:00,4,80,2,0
9223,Hanoi Center,Car,2025-05-17,2025-05-19 09:00:00,57,399,5,1
9224,HCM District 1,Electric Scooter,2025-09-11,2025-09-13 16:00:00,64,1088,5,1
9225,HCM District 1,Electric Scooter,2025-02-25,2025-02-25 06:00:00,6,102,5,0
9226,Da Nang City,Electric Scooter,2025-02-08,2025-02-09 09:00:00,33,594,1,1
9227,HCM District 1,Electric Scooter,2025-01-10,2025-01-11 07:00:00,31,217,5,0
9228,Da Nang City,Bike,2025-10-28,2025-10-30 11:00:00,59,295,1,1
9229,Da Nang City,Electric Scooter,2025-07-13,2025-07-15 06:00:00,54,486,4,1
9230,Hanoi Center,Bike,2025-04-13,2025-04-15 09:00:00,57,399,5,0
9231,Da Nang City,Electric Scooter,2025-05-05,2025-05-05 19:00:00,19,228,4,1
9232,Hanoi Center,Bike,2025-07-01,2025-07-01 06:00:00,6,114,3,1
9233,Hanoi Center,Bike,2025-04-20,2025-04-21 23:00:00,47,470,3,0
9234,HCM District 1,Bike,2025-05-11,2025-05-11 11:00:00,11,88,1,1
9235,Hanoi Center,Electric Scooter,2025-10-01,2025-10-02 14:00:00,38,380,5,0
9236,HCM District 1,Electric Scooter,2025-05-11,2025-05-12 09:00:00,33,231,1,0
9237,Da Nang City,Electric Scooter,2025-03-27,2025-03-27 12:00:00,12,72,4,0
9238,Da Nang City,Electric Scooter,2025-09-05,2025-09-06 16:00:00,40,520,3,0
9239,HCM District 1,Bike,2025-03-02,2025-03-02 19:00:00,19,304,4,0
9240,Da Nang City,Bike,2025-07-08,2025-07-10 07:00:00,55,495,5,0
9241,Hanoi Center,Bike,2025-02-03,2025-02-03 09:00:00,9,81,1,0
9242,HCM District 1,Car,2025-02-01,2025-02-02 21:00:00,45,810,2,1
9243,Hanoi Center,Electric Scooter,2025-08-22,2025-08-23 04:00:00,28,364,3,0
9244,HCM District 1,Electric Scooter,2025-09-03,2025-09-05 19:00:00,67,469,5,1
9245,Da Nang City,Electric Scooter,2025-04-13,2025-04-13 10:00:00,10,160,2,1
9246,Hanoi Center,Bike,2025-08-01,2025-08-03 06:00:00,54,918,1,1
9247,Da Nang City,Car,2025-01-23,2025-01-24 05:00:00,29,522,4,0
9248,HCM District 1,Bike,2025-06-15,2025-06-17 04:00:00,52,468,4,1
9249,Hanoi Center,Bike,2025-02-16,2025-02-17 20:00:00,44,220,4,1
9250,Hanoi Center,Bike,2025-08-23,2025-08-24 09:00:00,33,396,5,0
9251,HCM District 1,Electric Scooter,2025-04-06,2025-04-08 15:00:00,63,315,3,1
9252,Da Nang City,Car,2025-04-20,2025-04-22 13:00:00,61,488,3,0
9253,HCM District 1,Bike,2025-09-11,2025-09-11 02:00:00,2,40,2,1
9254,Da Nang City,Electric Scooter,2025-02-18,2025-02-18 11:00:00,11,55,1,1
9255,HCM District 1,Bike,2025-07-12,2025-07-12 19:00:00,19,304,4,0
9256,Da Nang City,Car,2025-10-18,2025-10-19 11:00:00,35,175,5,0
9257,Hanoi Center,Electric Scooter,2025-01-18,2025-01-20 14:00:00,62,992,3,1
9258,Da Nang City,Bike,2025-05-08,2025-05-08 07:00:00,7,133,4,0
9259,Hanoi Center,Bike,2025-10-23,2025-10-23 19:00:00,19,190,4,1
9260,Da Nang City,Car,2025-08-20,2025-08-20 19:00:00,19,304,3,0
9261,Hanoi Center,Bike,2025-03-06,2025-03-06 09:00:00,9,117,1,0
9262,HCM District 1,Bike,2025-01-15,2025-01-17 03:00:00,51,918,3,1
9263,Da Nang City,Electric Scooter,2025-09-22,2025-09-22 19:00:00,19,361,2,1
9264,Da Nang City,Electric Scooter,2025-03-12,2025-03-15 00:00:00,72,1224,4,0
9265,HCM District 1,Bike,2025-09-04,2025-09-06 14:00:00,62,558,1,0
9266,HCM District 1,Electric Scooter,2025-06-28,2025-06-30 20:00:00,68,680,4,1
9267,Hanoi Center,Electric Scooter,2025-08-20,2025-08-21 21:00:00,45,315,1,1
9268,Da Nang City,Electric Scooter,2025-07-15,2025-07-17 06:00:00,54,702,4,0
9269,Hanoi Center,Car,2025-08-25,2025-08-26 14:00:00,38,304,2,1
9270,HCM District 1,Car,2025-08-19,2025-08-20 14:00:00,38,304,2,1
9271,Da Nang City,Car,2025-04-09,2025-04-10 15:00:00,39,546,5,1
9272,HCM District 1,Electric Scooter,2025-04-15,2025-04-16 14:00:00,38,646,2,1
9273,Da Nang City,Electric Scooter,2025-10-10,2025-10-11 06:00:00,30,150,1,0
9274,Hanoi Center,Car,2025-09-24,2025-09-26 04:00:00,52,676,2,1
9275,Hanoi Center,Electric Scooter,2025-03-16,2025-03-18 08:00:00,56,952,4,0
9276,HCM District 1,Electric Scooter,2025-01-20,2025-01-20 16:00:00,16,240,1,1
9277,HCM District 1,Car,2025-04-03,2025-04-03 09:00:00,9,144,3,1
9278,Da Nang City,Bike,2025-10-02,2025-10-03 16:00:00,40,680,1,0
9279,Hanoi Center,Car,2025-07-11,2025-07-12 00:00:00,24,384,1,1
9280,HCM District 1,Bike,2025-04-08,2025-04-09 12:00:00,36,720,4,1
9281,Hanoi Center,Electric Scooter,2025-07-19,2025-07-20 12:00:00,36,540,5,1
9282,Da Nang City,Bike,2025-09-28,2025-09-30 15:00:00,63,1008,4,0
9283,Da Nang City,Bike,2025-04-26,2025-04-28 16:00:00,64,1216,4,0
9284,HCM District 1,Electric Scooter,2025-04-30,2025-04-30 23:00:00,23,414,4,0
9285,Hanoi Center,Electric Scooter,2025-04-14,2025-04-15 02:00:00,26,312,3,0
9286,Da Nang City,Car,2025-09-16,2025-09-18 18:00:00,66,660,4,0
9287,HCM District 1,Bike,2025-02-04,2025-02-06 14:00:00,62,992,2,0
9288,Da Nang City,Bike,2025-03-20,2025-03-20 16:00:00,16,160,3,0
9289,Hanoi Center,Car,2025-08-13,2025-08-13 17:00:00,17,272,5,0
9290,HCM District 1,Electric Scooter,2025-05-28,2025-05-31 00:00:00,72,1224,5,0
9291,HCM District 1,Bike,2025-04-12,2025-04-13 18:00:00,42,420,1,0
9292,HCM District 1,Electric Scooter,2025-01-16,2025-01-17 15:00:00,39,195,1,1
9293,Hanoi Center,Car,2025-10-22,2025-10-22 11:00:00,11,165,3,1
9294,Da Nang City,Electric Scooter,2025-09-25,2025-09-28 00:00:00,72,1224,5,1
9295,Da Nang City,Electric Scooter,2025-09-22,2025-09-22 01:00:00,1,20,5,1
9296,Da Nang City,Electric Scooter,2025-02-17,2025-02-19 08:00:00,56,560,4,1
9297,HCM District 1,Bike,2025-02-07,2025-02-08 16:00:00,40,760,3,1
9298,Hanoi Center,Bike,2025-10-24,2025-10-25 22:00:00,46,230,4,0
9299,Hanoi Center,Electric Scooter,2025-03-07,2025-03-08 07:00:00,31,279,2,0
9300,Da Nang City,Bike,2025-03-15,2025-03-16 21:00:00,45,270,4,0
9301,Da Nang City,Electric Scooter,2025-06-29,2025-07-01 09:00:00,57,342,5,0
9302,Da Nang City,Electric Scooter,2025-03-03,2025-03-04 11:00:00,35,315,3,1
9303,HCM District 1,Bike,2025-02-25,2025-02-25 16:00:00,16,320,4,1
9304,Da Nang City,Electric Scooter,2025-05-31,2025-05-31 02:00:00,2,38,3,0
9305,HCM District 1,Car,2025-02-05,2025-02-05 02:00:00,2,34,2,1
9306,HCM District 1,Electric Scooter,2025-10-09,2025-10-10 22:00:00,46,506,5,0
9307,HCM District 1,Bike,2025-06-01,2025-06-03 12:00:00,60,1020,4,1
9308,Da Nang City,Bike,2025-05-14,2025-05-14 11:00:00,11,99,2,0
9309,Da Nang City,Car,2025-08-17,2025-08-19 16:00:00,64,1088,5,1
9310,Hanoi Center,Bike,2025-05-03,2025-05-04 07:00:00,31,465,2,0
9311,HCM District 1,Car,2025-08-07,2025-08-09 06:00:00,54,648,2,0
9312,Da Nang City,Car,2025-05-14,2025-05-15 03:00:00,27,135,2,0
9313,Hanoi Center,Electric Scooter,2025-07-26,2025-07-26 05:00:00,5,65,1,1
9314,HCM District 1,Bike,2025-05-03,2025-05-03 11:00:00,11,176,3,1
9315,Da Nang City,Car,2025-06-01,2025-06-03 10:00:00,58,870,1,0
9316,Hanoi Center,Electric Scooter,2025-08-03,2025-08-04 06:00:00,30,450,1,0
9317,Hanoi Center,Car,2025-04-09,2025-04-11 00:00:00,48,768,1,0
9318,Da Nang City,Electric Scooter,2025-04-04,2025-04-05 10:00:00,34,340,5,0
9319,HCM District 1,Car,2025-05-29,2025-05-31 09:00:00,57,912,1,1
9320,Da Nang City,Electric Scooter,2025-08-29,2025-08-30 10:00:00,34,204,5,0
9321,Hanoi Center,Bike,2025-03-12,2025-03-13 10:00:00,34,170,1,0
9322,Da Nang City,Bike,2025-07-17,2025-07-20 00:00:00,72,720,2,0
9323,Da Nang City,Electric Scooter,2025-05-31,2025-06-01 08:00:00,32,384,5,1
9324,HCM District 1,Bike,2025-04-18,2025-04-19 20:00:00,44,352,4,1
9325,Hanoi Center,Car,2025-09-28,2025-09-29 14:00:00,38,304,3,1
9326,Da Nang City,Electric Scooter,2025-01-12,2025-01-13 02:00:00,26,156,1,0
9327,HCM District 1,Bike,2025-10-08,2025-10-09 18:00:00,42,840,5,1
9328,Da Nang City,Car,2025-08-10,2025-08-11 01:00:00,25,250,3,0
9329,Hanoi Center,Car,2025-03-28,2025-03-30 19:00:00,67,1005,2,0
9330,Hanoi Center,Bike,2025-08-01,2025-08-02 23:00:00,47,611,2,1
9331,Hanoi Center,Bike,2025-10-14,2025-10-17 00:00:00,72,1296,2,0
9332,HCM District 1,Electric Scooter,2025-02-16,2025-02-17 13:00:00,37,481,1,0
9333,Hanoi Center,Electric Scooter,2025-06-27,2025-06-27 16:00:00,16,128,4,1
9334,Da Nang City,Bike,2025-06-03,2025-06-05 00:00:00,48,912,5,0
9335,HCM District 1,Electric Scooter,2025-06-21,2025-06-22 07:00:00,31,620,5,1
9336,Hanoi Center,Car,2025-08-14,2025-08-15 12:00:00,36,576,4,0
9337,HCM District 1,Bike,2025-04-01,2025-04-02 12:00:00,36,540,1,0
9338,HCM District 1,Bike,2025-04-09,2025-04-09 01:00:00,1,17,4,0
9339,Da Nang City,Car,2025-03-26,2025-03-26 16:00:00,16,176,3,0
9340,Da Nang City,Car,2025-01-23,2025-01-24 21:00:00,45,225,4,0
9341,HCM District 1,Electric Scooter,2025-05-24,2025-05-24 03:00:00,3,60,3,1
9342,Da Nang City,Bike,2025-04-09,2025-04-11 09:00:00,57,399,1,0
9343,Da Nang City,Electric Scooter,2025-06-21,2025-06-22 12:00:00,36,648,5,0
9344,Hanoi Center,Electric Scooter,2025-01-11,2025-01-12 02:00:00,26,364,3,0
9345,HCM District 1,Bike,2025-09-23,2025-09-25 17:00:00,65,325,4,0
9346,Da Nang City,Electric Scooter,2025-04-24,2025-04-26 18:00:00,66,1056,2,1
9347,Da Nang City,Bike,2025-10-27,2025-10-28 09:00:00,33,429,4,1
9348,Hanoi Center,Car,2025-09-05,2025-09-07 11:00:00,59,708,2,1
9349,HCM District 1,Electric Scooter,2025-09-01,2025-09-01 15:00:00,15,180,1,1
9350,HCM District 1,Bike,2025-07-23,2025-07-25 02:00:00,50,900,2,0
9351,Hanoi Center,Car,2025-08-12,2025-08-13 05:00:00,29,493,1,1
9352,Hanoi Center,Electric Scooter,2025-04-25,2025-04-25 14:00:00,14,154,4,0
9353,HCM District 1,Car,2025-08-18,2025-08-20 13:00:00,61,915,5,1
9354,HCM District 1,Car,2025-06-10,2025-06-11 15:00:00,39,741,3,1
9355,Hanoi Center,Car,2025-04-03,2025-04-03 20:00:00,20,120,5,0
9356,HCM District 1,Electric Scooter,2025-04-12,2025-04-13 01:00:00,25,225,5,0
9357,Hanoi Center,Bike,2025-06-14,2025-06-16 22:00:00,70,1050,5,1
9358,Da Nang City,Car,2025-02-03,2025-02-04 16:00:00,40,360,5,1
9359,HCM District 1,Bike,2025-01-21,2025-01-23 12:00:00,60,600,5,0
9360,HCM District 1,Car,2025-01-20,2025-01-21 12:00:00,36,648,3,1
9361,Da Nang City,Car,2025-06-03,2025-06-05 17:00:00,65,325,2,1
9362,HCM District 1,Car,2025-04-17,2025-04-18 20:00:00,44,308,3,0
9363,Da Nang City,Car,2025-10-15,2025-10-15 17:00:00,17,170,5,1
9364,Hanoi Center,Car,2025-09-24,2025-09-25 10:00:00,34,476,3,1
9365,HCM District 1,Electric Scooter,2025-07-17,2025-07-17 13:00:00,13,221,4,0
9366,Da Nang City,Car,2025-03-02,2025-03-03 18:00:00,42,504,5,0
9367,Da Nang City,Electric Scooter,2025-05-14,2025-05-14 07:00:00,7,63,5,0
9368,Da Nang City,Car,2025-09-07,2025-09-08 14:00:00,38,646,1,1
9369,Da Nang City,Bike,2025-02-16,2025-02-18 13:00:00,61,1098,3,1
9370,HCM District 1,Car,2025-01-31,2025-01-31 15:00:00,15,105,4,0
9371,HCM District 1,Bike,2025-06-08,2025-06-09 17:00:00,41,246,2,1
9372,Hanoi Center,Car,2025-08-26,2025-08-26 05:00:00,5,65,4,0
9373,Hanoi Center,Bike,2025-08-15,2025-08-15 18:00:00,18,288,5,0
9374,Hanoi Center,Electric Scooter,2025-05-19,2025-05-19 10:00:00,10,160,1,1
9375,Da Nang City,Car,2025-10-03,2025-10-05 19:00:00,67,536,5,0
9376,Da Nang City,Car,2025-09-10,2025-09-10 01:00:00,1,13,3,1
9377,Hanoi Center,Car,2025-03-27,2025-03-28 22:00:00,46,414,3,0
9378,HCM District 1,Bike,2025-08-22,2025-08-22 12:00:00,12,96,4,1
9379,Da Nang City,Electric Scooter,2025-05-15,2025-05-16 17:00:00,41,820,4,0
9380,Da Nang City,Electric Scooter,2025-04-27,2025-04-29 01:00:00,49,539,3,1
9381,HCM District 1,Car,2025-03-16,2025-03-17 09:00:00,33,495,3,0
9382,Da Nang City,Car,2025-03-24,2025-03-26 05:00:00,53,795,2,0
9383,Hanoi Center,Bike,2025-09-10,2025-09-10 20:00:00,20,280,2,0
9384,HCM District 1,Car,2025-03-31,2025-04-02 21:00:00,69,552,1,0
9385,Hanoi Center,Bike,2025-10-27,2025-10-29 03:00:00,51,459,1,0
9386,Da Nang City,Car,2025-04-16,2025-04-18 05:00:00,53,689,5,1
9387,Hanoi Center,Car,2025-01-23,2025-01-25 12:00:00,60,1020,5,0
9388,Da Nang City,Electric Scooter,2025-02-18,2025-02-20 17:00:00,65,520,2,1
9389,HCM District 1,Electric Scooter,2025-03-30,2025-03-31 16:00:00,40,320,4,0
9390,Hanoi Center,Car,2025-09-14,2025-09-15 03:00:00,27,378,3,0
9391,Da Nang City,Electric Scooter,2025-03-29,2025-03-29 10:00:00,10,90,1,0
9392,HCM District 1,Car,2025-02-22,2025-02-24 18:00:00,66,330,1,1
9393,HCM District 1,Electric Scooter,2025-10-21,2025-10-21 02:00:00,2,30,3,0
9394,Da Nang City,Bike,2025-04-30,2025-04-30 01:00:00,1,16,1,0
9395,Hanoi Center,Car,2025-09-09,2025-09-09 23:00:00,23,184,4,0
9396,Da Nang City,Bike,2025-06-25,2025-06-25 01:00:00,1,14,1,1
9397,Da Nang City,Bike,2025-03-09,2025-03-09 10:00:00,10,90,4,0
9398,Da Nang City,Bike,2025-03-27,2025-03-27 06:00:00,6,60,5,0
9399,Hanoi Center,Bike,2025-07-25,2025-07-27 09:00:00,57,285,1,0
9400,Hanoi Center,Electric Scooter,2025-08-17,2025-08-17 01:00:00,1,6,3,0
9401,HCM District 1,Car,2025-05-27,2025-05-29 13:00:00,61,488,1,0
9402,HCM District 1,Car,2025-06-17,2025-06-19 18:00:00,66,1320,2,0
9403,Hanoi Center,Electric Scooter,2025-07-16,2025-07-18 12:00:00,60,540,5,1
9404,HCM District 1,Car,2025-03-13,2025-03-15 18:00:00,66,330,2,1
9405,HCM District 1,Bike,2025-02-08,2025-02-10 08:00:00,56,504,2,0
9406,Hanoi Center,Car,2025-02-22,2025-02-23 18:00:00,42,462,4,1
9407,Hanoi Center,Car,2025-04-03,2025-04-03 08:00:00,8,40,3,1
9408,Hanoi Center,Car,2025-05-14,2025-05-16 19:00:00,67,938,2,0
9409,Da Nang City,Electric Scooter,2025-01-09,2025-01-11 07:00:00,55,1045,2,1
9410,HCM District 1,Car,2025-05-16,2025-05-16 09:00:00,9,72,1,0
9411,HCM District 1,Electric Scooter,2025-02-01,2025-02-03 17:00:00,65,1105,2,0
9412,Da Nang City,Bike,2025-04-18,2025-04-20 14:00:00,62,1116,2,1
9413,Hanoi Center,Electric Scooter,2025-08-11,2025-08-13 00:00:00,48,240,2,1
9414,Da Nang City,Bike,2025-01-22,2025-01-24 19:00:00,67,469,4,0
9415,Hanoi Center,Electric Scooter,2025-05-17,2025-05-18 03:00:00,27,243,2,0
9416,Da Nang City,Car,2025-07-14,2025-07-14 18:00:00,18,126,1,0
9417,Hanoi Center,Car,2025-01-28,2025-01-28 15:00:00,15,300,1,1
9418,HCM District 1,Car,2025-07-23,2025-07-24 13:00:00,37,222,3,0
9419,HCM District 1,Car,2025-05-14,2025-05-14 23:00:00,23,414,2,1
9420,Hanoi Center,Car,2025-01-03,2025-01-05 13:00:00,61,549,5,1
9421,Da Nang City,Bike,2025-01-03,2025-01-03 12:00:00,12,108,3,1
9422,HCM District 1,Car,2025-10-15,2025-10-17 23:00:00,71,994,1,1
9423,Da Nang City,Bike,2025-06-01,2025-06-01 13:00:00,13,182,2,0
9424,Hanoi Center,Electric Scooter,2025-01-28,2025-01-28 06:00:00,6,30,5,1
9425,Hanoi Center,Electric Scooter,2025-03-11,2025-03-13 21:00:00,69,966,3,0
9426,Hanoi Center,Electric Scooter,2025-03-06,2025-03-08 16:00:00,64,384,5,1
9427,Hanoi Center,Electric Scooter,2025-08-01,2025-08-01 16:00:00,16,160,1,1
9428,Hanoi Center,Electric Scooter,2025-09-15,2025-09-15 03:00:00,3,57,3,1
9429,HCM District 1,Electric Scooter,2025-02-17,2025-02-19 20:00:00,68,1020,5,1
9430,HCM District 1,Bike,2025-09-29,2025-10-01 23:00:00,71,1207,2,1
9431,Hanoi Center,Bike,2025-03-28,2025-03-30 12:00:00,60,1200,5,1
9432,Hanoi Center,Electric Scooter,2025-09-05,2025-09-06 22:00:00,46,598,4,1
9433,HCM District 1,Bike,2025-01-17,2025-01-18 20:00:00,44,660,3,0
9434,HCM District 1,Car,2025-06-29,2025-06-30 06:00:00,30,300,1,1
9435,Da Nang City,Car,2025-03-30,2025-03-31 20:00:00,44,440,3,1
9436,HCM District 1,Car,2025-02-17,2025-02-19 03:00:00,51,306,3,1
9437,HCM District 1,Electric Scooter,2025-07-13,2025-07-14 23:00:00,47,564,4,1
9438,Hanoi Center,Car,2025-02-09,2025-02-09 11:00:00,11,209,2,0
9439,Hanoi Center,Bike,2025-03-22,2025-03-23 09:00:00,33,165,5,0
9440,Hanoi Center,Bike,2025-03-10,2025-03-12 10:00:00,58,812,2,0
9441,Hanoi Center,Electric Scooter,2025-06-21,2025-06-22 08:00:00,32,192,5,0
9442,Hanoi Center,Car,2025-07-05,2025-07-06 14:00:00,38,646,1,0
9443,Da Nang City,Electric Scooter,2025-07-10,2025-07-11 19:00:00,43,387,1,1
9444,Da Nang City,Bike,2025-06-17,2025-06-18 20:00:00,44,792,4,0
9445,Da Nang City,Car,2025-06-13,2025-06-14 02:00:00,26,312,4,0
9446,Da Nang City,Bike,2025-07-16,2025-07-16 12:00:00,12,180,5,1
9447,Hanoi Center,Bike,2025-05-20,2025-05-21 16:00:00,40,640,4,1
9448,Hanoi Center,Car,2025-09-09,2025-09-10 16:00:00,40,640,2,1
9449,Da Nang City,Car,2025-01-12,2025-01-14 07:00:00,55,770,1,1
9450,Da Nang City,Car,2025-03-27,2025-03-28 04:00:00,28,420,3,1
9451,HCM District 1,Car,2025-08-03,2025-08-03 11:00:00,11,165,5,0
9452,HCM District 1,Bike,2025-08-28,2025-08-29 02:00:00,26,182,3,0
9453,HCM District 1,Bike,2025-01-09,2025-01-11 06:00:00,54,1080,5,1
9454,Hanoi Center,Car,2025-02-13,2025-02-14 12:00:00,36,648,5,1
9455,Da Nang City,Car,2025-03-21,2025-03-22 00:00:00,24,480,2,0
9456,Da Nang City,Electric Scooter,2025-04-08,2025-04-09 08:00:00,32,576,5,1
9457,Da Nang City,Electric Scooter,2025-09-26,2025-09-26 12:00:00,12,144,3,0
9458,HCM District 1,Bike,2025-04-12,2025-04-12 01:00:00,1,9,5,0
9459,HCM District 1,Electric Scooter,2025-10-12,2025-10-13 05:00:00,29,522,4,0
9460,HCM District 1,Bike,2025-01-16,2025-01-18 01:00:00,49,294,4,1
9461,Da Nang City,Electric Scooter,2025-10-26,2025-10-26 23:00:00,23,115,3,0
9462,Hanoi Center,Bike,2025-04-14,2025-04-15 21:00:00,45,540,4,1
9463,Hanoi Center,Electric Scooter,2025-06-14,2025-06-16 19:00:00,67,1139,4,1
9464,Hanoi Center,Car,2025-07-24,2025-07-25 04:00:00,28,560,2,1
9465,HCM District 1,Bike,2025-04-04,2025-04-06 05:00:00,53,954,3,0
9466,HCM District 1,Bike,2025-01-26,2025-01-26 02:00:00,2,30,5,1
9467,Da Nang City,Bike,2025-09-10,2025-09-10 15:00:00,15,195,2,0
9468,Hanoi Center,Bike,2025-04-06,2025-04-06 12:00:00,12,60,3,1
9469,HCM District 1,Car,2025-03-05,2025-03-05 07:00:00,7,112,1,0
9470,HCM District 1,Electric Scooter,2025-09-05,2025-09-07 18:00:00,66,396,1,0
9471,HCM District 1,Electric Scooter,2025-10-21,2025-10-22 22:00:00,46,506,3,1
9472,HCM District 1,Car,2025-07-08,2025-07-08 19:00:00,19,133,2,0
9473,HCM District 1,Bike,2025-05-06,2025-05-08 16:00:00,64,576,3,0
9474,HCM District 1,Car,2025-03-11,2025-03-13 02:00:00,50,900,1,1
9475,Hanoi Center,Car,2025-05-14,2025-05-16 09:00:00,57,684,4,1
9476,HCM District 1,Bike,2025-09-13,2025-09-15 06:00:00,54,810,3,1
9477,Da Nang City,Car,2025-03-01,2025-03-02 05:00:00,29,203,1,1
9478,HCM District 1,Electric Scooter,2025-09-01,2025-09-01 21:00:00,21,210,2,0
9479,Hanoi Center,Bike,2025-10-24,2025-10-24 16:00:00,16,128,5,0
9480,Da Nang City,Bike,2025-03-09,2025-03-11 20:00:00,68,408,3,1
9481,Hanoi Center,Bike,2025-10-26,2025-10-28 18:00:00,66,1320,4,0
9482,Hanoi Center,Car,2025-05-16,2025-05-17 08:00:00,32,320,3,0
9483,Da Nang City,Electric Scooter,2025-07-22,2025-07-22 02:00:00,2,18,2,0
9484,Da Nang City,Electric Scooter,2025-07-24,2025-07-25 00:00:00,24,264,1,1
9485,Hanoi Center,Car,2025-07-07,2025-07-08 08:00:00,32,416,4,1
9486,Da Nang City,Bike,2025-08-04,2025-08-06 16:00:00,64,1152,3,0
9487,HCM District 1,Car,2025-01-13,2025-01-14 05:00:00,29,406,3,0
9488,Hanoi Center,Bike,2025-09-20,2025-09-22 16:00:00,64,704,1,0
9489,HCM District 1,Bike,2025-06-04,2025-06-06 12:00:00,60,900,1,0
9490,Da Nang City,Bike,2025-06-21,2025-06-22 07:00:00,31,527,3,0
9491,Da Nang City,Bike,2025-05-27,2025-05-29 00:00:00,48,576,1,1
9492,Hanoi Center,Bike,2025-04-04,2025-04-06 18:00:00,66,396,2,0
9493,Da Nang City,Bike,2025-05-28,2025-05-30 04:00:00,52,468,2,0
9494,Da Nang City,Electric Scooter,2025-07-12,2025-07-12 15:00:00,15,180,2,1
9495,Da Nang City,Electric Scooter,2025-09-21,2025-09-22 08:00:00,32,192,5,1
9496,HCM District 1,Bike,2025-04-02,2025-04-03 05:00:00,29,319,3,0
9497,HCM District 1,Car,2025-08-15,2025-08-16 22:00:00,46,552,4,1
9498,HCM District 1,Electric Scooter,2025-07-10,2025-07-13 00:00:00,72,936,5,1
9499,HCM District 1,Car,2025-10-26,2025-10-27 10:00:00,34,340,2,1
9500,Da Nang City,Car,2025-04-15,2025-04-15 04:00:00,4,60,3,1
9501,HCM District 1,Bike,2025-08-12,2025-08-13 05:00:00,29,261,5,0
9502,HCM District 1,Electric Scooter,2025-05-26,2025-05-27 12:00:00,36,612,5,1
9503,Da Nang City,Electric Scooter,2025-01-09,2025-01-11 23:00:00,71,852,4,1
9504,HCM District 1,Electric Scooter,2025-06-17,2025-06-19 14:00:00,62,558,1,1
9505,Hanoi Center,Car,2025-06-13,2025-06-15 20:00:00,68,952,3,0
9506,Da Nang City,Car,2025-04-11,2025-04-13 09:00:00,57,513,2,1
9507,HCM District 1,Electric Scooter,2025-06-23,2025-06-23 21:00:00,21,105,5,1
9508,HCM District 1,Bike,2025-05-03,2025-05-05 03:00:00,51,663,4,0
9509,HCM District 1,Electric Scooter,2025-08-30,2025-09-01 10:00:00,58,522,1,0
9510,HCM District 1,Bike,2025-05-02,2025-05-04 20:00:00,68,340,5,1
9511,HCM District 1,Car,2025-04-08,2025-04-09 16:00:00,40,800,1,1
9512,Hanoi Center,Electric Scooter,2025-07-24,2025-07-25 23:00:00,47,329,1,0
9513,Hanoi Center,Car,2025-08-24,2025-08-25 23:00:00,47,329,1,0
9514,HCM District 1,Bike,2025-10-03,2025-10-03 17:00:00,17,255,3,1
9515,HCM District 1,Car,2025-02-18,2025-02-20 00:00:00,48,480,4,1
9516,Da Nang City,Electric Scooter,2025-06-10,2025-06-10 19:00:00,19,323,5,0
9517,HCM District 1,Electric Scooter,2025-07-20,2025-07-22 05:00:00,53,795,5,0
9518,Da Nang City,Electric Scooter,2025-05-01,2025-05-03 22:00:00,70,1120,2,0
9519,Hanoi Center,Bike,2025-05-28,2025-05-28 19:00:00,19,304,3,0
9520,Hanoi Center,Electric Scooter,2025-10-21,2025-10-21 22:00:00,22,198,3,1
9521,Da Nang City,Electric Scooter,2025-09-14,2025-09-16 23:00:00,71,355,5,1
9522,Da Nang City,Electric Scooter,2025-08-14,2025-08-15 05:00:00,29,348,2,0
9523,Hanoi Center,Car,2025-10-03,2025-10-03 19:00:00,19,114,4,0
9524,Hanoi Center,Electric Scooter,2025-01-11,2025-01-13 10:00:00,58,928,1,1
9525,Hanoi Center,Car,2025-05-01,2025-05-02 11:00:00,35,245,4,1
9526,Da Nang City,Electric Scooter,2025-04-19,2025-04-20 10:00:00,34,204,1,0
9527,Hanoi Center,Bike,2025-01-24,2025-01-24 15:00:00,15,225,4,0
9528,Da Nang City,Electric Scooter,2025-09-22,2025-09-24 22:00:00,70,910,3,0
9529,Hanoi Center,Car,2025-01-01,2025-01-01 10:00:00,10,120,5,1
9530,HCM District 1,Bike,2025-05-01,2025-05-03 11:00:00,59,885,5,1
9531,Da Nang City,Electric Scooter,2025-02-09,2025-02-09 02:00:00,2,24,4,0
9532,HCM District 1,Car,2025-07-18,2025-07-18 01:00:00,1,7,5,0
9533,Da Nang City,Bike,2025-07-12,2025-07-12 12:00:00,12,192,2,1
9534,HCM District 1,Electric Scooter,2025-08-06,2025-08-06 19:00:00,19,95,1,1
9535,Da Nang City,Electric Scooter,2025-08-24,2025-08-24 06:00:00,6,102,1,0
9536,HCM District 1,Bike,2025-05-28,2025-05-28 18:00:00,18,198,3,0
9537,HCM District 1,Bike,2025-04-12,2025-04-13 01:00:00,25,300,1,1
9538,Hanoi Center,Bike,2025-05-22,2025-05-22 18:00:00,18,324,1,1
9539,Hanoi Center,Electric Scooter,2025-07-09,2025-07-10 15:00:00,39,507,4,0
9540,Da Nang City,Electric Scooter,2025-09-16,2025-09-17 05:00:00,29,261,4,0
9541,Da Nang City,Bike,2025-05-11,2025-05-11 10:00:00,10,180,1,1
9542,HCM District 1,Bike,2025-03-05,2025-03-05 15:00:00,15,165,5,0
9543,HCM District 1,Car,2025-01-12,2025-01-13 01:00:00,25,200,2,1
9544,HCM District 1,Bike,2025-03-24,2025-03-25 09:00:00,33,198,4,0
9545,HCM District 1,Electric Scooter,2025-09-09,2025-09-09 07:00:00,7,126,2,0
9546,HCM District 1,Electric Scooter,2025-09-23,2025-09-24 11:00:00,35,210,1,1
9547,HCM District 1,Electric Scooter,2025-04-12,2025-04-14 06:00:00,54,594,4,1
9548,Hanoi Center,Car,2025-09-07,2025-09-08 22:00:00,46,690,4,0
9549,Hanoi Center,Bike,2025-04-21,2025-04-21 12:00:00,12,84,5,0
9550,HCM District 1,Bike,2025-10-15,2025-10-15 15:00:00,15,255,4,1
9551,HCM District 1,Car,2025-01-31,2025-02-01 15:00:00,39,546,2,1
9552,HCM District 1,Electric Scooter,2025-01-11,2025-01-13 07:00:00,55,275,4,1
9553,Da Nang City,Bike,2025-06-15,2025-06-16 03:00:00,27,270,5,1
9554,Da Nang City,Bike,2025-02-04,2025-02-06 09:00:00,57,627,2,0
9555,Da Nang City,Bike,2025-02-16,2025-02-18 12:00:00,60,300,1,1
9556,Hanoi Center,Car,2025-01-07,2025-01-07 09:00:00,9,117,4,0
9557,Da Nang City,Bike,2025-01-24,2025-01-25 10:00:00,34,476,1,0
9558,Hanoi Center,Bike,2025-06-03,2025-06-04 00:00:00,24,384,5,1
9559,HCM District 1,Car,2025-03-25,2025-03-25 21:00:00,21,168,1,0
9560,Hanoi Center,Electric Scooter,2025-01-17,2025-01-18 13:00:00,37,407,4,0
9561,Hanoi Center,Car,2025-05-08,2025-05-08 20:00:00,20,140,5,1
9562,Hanoi Center,Car,2025-01-03,2025-01-04 04:00:00,28,420,4,0
9563,Da Nang City,Bike,2025-09-19,2025-09-19 02:00:00,2,36,3,0
9564,Da Nang City,Bike,2025-09-18,2025-09-20 10:00:00,58,290,5,1
9565,Hanoi Center,Electric Scooter,2025-09-29,2025-09-30 08:00:00,32,352,3,0
9566,HCM District 1,Electric Scooter,2025-04-14,2025-04-16 17:00:00,65,1040,2,0
9567,HCM District 1,Car,2025-10-10,2025-10-12 05:00:00,53,424,1,0
9568,Hanoi Center,Electric Scooter,2025-02-10,2025-02-12 06:00:00,54,324,1,1
9569,Hanoi Center,Electric Scooter,2025-07-20,2025-07-22 21:00:00,69,552,5,0
9570,HCM District 1,Car,2025-03-21,2025-03-22 10:00:00,34,306,5,1
9571,Hanoi Center,Car,2025-06-20,2025-06-22 07:00:00,55,440,2,0
9572,Da Nang City,Car,2025-09-19,2025-09-19 08:00:00,8,144,4,1
9573,Da Nang City,Bike,2025-05-25,2025-05-25 17:00:00,17,85,2,1
9574,Hanoi Center,Bike,2025-03-20,2025-03-22 23:00:00,71,1065,3,0
9575,Da Nang City,Car,2025-06-17,2025-06-18 00:00:00,24,192,1,0
9576,HCM District 1,Bike,2025-10-18,2025-10-20 20:00:00,68,1156,2,0
9577,Hanoi Center,Bike,2025-02-23,2025-02-25 19:00:00,67,938,1,1
9578,HCM District 1,Bike,2025-08-01,2025-08-03 14:00:00,62,1054,2,0
9579,Da Nang City,Bike,2025-01-08,2025-01-08 05:00:00,5,40,5,1
9580,Da Nang City,Electric Scooter,2025-01-15,2025-01-16 07:00:00,31,620,3,0
9581,Hanoi Center,Electric Scooter,2025-05-13,2025-05-15 03:00:00,51,408,3,0
9582,Hanoi Center,Electric Scooter,2025-05-23,2025-05-25 19:00:00,67,1340,5,1
9583,Hanoi Center,Car,2025-07-10,2025-07-11 16:00:00,40,520,2,0
9584,Da Nang City,Car,2025-06-17,2025-06-18 09:00:00,33,462,3,0
9585,HCM District 1,Car,2025-05-09,2025-05-09 13:00:00,13,221,3,0
9586,Da Nang City,Electric Scooter,2025-01-06,2025-01-07 03:00:00,27,324,5,1
9587,Hanoi Center,Electric Scooter,2025-08-08,2025-08-10 10:00:00,58,928,5,0
9588,Hanoi Center,Bike,2025-04-26,2025-04-26 09:00:00,9,135,3,1
9589,HCM District 1,Car,2025-03-20,2025-03-22 07:00:00,55,330,1,0
9590,Da Nang City,Car,2025-05-30,2025-06-01 14:00:00,62,620,3,1
9591,HCM District 1,Bike,2025-07-18,2025-07-19 03:00:00,27,540,1,0
9592,Da Nang City,Bike,2025-09-03,2025-09-03 05:00:00,5,30,3,0
9593,HCM District 1,Bike,2025-07-25,2025-07-27 08:00:00,56,840,5,1
9594,Da Nang City,Electric Scooter,2025-09-30,2025-10-01 19:00:00,43,645,3,1
9595,Da Nang City,Car,2025-09-16,2025-09-18 01:00:00,49,784,2,0
9596,Hanoi Center,Car,2025-03-03,2025-03-03 23:00:00,23,345,1,0
9597,Hanoi Center,Car,2025-02-09,2025-02-11 04:00:00,52,312,2,1
9598,Hanoi Center,Electric Scooter,2025-05-10,2025-05-10 13:00:00,13,117,5,1
9599,HCM District 1,Bike,2025-07-20,2025-07-21 10:00:00,34,408,1,0
9600,HCM District 1,Car,2025-05-19,2025-05-20 15:00:00,39,429,2,1
9601,HCM District 1,Bike,2025-01-24,2025-01-27 00:00:00,72,504,2,0
9602,Hanoi Center,Electric Scooter,2025-01-04,2025-01-05 03:00:00,27,270,1,0
9603,Da Nang City,Car,2025-08-18,2025-08-19 21:00:00,45,720,5,0
9604,Da Nang City,Electric Scooter,2025-10-25,2025-10-26 22:00:00,46,736,3,0
9605,HCM District 1,Electric Scooter,2025-05-09,2025-05-09 07:00:00,7,91,4,1
9606,HCM District 1,Bike,2025-07-18,2025-07-18 03:00:00,3,27,1,0
9607,Hanoi Center,Electric Scooter,2025-05-23,2025-05-24 01:00:00,25,225,3,1
9608,HCM District 1,Car,2025-03-19,2025-03-20 11:00:00,35,350,1,1
9609,Hanoi Center,Car,2025-09-06,2025-09-07 07:00:00,31,217,4,0
9610,Da Nang City,Bike,2025-06-21,2025-06-22 06:00:00,30,360,3,0
9611,HCM District 1,Bike,2025-02-03,2025-02-03 17:00:00,17,136,4,1
9612,Da Nang City,Bike,2025-01-09,2025-01-09 16:00:00,16,112,2,1
9613,HCM District 1,Car,2025-09-25,2025-09-26 07:00:00,31,527,2,1
9614,Da Nang City,Electric Scooter,2025-05-31,2025-06-01 12:00:00,36,540,1,0
9615,HCM District 1,Car,2025-06-25,2025-06-27 18:00:00,66,1056,3,0
9616,HCM District 1,Electric Scooter,2025-07-18,2025-07-18 23:00:00,23,368,3,1
9617,HCM District 1,Bike,2025-10-02,2025-10-02 06:00:00,6,114,5,0
9618,Da Nang City,Bike,2025-06-04,2025-06-04 20:00:00,20,360,3,1
9619,Hanoi Center,Electric Scooter,2025-06-17,2025-06-19 11:00:00,59,354,2,1
9620,HCM District 1,Bike,2025-10-21,2025-10-21 08:00:00,8,72,3,0
9621,Da Nang City,Car,2025-10-08,2025-10-09 00:00:00,24,144,2,0
9622,Hanoi Center,Electric Scooter,2025-03-29,2025-03-31 18:00:00,66,1056,3,1
9623,Da Nang City,Electric Scooter,2025-07-29,2025-07-31 02:00:00,50,950,4,0
9624,Hanoi Center,Electric Scooter,2025-10-26,2025-10-28 04:00:00,52,936,1,0
9625,Da Nang City,Bike,2025-08-19,2025-08-21 18:00:00,66,330,4,0
9626,Da Nang City,Electric Scooter,2025-04-20,2025-04-20 07:00:00,7,77,2,0
9627,Da Nang City,Bike,2025-05-09,2025-05-09 20:00:00,20,240,3,1
9628,HCM District 1,Electric Scooter,2025-02-22,2025-02-22 19:00:00,19,304,2,0
9629,Da Nang City,Electric Scooter,2025-07-14,2025-07-16 16:00:00,64,448,5,0
9630,Hanoi Center,Bike,2025-02-19,2025-02-21 08:00:00,56,728,5,0
9631,HCM District 1,Electric Scooter,2025-05-17,2025-05-19 14:00:00,62,310,4,0
9632,HCM District 1,Car,2025-08-31,2025-09-02 23:00:00,71,639,3,1
9633,HCM District 1,Bike,2025-08-28,2025-08-28 06:00:00,6,114,1,1
9634,Da Nang City,Car,2025-07-10,2025-07-11 04:00:00,28,504,2,0
9635,Hanoi Center,Electric Scooter,2025-02-26,2025-02-28 16:00:00,64,512,4,0
9636,HCM District 1,Bike,2025-03-13,2025-03-13 19:00:00,19,247,2,0
9637,HCM District 1,Car,2025-03-18,2025-03-19 15:00:00,39,351,2,0
9638,HCM District 1,Bike,2025-05-23,2025-05-23 03:00:00,3,36,3,1
9639,HCM District 1,Car,2025-03-25,2025-03-26 05:00:00,29,261,4,1
9640,HCM District 1,Bike,2025-07-07,2025-07-08 22:00:00,46,460,1,1
9641,HCM District 1,Electric Scooter,2025-07-28,2025-07-30 04:00:00,52,416,1,1
9642,Da Nang City,Electric Scooter,2025-07-09,2025-07-10 14:00:00,38,608,3,1
9643,Hanoi Center,Bike,2025-04-17,2025-04-19 14:00:00,62,372,1,1
9644,Da Nang City,Bike,2025-07-12,2025-07-14 08:00:00,56,560,5,0
9645,Hanoi Center,Electric Scooter,2025-02-23,2025-02-23 18:00:00,18,306,1,0
9646,Hanoi Center,Car,2025-07-25,2025-07-27 01:00:00,49,931,3,1
9647,Da Nang City,Electric Scooter,2025-08-08,2025-08-10 08:00:00,56,840,5,0
9648,HCM District 1,Car,2025-05-06,2025-05-06 19:00:00,19,323,1,0
9649,Da Nang City,Car,2025-03-13,2025-03-13 20:00:00,20,200,5,1
9650,HCM District 1,Bike,2025-05-10,2025-05-11 17:00:00,41,533,3,0
9651,Hanoi Center,Car,2025-01-06,2025-01-07 02:00:00,26,468,1,1
9652,Hanoi Center,Electric Scooter,2025-09-02,2025-09-02 12:00:00,12,108,2,1
9653,HCM District 1,Bike,2025-05-08,2025-05-08 11:00:00,11,187,2,0
9654,Da Nang City,Bike,2025-06-07,2025-06-07 17:00:00,17,204,4,1
9655,Da Nang City,Electric Scooter,2025-02-27,2025-03-01 18:00:00,66,924,2,0
9656,Da Nang City,Electric Scooter,2025-03-30,2025-03-31 04:00:00,28,448,1,0
9657,Hanoi Center,Electric Scooter,2025-02-23,2025-02-24 14:00:00,38,304,5,1
9658,HCM District 1,Electric Scooter,2025-06-23,2025-06-25 17:00:00,65,845,3,0
9659,Hanoi Center,Electric Scooter,2025-02-22,2025-02-24 22:00:00,70,490,3,0
9660,Hanoi Center,Electric Scooter,2025-05-25,2025-05-27 00:00:00,48,720,5,1
9661,HCM District 1,Car,2025-04-07,2025-04-09 22:00:00,70,1120,2,0
9662,Da Nang City,Car,2025-04-28,2025-04-29 16:00:00,40,800,2,0
9663,HCM District 1,Car,2025-04-07,2025-04-07 18:00:00,18,108,5,0
9664,Hanoi Center,Car,2025-03-31,2025-04-01 22:00:00,46,690,2,0
9665,HCM District 1,Car,2025-02-25,2025-02-27 16:00:00,64,1088,4,0
9666,HCM District 1,Bike,2025-10-25,2025-10-27 06:00:00,54,324,5,1
9667,HCM District 1,Electric Scooter,2025-10-20,2025-10-22 11:00:00,59,354,3,0
9668,HCM District 1,Electric Scooter,2025-07-07,2025-07-07 20:00:00,20,140,2,1
9669,HCM District 1,Car,2025-10-08,2025-10-10 13:00:00,61,1220,5,1
9670,Da Nang City,Car,2025-08-31,2025-09-02 16:00:00,64,1280,2,1
9671,Hanoi Center,Electric Scooter,2025-08-11,2025-08-12 05:00:00,29,232,2,1
9672,Da Nang City,Car,2025-06-19,2025-06-21 14:00:00,62,620,1,1
9673,Da Nang City,Electric Scooter,2025-07-26,2025-07-26 22:00:00,22,242,5,0
9674,Hanoi Center,Electric Scooter,2025-08-04,2025-08-05 20:00:00,44,572,5,0
9675,Hanoi Center,Electric Scooter,2025-01-23,2025-01-23 09:00:00,9,180,4,0
9676,Da Nang City,Electric Scooter,2025-02-04,2025-02-05 10:00:00,34,170,1,1
9677,Hanoi Center,Bike,2025-03-13,2025-03-14 01:00:00,25,400,5,0
9678,Hanoi Center,Electric Scooter,2025-04-01,2025-04-03 13:00:00,61,1098,5,0
9679,Hanoi Center,Bike,2025-01-20,2025-01-22 08:00:00,56,448,2,1
9680,Da Nang City,Electric Scooter,2025-02-17,2025-02-17 18:00:00,18,162,5,1
9681,Da Nang City,Bike,2025-04-02,2025-04-04 16:00:00,64,640,4,1
9682,Hanoi Center,Bike,2025-08-26,2025-08-26 04:00:00,4,40,2,0
9683,Hanoi Center,Bike,2025-09-26,2025-09-28 15:00:00,63,756,3,1
9684,Hanoi Center,Electric Scooter,2025-01-26,2025-01-28 09:00:00,57,513,4,1
9685,Da Nang City,Electric Scooter,2025-06-17,2025-06-18 07:00:00,31,341,1,0
9686,Da Nang City,Bike,2025-05-02,2025-05-04 04:00:00,52,676,2,0
9687,HCM District 1,Bike,2025-05-19,2025-05-19 05:00:00,5,55,5,0
9688,Da Nang City,Electric Scooter,2025-04-05,2025-04-06 17:00:00,41,697,4,1
9689,Hanoi Center,Bike,2025-06-16,2025-06-16 18:00:00,18,108,4,1
9690,HCM District 1,Bike,2025-09-09,2025-09-11 07:00:00,55,935,2,1
9691,Hanoi Center,Car,2025-09-08,2025-09-08 19:00:00,19,247,5,0
9692,HCM District 1,Electric Scooter,2025-04-25,2025-04-27 15:00:00,63,1008,2,0
9693,HCM District 1,Car,2025-05-17,2025-05-18 11:00:00,35,175,3,0
9694,Hanoi Center,Car,2025-02-08,2025-02-10 08:00:00,56,896,3,1
9695,HCM District 1,Car,2025-05-06,2025-05-06 17:00:00,17,306,1,0
9696,Hanoi Center,Bike,2025-09-03,2025-09-05 02:00:00,50,850,1,1
9697,HCM District 1,Electric Scooter,2025-07-22,2025-07-24 05:00:00,53,477,4,1
9698,Hanoi Center,Electric Scooter,2025-04-03,2025-04-04 20:00:00,44,880,5,0
9699,Hanoi Center,Bike,2025-06-24,2025-06-26 19:00:00,67,804,4,1
9700,Hanoi Center,Electric Scooter,2025-09-17,2025-09-17 15:00:00,15,210,2,0
9701,HCM District 1,Car,2025-03-30,2025-03-31 21:00:00,45,585,4,1
9702,Da Nang City,Car,2025-07-27,2025-07-28 18:00:00,42,504,3,0
9703,Da Nang City,Car,2025-08-05,2025-08-06 07:00:00,31,620,2,0
9704,Da Nang City,Electric Scooter,2025-02-21,2025-02-23 06:00:00,54,594,3,1
9705,Hanoi Center,Electric Scooter,2025-07-23,2025-07-23 17:00:00,17,272,3,0
9706,Da Nang City,Electric Scooter,2025-04-12,2025-04-14 05:00:00,53,954,2,1
9707,Da Nang City,Bike,2025-07-22,2025-07-23 15:00:00,39,624,4,1
9708,Da Nang City,Car,2025-07-02,2025-07-02 18:00:00,18,306,2,1
9709,HCM District 1,Bike,2025-10-07,2025-10-07 16:00:00,16,256,5,1
9710,HCM District 1,Bike,2025-03-20,2025-03-22 18:00:00,66,396,4,0
9711,HCM District 1,Electric Scooter,2025-06-10,2025-06-12 07:00:00,55,715,5,1
9712,HCM District 1,Bike,2025-08-29,2025-08-31 03:00:00,51,510,2,1
9713,Hanoi Center,Car,2025-01-04,2025-01-06 23:00:00,71,1349,4,0
9714,HCM District 1,Electric Scooter,2025-04-17,2025-04-19 10:00:00,58,986,2,0
9715,Hanoi Center,Bike,2025-03-18,2025-03-20 00:00:00,48,432,1,1
9716,HCM District 1,Electric Scooter,2025-07-31,2025-07-31 13:00:00,13,91,4,1
9717,Da Nang City,Car,2025-04-22,2025-04-22 03:00:00,3,45,2,1
9718,HCM District 1,Bike,2025-07-19,2025-07-19 23:00:00,23,460,5,0
9719,Hanoi Center,Car,2025-10-09,2025-10-10 19:00:00,43,516,4,1
9720,Hanoi Center,Electric Scooter,2025-04-02,2025-04-04 00:00:00,48,288,5,0
9721,HCM District 1,Car,2025-05-18,2025-05-20 12:00:00,60,540,2,0
9722,Hanoi Center,Bike,2025-01-24,2025-01-26 01:00:00,49,343,1,0
9723,HCM District 1,Electric Scooter,2025-05-25,2025-05-27 13:00:00,61,549,5,1
9724,Da Nang City,Car,2025-09-27,2025-09-28 12:00:00,36,252,3,1
9725,HCM District 1,Car,2025-05-11,2025-05-12 20:00:00,44,704,1,1
9726,Da Nang City,Car,2025-10-12,2025-10-13 02:00:00,26,312,4,1
9727,HCM District 1,Electric Scooter,2025-05-16,2025-05-17 03:00:00,27,297,3,0
9728,Da Nang City,Car,2025-09-25,2025-09-26 12:00:00,36,540,2,0
9729,HCM District 1,Bike,2025-03-30,2025-03-31 01:00:00,25,400,1,0
9730,Hanoi Center,Car,2025-07-31,2025-08-01 09:00:00,33,660,2,1
9731,Da Nang City,Car,2025-09-06,2025-09-08 23:00:00,71,781,1,1
9732,HCM District 1,Bike,2025-03-29,2025-03-29 06:00:00,6,96,3,1
9733,HCM District 1,Car,2025-06-11,2025-06-13 09:00:00,57,342,5,1
9734,HCM District 1,Electric Scooter,2025-01-07,2025-01-09 23:00:00,71,710,2,0
9735,Da Nang City,Bike,2025-05-26,2025-05-26 13:00:00,13,91,5,0
9736,HCM District 1,Electric Scooter,2025-05-30,2025-05-30 01:00:00,1,20,1,0
9737,Da Nang City,Electric Scooter,2025-01-30,2025-02-01 12:00:00,60,600,1,1
9738,HCM District 1,Electric Scooter,2025-08-23,2025-08-23 16:00:00,16,112,1,1
9739,Hanoi Center,Bike,2025-06-30,2025-06-30 07:00:00,7,35,4,1
9740,Hanoi Center,Car,2025-03-20,2025-03-21 08:00:00,32,576,1,0
9741,HCM District 1,Car,2025-09-16,2025-09-18 21:00:00,69,621,1,1
9742,Da Nang City,Electric Scooter,2025-03-25,2025-03-27 00:00:00,48,576,2,0
9743,Da Nang City,Car,2025-02-01,2025-02-02 18:00:00,42,462,2,1
9744,Da Nang City,Bike,2025-01-10,2025-01-12 15:00:00,63,315,1,0
9745,Da Nang City,Bike,2025-09-26,2025-09-28 20:00:00,68,1020,5,1
9746,Hanoi Center,Bike,2025-07-18,2025-07-19 08:00:00,32,640,1,0
9747,Da Nang City,Car,2025-09-12,2025-09-13 22:00:00,46,276,5,0
9748,Da Nang City,Bike,2025-08-28,2025-08-29 04:00:00,28,420,2,1
9749,HCM District 1,Bike,2025-10-19,2025-10-20 17:00:00,41,533,1,1
9750,Da Nang City,Electric Scooter,2025-07-07,2025-07-07 21:00:00,21,126,5,1
9751,Hanoi Center,Bike,2025-09-15,2025-09-16 05:00:00,29,551,1,1
9752,Hanoi Center,Car,2025-01-28,2025-01-30 00:00:00,48,288,4,1
9753,Da Nang City,Car,2025-08-24,2025-08-25 11:00:00,35,560,5,1
9754,HCM District 1,Car,2025-07-08,2025-07-10 13:00:00,61,976,4,0
9755,HCM District 1,Electric Scooter,2025-06-10,2025-06-12 02:00:00,50,350,2,1
9756,Hanoi Center,Car,2025-08-26,2025-08-28 11:00:00,59,826,3,0
9757,Da Nang City,Car,2025-05-05,2025-05-07 08:00:00,56,560,5,0
9758,HCM District 1,Electric Scooter,2025-06-01,2025-06-03 15:00:00,63,630,3,1
9759,Hanoi Center,Electric Scooter,2025-04-08,2025-04-08 20:00:00,20,220,5,0
9760,HCM District 1,Car,2025-06-06,2025-06-08 08:00:00,56,952,3,1
9761,Hanoi Center,Car,2025-06-30,2025-06-30 11:00:00,11,55,3,1
9762,Hanoi Center,Car,2025-01-09,2025-01-11 19:00:00,67,1072,3,1
9763,HCM District 1,Bike,2025-06-16,2025-06-17 20:00:00,44,352,1,0
9764,Hanoi Center,Bike,2025-08-10,2025-08-12 23:00:00,71,426,5,1
9765,Da Nang City,Bike,2025-05-05,2025-05-07 08:00:00,56,952,3,1
9766,HCM District 1,Bike,2025-05-19,2025-05-20 21:00:00,45,360,1,0
9767,HCM District 1,Car,2025-04-06,2025-04-07 15:00:00,39,312,5,1
9768,Hanoi Center,Electric Scooter,2025-05-14,2025-05-16 18:00:00,66,660,4,1
9769,Da Nang City,Car,2025-05-11,2025-05-13 20:00:00,68,340,3,1
9770,Hanoi Center,Car,2025-10-26,2025-10-27 18:00:00,42,588,1,1
9771,Da Nang City,Car,2025-07-20,2025-07-20 14:00:00,14,196,1,0
9772,Da Nang City,Bike,2025-03-21,2025-03-22 12:00:00,36,360,3,0
9773,Da Nang City,Electric Scooter,2025-08-14,2025-08-15 13:00:00,37,333,3,0
9774,Da Nang City,Electric Scooter,2025-01-27,2025-01-29 17:00:00,65,1235,4,1
9775,HCM District 1,Electric Scooter,2025-03-25,2025-03-26 11:00:00,35,385,5,0
9776,Hanoi Center,Car,2025-01-23,2025-01-25 18:00:00,66,330,5,1
9777,Hanoi Center,Bike,2025-06-26,2025-06-28 06:00:00,54,810,5,1
9778,Da Nang City,Electric Scooter,2025-02-15,2025-02-15 22:00:00,22,396,3,0
9779,Da Nang City,Car,2025-08-02,2025-08-02 08:00:00,8,128,5,0
9780,Da Nang City,Car,2025-07-18,2025-07-20 19:00:00,67,469,1,1
9781,Da Nang City,Car,2025-02-20,2025-02-20 21:00:00,21,147,3,1
9782,Da Nang City,Electric Scooter,2025-08-29,2025-08-30 13:00:00,37,555,3,0
9783,HCM District 1,Bike,2025-03-30,2025-04-01 20:00:00,68,612,4,1
9784,Da Nang City,Electric Scooter,2025-09-01,2025-09-02 22:00:00,46,414,5,0
9785,HCM District 1,Bike,2025-07-10,2025-07-12 13:00:00,61,549,4,0
9786,Hanoi Center,Car,2025-09-02,2025-09-04 18:00:00,66,1188,2,0
9787,Da Nang City,Bike,2025-04-18,2025-04-20 02:00:00,50,600,2,0
9788,Da Nang City,Car,2025-05-11,2025-05-12 16:00:00,40,480,2,1
9789,Da Nang City,Bike,2025-02-04,2025-02-04 14:00:00,14,168,4,0
9790,Hanoi Center,Car,2025-03-10,2025-03-10 08:00:00,8,104,5,0
9791,Da Nang City,Electric Scooter,2025-08-02,2025-08-02 05:00:00,5,50,1,0
9792,Hanoi Center,Bike,2025-07-10,2025-07-11 23:00:00,47,282,5,0
9793,Hanoi Center,Car,2025-09-16,2025-09-18 20:00:00,68,1088,4,0
9794,HCM District 1,Electric Scooter,2025-07-02,2025-07-03 01:00:00,25,225,3,0
9795,Da Nang City,Car,2025-02-06,2025-02-07 18:00:00,42,588,1,0
9796,Hanoi Center,Car,2025-10-25,2025-10-27 03:00:00,51,918,5,0
9797,Hanoi Center,Bike,2025-02-25,2025-02-28 00:00:00,72,576,5,1
9798,HCM District 1,Bike,2025-04-17,2025-04-19 05:00:00,53,901,4,0
9799,Da Nang City,Electric Scooter,2025-03-13,2025-03-14 01:00:00,25,400,3,0
9800,Da Nang City,Car,2025-09-09,2025-09-10 13:00:00,37,703,5,0
9801,HCM District 1,Electric Scooter,2025-01-04,2025-01-04 21:00:00,21,399,5,1
9802,HCM District 1,Car,2025-10-28,2025-10-30 12:00:00,60,1200,2,0
9803,Hanoi Center,Car,2025-06-19,2025-06-21 08:00:00,56,1120,2,1
9804,Hanoi Center,Car,2025-06-27,2025-06-28 09:00:00,33,528,3,1
9805,Hanoi Center,Bike,2025-08-26,2025-08-26 05:00:00,5,70,2,0
9806,HCM District 1,Electric Scooter,2025-02-08,2025-02-08 15:00:00,15,165,2,0
9807,Da Nang City,Bike,2025-05-31,2025-05-31 09:00:00,9,135,5,1
9808,Hanoi Center,Electric Scooter,2025-03-08,2025-03-08 21:00:00,21,315,2,1
9809,HCM District 1,Bike,2025-10-28,2025-10-29 12:00:00,36,540,3,1
9810,Hanoi Center,Bike,2025-01-12,2025-01-12 12:00:00,12,132,1,0
9811,Da Nang City,Bike,2025-06-01,2025-06-02 09:00:00,33,198,5,1
9812,HCM District 1,Bike,2025-02-20,2025-02-22 08:00:00,56,616,3,1
9813,Hanoi Center,Bike,2025-07-26,2025-07-28 08:00:00,56,560,1,0
9814,Da Nang City,Car,2025-09-14,2025-09-15 12:00:00,36,504,1,0
9815,HCM District 1,Electric Scooter,2025-06-19,2025-06-21 20:00:00,68,1360,3,0
9816,Da Nang City,Bike,2025-06-21,2025-06-22 08:00:00,32,512,5,1
9817,HCM District 1,Electric Scooter,2025-05-31,2025-06-01 19:00:00,43,774,4,1
9818,HCM District 1,Car,2025-07-03,2025-07-03 02:00:00,2,38,1,1
9819,Da Nang City,Electric Scooter,2025-07-11,2025-07-11 15:00:00,15,195,1,1
9820,HCM District 1,Electric Scooter,2025-10-07,2025-10-07 16:00:00,16,176,3,0
9821,HCM District 1,Electric Scooter,2025-03-27,2025-03-28 17:00:00,41,615,1,1
9822,Da Nang City,Car,2025-03-07,2025-03-09 07:00:00,55,1100,1,1
9823,Hanoi Center,Electric Scooter,2025-09-22,2025-09-22 14:00:00,14,182,4,1
9824,HCM District 1,Car,2025-07-02,2025-07-04 09:00:00,57,741,3,1
9825,HCM District 1,Electric Scooter,2025-09-06,2025-09-06 20:00:00,20,260,3,1
9826,Hanoi Center,Bike,2025-02-19,2025-02-19 06:00:00,6,66,1,0
9827,Da Nang City,Car,2025-01-01,2025-01-03 15:00:00,63,945,1,0
9828,Hanoi Center,Bike,2025-02-20,2025-02-22 02:00:00,50,400,3,0
9829,Da Nang City,Car,2025-04-23,2025-04-25 04:00:00,52,260,3,0
9830,Da Nang City,Bike,2025-08-11,2025-08-13 08:00:00,56,504,1,0
9831,HCM District 1,Bike,2025-07-17,2025-07-19 15:00:00,63,945,2,1
9832,Hanoi Center,Bike,2025-10-22,2025-10-22 19:00:00,19,380,2,0
9833,Da Nang City,Bike,2025-07-13,2025-07-14 08:00:00,32,352,2,1
9834,HCM District 1,Car,2025-01-20,2025-01-22 18:00:00,66,1122,3,1
9835,Hanoi Center,Electric Scooter,2025-03-21,2025-03-22 07:00:00,31,403,5,1
9836,HCM District 1,Bike,2025-06-24,2025-06-25 11:00:00,35,490,4,0
9837,HCM District 1,Bike,2025-10-19,2025-10-21 04:00:00,52,780,1,0
9838,HCM District 1,Bike,2025-06-16,2025-06-17 23:00:00,47,517,1,1
9839,HCM District 1,Electric Scooter,2025-09-29,2025-10-01 21:00:00,69,1173,2,1
9840,Da Nang City,Car,2025-04-28,2025-04-29 02:00:00,26,468,4,1
9841,Da Nang City,Car,2025-02-10,2025-02-10 15:00:00,15,300,4,1
9842,Da Nang City,Car,2025-03-02,2025-03-02 14:00:00,14,168,4,1
9843,Hanoi Center,Bike,2025-05-02,2025-05-04 09:00:00,57,456,4,1
9844,Hanoi Center,Car,2025-08-11,2025-08-13 22:00:00,70,910,3,0
9845,Hanoi Center,Car,2025-10-07,2025-10-07 14:00:00,14,266,1,1
9846,Da Nang City,Electric Scooter,2025-04-26,2025-04-26 19:00:00,19,304,5,1
9847,Da Nang City,Electric Scooter,2025-08-08,2025-08-10 20:00:00,68,544,3,0
9848,HCM District 1,Bike,2025-09-02,2025-09-03 04:00:00,28,252,5,0
9849,Da Nang City,Bike,2025-05-28,2025-05-29 08:00:00,32,352,2,0
9850,Hanoi Center,Car,2025-07-04,2025-07-06 00:00:00,48,576,1,0
9851,HCM District 1,Car,2025-03-15,2025-03-15 21:00:00,21,105,2,0
9852,Hanoi Center,Electric Scooter,2025-06-11,2025-06-13 18:00:00,66,1320,5,0
9853,Hanoi Center,Bike,2025-08-24,2025-08-26 17:00:00,65,1040,5,0
9854,Da Nang City,Car,2025-01-14,2025-01-16 02:00:00,50,700,5,1
9855,Da Nang City,Bike,2025-09-08,2025-09-09 17:00:00,41,451,3,1
9856,HCM District 1,Electric Scooter,2025-09-06,2025-09-08 04:00:00,52,416,2,1
9857,Da Nang City,Car,2025-08-29,2025-08-30 05:00:00,29,174,3,1
9858,HCM District 1,Electric Scooter,2025-06-16,2025-06-17 16:00:00,40,400,5,1
9859,HCM District 1,Electric Scooter,2025-06-10,2025-06-10 13:00:00,13,260,2,0
9860,Da Nang City,Car,2025-02-13,2025-02-15 15:00:00,63,819,2,0
9861,Hanoi Center,Bike,2025-07-29,2025-07-30 04:00:00,28,476,2,0
9862,HCM District 1,Electric Scooter,2025-10-16,2025-10-16 13:00:00,13,208,1,0
9863,HCM District 1,Car,2025-01-30,2025-02-01 22:00:00,70,770,3,1
9864,Hanoi Center,Bike,2025-08-06,2025-08-07 04:00:00,28,532,1,0
9865,Hanoi Center,Bike,2025-04-01,2025-04-01 05:00:00,5,80,4,1
9866,Da Nang City,Car,2025-02-23,2025-02-23 05:00:00,5,45,5,1
9867,HCM District 1,Bike,2025-05-14,2025-05-14 16:00:00,16,272,1,1
9868,HCM District 1,Car,2025-03-01,2025-03-03 07:00:00,55,1100,5,0
9869,Da Nang City,Electric Scooter,2025-04-16,2025-04-18 10:00:00,58,696,2,0
9870,Hanoi Center,Electric Scooter,2025-03-21,2025-03-22 01:00:00,25,450,5,1
9871,HCM District 1,Car,2025-08-01,2025-08-03 04:00:00,52,676,4,0
9872,Da Nang City,Car,2025-10-24,2025-10-24 11:00:00,11,110,4,1
9873,Hanoi Center,Electric Scooter,2025-06-17,2025-06-17 16:00:00,16,256,4,1
9874,Hanoi Center,Electric Scooter,2025-02-17,2025-02-19 16:00:00,64,384,4,0
9875,Da Nang City,Electric Scooter,2025-10-23,2025-10-25 19:00:00,67,335,4,1
9876,HCM District 1,Electric Scooter,2025-08-01,2025-08-02 22:00:00,46,368,2,0
9877,Hanoi Center,Car,2025-05-12,2025-05-12 05:00:00,5,25,3,1
9878,HCM District 1,Car,2025-07-11,2025-07-12 07:00:00,31,434,2,0
9879,Da Nang City,Electric Scooter,2025-08-16,2025-08-18 13:00:00,61,1159,5,1
9880,Da Nang City,Car,2025-06-03,2025-06-03 17:00:00,17,289,4,1
9881,Hanoi Center,Electric Scooter,2025-06-25,2025-06-25 22:00:00,22,176,4,0
9882,HCM District 1,Electric Scooter,2025-06-28,2025-06-28 17:00:00,17,136,2,0
9883,Da Nang City,Car,2025-06-14,2025-06-16 23:00:00,71,781,2,1
9884,Da Nang City,Bike,2025-05-12,2025-05-14 16:00:00,64,896,4,0
9885,HCM District 1,Car,2025-04-13,2025-04-13 06:00:00,6,102,3,1
9886,Da Nang City,Electric Scooter,2025-08-12,2025-08-12 03:00:00,3,45,3,1
9887,Da Nang City,Bike,2025-06-20,2025-06-21 04:00:00,28,336,4,1
9888,HCM District 1,Electric Scooter,2025-08-20,2025-08-22 01:00:00,49,735,2,1
9889,Hanoi Center,Bike,2025-10-02,2025-10-02 12:00:00,12,192,1,1
9890,HCM District 1,Electric Scooter,2025-03-10,2025-03-10 15:00:00,15,195,5,0
9891,Hanoi Center,Electric Scooter,2025-06-08,2025-06-10 13:00:00,61,366,4,1
9892,HCM District 1,Electric Scooter,2025-01-31,2025-02-01 01:00:00,25,475,3,0
9893,Da Nang City,Bike,2025-03-06,2025-03-06 20:00:00,20,380,5,1
9894,Hanoi Center,Electric Scooter,2025-09-13,2025-09-15 21:00:00,69,1242,5,0
9895,HCM District 1,Bike,2025-04-17,2025-04-18 04:00:00,28,560,1,0
9896,HCM District 1,Electric Scooter,2025-03-31,2025-04-02 08:00:00,56,952,5,0
9897,Da Nang City,Bike,2025-07-31,2025-08-01 21:00:00,45,270,1,1
9898,HCM District 1,Bike,2025-08-06,2025-08-07 11:00:00,35,525,4,0
9899,HCM District 1,Bike,2025-05-08,2025-05-08 20:00:00,20,400,2,0
9900,Da Nang City,Car,2025-07-10,2025-07-12 02:00:00,50,650,1,0
9901,Da Nang City,Car,2025-01-03,2025-01-05 13:00:00,61,1098,5,0
9902,Da Nang City,Bike,2025-05-27,2025-05-27 20:00:00,20,280,4,1
9903,Hanoi Center,Electric Scooter,2025-08-28,2025-08-29 14:00:00,38,570,5,1
9904,HCM District 1,Electric Scooter,2025-08-13,2025-08-15 09:00:00,57,969,2,0
9905,Da Nang City,Bike,2025-07-03,2025-07-06 00:00:00,72,1008,1,0
9906,HCM District 1,Bike,2025-01-05,2025-01-07 08:00:00,56,1064,1,1
9907,HCM District 1,Bike,2025-04-02,2025-04-02 10:00:00,10,90,1,0
9908,Hanoi Center,Bike,2025-10-17,2025-10-19 09:00:00,57,912,4,0
9909,HCM District 1,Bike,2025-10-23,2025-10-24 01:00:00,25,475,2,0
9910,HCM District 1,Bike,2025-05-14,2025-05-16 01:00:00,49,588,5,1
9911,Hanoi Center,Car,2025-07-17,2025-07-17 07:00:00,7,35,2,1
9912,Hanoi Center,Car,2025-04-04,2025-04-06 03:00:00,51,459,5,1
9913,Hanoi Center,Electric Scooter,2025-03-28,2025-03-30 01:00:00,49,637,3,1
9914,HCM District 1,Electric Scooter,2025-01-07,2025-01-07 21:00:00,21,399,3,0
9915,Hanoi Center,Car,2025-10-17,2025-10-19 03:00:00,51,306,5,1
9916,HCM District 1,Bike,2025-06-05,2025-06-07 15:00:00,63,630,5,0
9917,Hanoi Center,Bike,2025-09-24,2025-09-24 05:00:00,5,25,5,1
9918,HCM District 1,Car,2025-07-08,2025-07-09 06:00:00,30,510,4,1
9919,HCM District 1,Bike,2025-05-16,2025-05-18 15:00:00,63,1008,1,0
9920,Da Nang City,Car,2025-03-19,2025-03-20 19:00:00,43,301,4,0
9921,HCM District 1,Car,2025-02-07,2025-02-08 12:00:00,36,216,4,0
9922,HCM District 1,Electric Scooter,2025-07-02,2025-07-04 06:00:00,54,702,4,1
9923,Da Nang City,Electric Scooter,2025-02-27,2025-03-01 06:00:00,54,486,2,0
9924,HCM District 1,Bike,2025-05-04,2025-05-04 14:00:00,14,168,5,0
9925,Da Nang City,Car,2025-10-17,2025-10-19 12:00:00,60,420,5,0
9926,Hanoi Center,Car,2025-05-03,2025-05-05 00:00:00,48,768,4,0
9927,HCM District 1,Car,2025-10-21,2025-10-21 17:00:00,17,238,4,0
9928,HCM District 1,Car,2025-08-31,2025-09-02 09:00:00,57,969,4,0
9929,HCM District 1,Electric Scooter,2025-09-02,2025-09-02 02:00:00,2,20,2,0
9930,Hanoi Center,Electric Scooter,2025-07-09,2025-07-09 22:00:00,22,176,3,1
9931,HCM District 1,Electric Scooter,2025-01-31,2025-02-02 19:00:00,67,1340,4,0
9932,Hanoi Center,Bike,2025-06-07,2025-06-08 12:00:00,36,576,5,1
9933,HCM District 1,Electric Scooter,2025-09-17,2025-09-19 18:00:00,66,858,1,0
9934,Da Nang City,Bike,2025-09-14,2025-09-16 00:00:00,48,480,5,0
9935,HCM District 1,Electric Scooter,2025-07-24,2025-07-25 23:00:00,47,799,3,1
9936,Da Nang City,Bike,2025-08-21,2025-08-22 23:00:00,47,846,4,1
9937,HCM District 1,Bike,2025-01-30,2025-01-30 19:00:00,19,380,4,1
9938,HCM District 1,Bike,2025-07-08,2025-07-09 10:00:00,34,578,1,1
9939,Da Nang City,Electric Scooter,2025-09-28,2025-09-29 05:00:00,29,348,2,0
9940,Da Nang City,Electric Scooter,2025-06-25,2025-06-25 07:00:00,7,70,2,0
9941,Hanoi Center,Car,2025-06-24,2025-06-25 09:00:00,33,396,1,0
9942,Da Nang City,Car,2025-02-14,2025-02-16 00:00:00,48,864,3,1
9943,Da Nang City,Bike,2025-06-01,2025-06-01 14:00:00,14,70,3,1
9944,Da Nang City,Electric Scooter,2025-05-23,2025-05-24 15:00:00,39,702,5,0
9945,Da Nang City,Bike,2025-03-02,2025-03-04 16:00:00,64,448,2,1
9946,Hanoi Center,Electric Scooter,2025-04-10,2025-04-11 21:00:00,45,225,4,0
9947,Hanoi Center,Electric Scooter,2025-05-21,2025-05-22 10:00:00,34,476,2,0
9948,Hanoi Center,Electric Scooter,2025-04-05,2025-04-06 19:00:00,43,344,3,0
9949,Da Nang City,Electric Scooter,2025-01-11,2025-01-11 12:00:00,12,240,2,1
9950,HCM District 1,Bike,2025-03-27,2025-03-29 18:00:00,66,792,2,1
9951,Da Nang City,Car,2025-02-15,2025-02-17 09:00:00,57,1083,4,0
9952,HCM District 1,Electric Scooter,2025-02-02,2025-02-03 23:00:00,47,329,3,0
9953,Hanoi Center,Electric Scooter,2025-08-07,2025-08-07 16:00:00,16,112,2,0
9954,HCM District 1,Car,2025-02-09,2025-02-10 10:00:00,34,510,1,1
9955,Da Nang City,Electric Scooter,2025-04-03,2025-04-03 03:00:00,3,33,2,0
9956,Da Nang City,Bike,2025-04-20,2025-04-22 09:00:00,57,627,3,0
9957,HCM District 1,Car,2025-06-29,2025-06-29 03:00:00,3,36,5,1
9958,Hanoi Center,Electric Scooter,2025-02-02,2025-02-02 19:00:00,19,361,1,0
9959,Da Nang City,Electric Scooter,2025-02-01,2025-02-03 21:00:00,69,1035,4,1
9960,Da Nang City,Bike,2025-01-22,2025-01-23 15:00:00,39,390,5,1
9961,HCM District 1,Electric Scooter,2025-09-16,2025-09-16 13:00:00,13,169,3,1
9962,Hanoi Center,Bike,2025-02-08,2025-02-09 03:00:00,27,243,3,1
9963,Da Nang City,Car,2025-05-18,2025-05-18 04:00:00,4,28,3,0
9964,Hanoi Center,Electric Scooter,2025-06-01,2025-06-01 01:00:00,1,19,1,0
9965,Hanoi Center,Bike,2025-06-16,2025-06-17 01:00:00,25,250,5,1
9966,HCM District 1,Car,2025-06-20,2025-06-20 06:00:00,6,108,1,0
9967,HCM District 1,Car,2025-08-01,2025-08-03 18:00:00,66,792,4,0
9968,Da Nang City,Electric Scooter,2025-01-10,2025-01-11 22:00:00,46,230,4,0
9969,HCM District 1,Bike,2025-06-17,2025-06-17 14:00:00,14,252,5,0
9970,Da Nang City,Car,2025-06-09,2025-06-11 11:00:00,59,1180,1,1
9971,HCM District 1,Bike,2025-09-17,2025-09-19 13:00:00,61,1159,1,1
9972,Hanoi Center,Electric Scooter,2025-05-24,2025-05-25 09:00:00,33,429,3,1
9973,Da Nang City,Electric Scooter,2025-08-19,2025-08-20 22:00:00,46,690,1,0
9974,HCM District 1,Car,2025-04-30,2025-05-01 20:00:00,44,528,2,1
9975,HCM District 1,Car,2025-09-06,2025-09-07 09:00:00,33,264,1,0
9976,Da Nang City,Electric Scooter,2025-01-06,2025-01-06 03:00:00,3,18,3,1
9977,Hanoi Center,Bike,2025-04-14,2025-04-15 17:00:00,41,779,5,1
9978,Da Nang City,Car,2025-01-23,2025-01-24 21:00:00,45,765,4,1
9979,Hanoi Center,Bike,2025-02-24,2025-02-24 05:00:00,5,75,2,0
9980,HCM District 1,Electric Scooter,2025-05-15,2025-05-16 21:00:00,45,675,5,0
9981,Hanoi Center,Electric Scooter,2025-04-06,2025-04-07 08:00:00,32,352,4,1
9982,Da Nang City,Car,2025-06-22,2025-06-22 18:00:00,18,180,5,1
9983,Hanoi Center,Bike,2025-04-14,2025-04-16 16:00:00,64,576,3,0
9984,Hanoi Center,Car,2025-05-23,2025-05-23 21:00:00,21,336,1,0
9985,Hanoi Center,Car,2025-04-29,2025-04-30 11:00:00,35,455,2,1
9986,HCM District 1,Electric Scooter,2025-06-13,2025-06-14 07:00:00,31,465,5,0
9987,Hanoi Center,Car,2025-09-16,2025-09-17 14:00:00,38,380,4,0
9988,Hanoi Center,Car,2025-10-01,2025-10-01 02:00:00,2,30,2,0
9989,Hanoi Center,Bike,2025-05-30,2025-05-30 08:00:00,8,128,5,0
9990,Da Nang City,Car,2025-03-23,2025-03-25 21:00:00,69,966,2,0
9991,Da Nang City,Car,2025-02-23,2025-02-24 00:00:00,24,144,3,1
9992,Hanoi Center,Electric Scooter,2025-05-29,2025-05-29 10:00:00,10,120,5,0
9993,Da Nang City,Car,2025-01-12,2025-01-13 05:00:00,29,348,1,0
9994,Da Nang City,Bike,2025-09-25,2025-09-26 17:00:00,41,451,5,0
9995,Da Nang City,Electric Scooter,2025-06-10,2025-06-12 13:00:00,61,915,2,0
9996,Hanoi Center,Electric Scooter,2025-05-08,2025-05-08 19:00:00,19,95,2,1
9997,HCM District 1,Electric Scooter,2025-03-13,2025-03-14 10:00:00,34,646,3,0
9998,Da Nang City,Electric Scooter,2025-08-04,2025-08-06 15:00:00,63,315,5,0
9999,Hanoi Center,Electric Scooter,2025-05-31,2025-06-03 00:00:00,72,1152,2,1
10000,Hanoi Center,Car,2025-04-14,2025-04-15 14:00:00,38,190,1,1
